,Static - Unconstrained,Static - Beta-neutral,Kalman (RW) - Unconstrained,Kalman (RW) - Beta-neutral,Kalman (MR) - Unconstrained,Kalman (MR) - Beta-neutral,LASSO - Unconstrained,Benchmark (EW) - Unconstrained,LASSO - Beta-neutral,Benchmark (EW) - Beta-neutral
2000-03-31,-0.1475884940156029,-0.14512826837179282,-0.019473896622468623,0.001734786986687796,-0.14677752551140974,-0.1545250510494894,-0.11632984818548517,-0.018379921161800015,-0.15794324134523402,-0.029671178019749996
2000-06-30,0.06312791448852736,0.06572136441603017,-0.008950529300501803,0.0017480878792352772,0.04645913870637117,0.08184058824726939,0.0355122055440184,0.007372568385599941,0.08508944449399103,0.02489276247699995
2000-09-30,0.17040666227800655,0.1481641744214286,0.17375135876794295,0.16142966305665754,0.17617808818953307,0.1616467097940828,0.15873311640647025,0.053259309241999966,0.1536614713029607,0.06983008576849993
2000-12-31,0.32156964493265283,0.30408409300464107,0.3808932959676748,0.45431688053654545,0.3763655712498453,0.48340715024792313,0.31462968392875307,0.11909162483800001,0.4310764794775981,0.17925976597749999
2001-03-31,-0.05562289639366043,-0.030518431451692668,0.06541207656472929,0.1402812304706989,0.009367154539775914,0.15821967684198898,0.01695965345326804,0.04892766554619998,0.15323930448510575,0.09576156146399997
2001-06-30,0.019290963727872316,0.03901935849539437,0.01580016136362642,0.025484032051402112,0.018097083427688725,0.03456110257018663,0.0021437104451392103,0.018173663441000024,0.00320129937146333,0.006302787913250052
2001-09-30,-0.05637586690373676,-0.19539212903342856,0.11924849201216735,0.14800800834577515,0.1509017537576688,0.1798148415244516,0.12253525664118049,0.033791784662600036,0.21057202586091925,0.08438499074825004
2001-12-31,0.05871863081791914,0.10941226912104762,-0.038364172513468006,-0.055885460513871735,-0.027047309034797656,-0.05633427392349283,-0.018223602544673118,0.010859965877399956,-0.044658630952292104,-0.016352321599250052
2002-03-31,0.009509032973893747,-0.17390069416484533,0.15830151868835252,0.15101602945221576,0.171770792813703,0.16718695812631867,0.1564864354676428,0.06463772282699999,0.1683728848735933,0.07980591334174995
2002-06-30,-0.12994319431515924,-0.21747484945494963,0.11197728054060277,0.18483185532109608,0.09508352853046644,0.17158129408145484,0.07687361064451105,0.04410854654359998,0.19520908882787855,0.0882838229015
2002-09-30,-0.10292215436973357,0.024790165874899822,-0.08962436402886303,0.008215937102016863,-0.10584887269721657,0.001696786516774535,-0.1267044313808517,-0.03465083319480006,-0.011993756810890422,-0.00013461706850009976
2002-12-31,0.07060377661778755,0.024601544126995,0.035825946047406805,-0.02052030204107938,0.04743308257284906,-0.014611316340890818,0.04576365117521563,0.002699946602000061,-0.012060389208514745,-0.015838740731499948
2003-03-31,-0.04876957332967433,-0.036317492898815536,-0.018494961701014893,0.009402530824031344,-0.022378881028837228,0.005439963047692396,-0.021990156642924134,-0.012471588082600023,0.013061725075370373,-0.007190329214250026
2003-06-30,0.11041609106064651,0.06155493799337138,0.08220398339014254,0.025288795337166735,0.07208178144712515,2.4740178295352966e-06,0.07109982842020633,0.03781430650559996,-0.015835192991925214,0.006382924536999953
2003-09-30,-0.0117466730513629,-0.019489596484310107,0.070611802206656,0.08604768798548962,0.04521071458960152,0.05283404589719418,0.028521632609563276,0.02001289160120006,0.03811810785484662,0.01647653496050005
2003-12-31,0.06612811619490094,0.007536056609872888,0.10592015313613143,0.049084011440399845,0.10178422488552633,0.04073953572341706,0.11275138410145415,0.04730837682859988,0.035960611280267674,0.028824600455749874
2004-03-31,0.03512083471135632,0.03273478101328667,0.032007220725305485,0.03196262253330622,0.030417604697969804,0.029122217672789455,0.023884415765781222,0.0214021472391999,0.018301035073469897,0.02122057734899985
2004-06-30,0.025895786880281157,0.026750816171153175,-0.00971597418912912,-0.012421368757364487,-0.007215837119664843,-0.00897811858787459,-0.008790772436324402,-0.0015390559545999747,-0.010843131453569892,-0.0048893713092499685
2004-09-30,0.03424956909109426,0.03961400966387532,-0.04226133309973007,-0.04004058144739664,-0.036447860683876857,-0.03235009744392977,-0.03801258384322584,0.00220071995259998,-0.034523679552765967,0.008817509220749977
2004-12-31,0.04267104483329259,0.025227404925110147,0.05023947942731107,0.015206106684111244,0.050722879844195885,0.014366657446859563,0.056001384251519765,0.02690183213159994,0.026096140486375048,0.009553753873
2005-03-31,-0.01981343633594591,-0.019632794576093765,0.0040768849826863345,-0.0021290016885780676,0.00805400262498029,0.003630684858002257,0.011460845770035248,0.00865454482120006,0.005774610128886254,0.017902959001500077
2005-06-30,-0.009670697023709708,-0.010541708444529008,0.012398218217488934,0.012969457471845424,0.007780079841957508,0.006201852386393994,0.008329372137122346,0.010826185421999979,0.003282437666720279,0.009681132827500001
2005-09-30,-0.01721059617629498,-0.017361906235686723,-0.0006954363234025615,-0.009775015342914249,-0.005397605132924661,-0.016968844952225517,-0.0010793248227577816,0.004185615663200019,-0.018939048534152632,-0.002682455940999925
2005-12-31,-0.035548696109193346,-0.03554153168707539,-0.018462089101293638,-0.025444737150215856,-0.02015349070896595,-0.027881314277130774,-0.01603361231855229,-0.007347093515799961,-0.024833393281311133,-0.012315778758749975
2006-03-31,0.06355926584672357,0.06352819220462255,0.03890911080311639,0.05595759575343889,0.03200015866475388,0.045746611357714476,0.024880717155238978,0.0287854909922,0.03346655698430573,0.02540459529775
2006-06-30,-0.013327782028349687,-0.015080814500489374,0.010266757479042835,0.0004970121981357316,0.012511062136979363,0.003549937577397553,0.02614752059303735,0.00749020396100006,0.02131707677238713,0.017328449053250025
2006-09-30,0.022037224561655584,0.01596675929838564,0.03997384817423784,-0.004937737492119624,0.04793783303815048,0.004931741619846802,0.055235140876987,0.006629972963599921,0.013125783927615847,0.0005193027304999012
2006-12-31,0.013513873757967285,0.016320554925108675,0.047895957232261546,0.019428346806762423,0.04650594719180719,0.017003541298644703,0.04991643204391803,0.0218554798716,0.014117616709790264,0.012651786614500001
2007-03-31,0.011675652794560705,0.010675158100137958,-0.006853735173687249,0.001499531933777277,-0.006209189198860599,0.0022831479645551885,-0.010650609181382486,-0.0015113264031999802,-0.002411623129147317,-0.002135762902
2007-06-30,0.015849639401893715,0.017359874860730064,0.0348283160122863,0.006008556864735809,0.036309511039368435,0.007933806687745343,0.04530273656254907,0.00719408762840002,0.013114671926993879,-0.00287976974049995
2007-09-30,-0.0767118489059026,-0.07886360805000728,-0.06101600737599438,-0.07593026681736656,-0.061326658947982185,-0.07637827179699452,-0.04444780615624923,-0.038113236151599963,-0.06085654550067489,-0.048427520265499985
2007-12-31,-0.023121733221831017,-0.024613753707554,-0.024716127001917294,-0.006278251180534666,-0.02644723360753489,-0.008866388305296121,-0.024684578184894123,-0.02032426826339996,0.00014909252578660694,-0.015557871589249952
2008-03-31,0.02021104989863649,0.020209336314826683,-0.01900241838309072,0.030234537082286253,-0.018376162667621942,0.03469484590308687,-0.018581931164850705,-0.003007856452399942,0.03421602969872512,0.02141041370250005
2008-06-30,0.005746276537319971,0.009667623958997923,0.0029799306044079737,0.0379842108705163,0.0013834279134011702,0.03957843813879035,-0.007072767480121575,0.0009623384934000613,0.03824856749831283,0.007246233742000101
2008-09-30,0.08945416822798352,0.10355780585312879,0.0157452249214071,0.0704945954098028,0.015366816228863888,0.07730691032906624,0.029276304545846878,0.03589947151379994,0.0516796567697682,0.06650766961099988
2008-12-31,-0.04244140650347641,-0.006246180542270288,-0.0961129883037452,-0.0011338683289017102,-0.06865444392801215,0.04371200329396417,-0.11615792081904677,-0.048493825637199936,0.059980902501935114,-0.004975796186499949
2009-03-31,-0.13243138254280695,-0.08706834737636457,-0.08332651974238364,-0.02203678494392949,-0.10760271260939624,-0.04786960229590716,-0.08732852765309818,-0.06393375491739997,-0.024301463536845903,-0.05499647957825
2009-06-30,0.09612138311094282,0.050902043809261784,0.05400115980085498,0.0037389549227914848,0.07648687354233519,0.022472523256339312,0.07132876939564464,0.04726469927279989,0.021469820309453824,0.0181168362709999
2009-09-30,0.17110431221355268,0.11475221494762737,0.13059414880800962,0.06518953249551655,0.12086204160482236,0.053107403559813596,0.10451800934889058,0.07974521938519998,0.009661740489187894,0.06000673954749999
2009-12-31,0.039036529832293776,-0.007764902358139775,0.03778559281116389,0.0013531611843242645,0.05183868267857985,0.01976925732824539,0.05892961872196394,0.00731257555780002,0.025164474472121244,-0.005126363687749999
2010-03-31,0.06739946315972885,0.05160241021994524,0.049468296028990486,0.027644833713974977,0.05193054736263571,0.030187702090442983,0.04166385990570365,0.03502493839439998,0.025012830811993687,0.028226671980499975
2010-06-30,-0.0361673764368784,-0.002211985918584744,-0.037644073325497004,0.02411316068593347,-0.03410728855569353,0.029652120794239102,-0.04357249543693559,-0.022826569594400062,0.031142188762583345,-0.00030678849300009984
2010-09-30,0.028060119046035528,-0.045510543386040256,0.07653287081076897,0.028672367129726536,0.07525916608210037,0.019912048037927874,0.09479644019270463,0.01647332463599998,0.036368851609293845,-0.008267639150000027
2010-12-31,0.005989402090270456,-0.0326105106947433,0.10512716928097592,0.07049251582407748,0.09566809516426251,0.057566996593144404,0.10421167462741501,0.039532602710800065,0.0628063624095519,0.020394347862000076
2011-03-31,-0.015147919145788821,-0.017494522730995457,0.04363500240465233,0.023469331154986707,0.04037761125933631,0.019617078876786195,0.04513240259000777,0.017194615251999938,0.023110503395377707,0.0064574266689999505
2011-06-30,0.01823597804921917,0.018772825291555478,-0.00018969504841050838,-0.002601517250849776,0.004521752935203592,0.0036273045487214897,0.014669103188169975,-0.008124423278399939,0.007939502642151042,-0.0097191512029999
2011-09-30,-0.02252281023252332,-0.02901722077410153,-0.0326337704718581,0.00967926910380662,-0.03514678007405383,0.009465314790374543,-0.024718392107293513,-0.041945999075599975,0.02405460754129764,-0.014628809989500002
2011-12-31,0.03907713341132465,0.0008965858297749936,0.0957601554695702,0.04731892373537585,0.09842428475718862,0.045584104992833226,0.07892916365682481,0.03895173299759994,0.009007223368742299,0.019009222834499948
2012-03-31,0.029386711334292555,0.010406586582345903,0.025100267840208933,-0.029683969485822286,0.024438848766737874,-0.03168401179513762,0.013675339399161044,0.019420273824399942,-0.0306999960744035,-0.008432171269500025
2012-06-30,-0.01756881930477937,-0.018293226776723945,0.03714417165105955,0.05121888797781432,0.03991401465248551,0.05355982134799826,0.031722226517674756,0.0031272888849998987,0.04879943058967484,0.012232962876249875
2012-09-30,0.004297946992774358,0.006372350868761348,0.012855305466198265,-0.024026197708320794,0.016401975766161547,-0.02303082794231576,0.012656893737964331,0.012162037659600021,-0.02001430680371238,-0.00022625993000002548
2012-12-31,-0.001997436212808755,-0.0017037192501320117,0.02075950948789753,0.02315792500140778,0.014322178949447366,0.014406145894742227,-0.0067494369710031435,0.01860735919999996,0.0010428793411533868,0.022822833975999948
2013-03-31,-0.039379640776862845,-0.03823395435897019,0.0723689762432567,0.021527398056024872,0.07241183778298485,0.01984519822504675,0.08750609961163788,0.029090765048400045,0.020247427298533637,0.00826043962075005
2013-06-30,0.0027367775336248614,0.004837400667605102,-0.004022007599518585,-0.012740986579068105,-0.0064540498969404185,-0.015699337533453882,-0.015014659241512802,0.01008907333319998,-0.028211307433401694,0.0047091667464999746
2013-09-30,0.015982586130620056,0.01857997908310291,0.007320686752622242,-0.0012670303516742025,0.005974529494168032,-0.003181322224588109,0.014555077215909654,0.007319103046000018,-0.012911543573492553,-0.007505997603749976
2013-12-31,0.007951712670280303,0.02265313421678498,0.07138689491465715,0.017388718845473505,0.07286925037471234,0.01948395654119808,0.08490511913290247,0.029539777818399903,0.01371899725144054,0.0108550549929999
2014-03-31,-0.0241855310479611,-0.02483330328396069,-0.013689516657591988,-0.02322804460476039,-0.014600883535036973,-0.023995433938254686,-0.023570696500807734,0.0025604667784000206,-0.03044304903069115,-0.0009008785169999502
2014-06-30,-0.008206728881825156,-4.898170418085601e-05,0.007007693177862456,-0.02884691219261097,0.008089587375456047,-0.027018001868911706,0.0016828076717929144,0.0027998870048000185,-0.033844849924598526,-0.0077609108349999505
2014-09-30,-0.030726426766018,-0.02324110563680187,-0.004790935290308368,-0.03898506122081386,-0.0012560269340655258,-0.033436917981259445,0.013463198917277236,-0.01742260913179988,-0.01986509124094072,-0.0220840089427499
2014-12-31,0.03771638038087565,0.04254853489144088,0.04572276303204982,0.03988376727528195,0.0413949067083423,0.03366804383146004,0.05955030805316063,0.015475845830199963,0.043256142942904856,0.0066405851077499505
2015-03-31,0.017031399763034867,0.015222591806482905,-0.014176625599513677,-0.006193321797176875,-0.013850207342339584,-0.005841718986532709,0.003952098160772452,-0.009475987759999981,0.0054910673343446445,-0.016192727233499977
2015-06-30,-0.023166834776704448,-0.020763035277551425,-0.037110090427260926,-0.0341770470319871,-0.03492108848402038,-0.030930591585747853,-0.035589780723902405,-0.00689238556479996,-0.029993269885045224,-0.00965963317599995
2015-09-30,-0.0003726913327163177,0.008984625172112286,-0.04818991010306615,-0.04353763938293839,-0.045664984313627505,-0.03980273570899432,-0.059497529354982294,-0.028811977278399944,-0.05224667308342878,-0.01735134191899995
2015-12-31,0.004530381499693637,-0.01716727685007446,0.021585962861532453,-0.016290676603882948,0.024508440492788656,-0.015244117326155757,0.03157503145874155,-0.0019023292927999598,-0.017717715200820015,-0.017463774709749923
2016-03-31,0.1058284925109378,0.08891336000782499,0.09917347262723729,0.08121909404194394,0.10036717374460977,0.0827069471212368,0.094572730563864,0.02754679363359998,0.07316052544896331,0.03258223641449995
2016-06-30,-0.009940654502472383,-0.01859087961704034,0.003106299968179276,-0.006330611728335971,0.004283463814851646,-0.005252909737016483,0.00428932838150871,0.004558301455999961,-0.003751147746219362,-0.000990588531500075
2016-09-30,-0.014205197256518916,-0.013490975931037402,0.0008005748132462638,0.006878460278272738,-0.002598649221080487,0.002164094426974192,0.006071788867235358,0.014495591206799961,0.009295004089366468,0.006291191192999976
2016-12-31,0.04962553953409808,0.03037306887934732,0.0608514129485633,0.03765512404138866,0.05744166765780219,0.03298644690954806,0.027475870478331704,0.060000714487199895,0.014640547822687922,0.0634955068052499
2017-03-31,0.02656854154585315,0.015364109303897276,-0.011533784672803318,-0.05061785513669857,-0.0007337981689420833,-0.03704306272122925,0.030489627109215506,-0.015702201718999942,-0.03454460332152659,-0.03397355234624995
2017-06-30,-0.0017495842407761822,-0.0038726890969230376,-0.00526050228001973,-0.01719143495364596,-0.00714140110601964,-0.020319032029007315,0.015106872155166446,-0.00855594802120008,-0.01632312479042501,-0.018090975368500076
2017-09-30,-0.0196563408904186,-0.02858019402420269,-0.0001678940675189089,-0.01827838629548286,4.3832413563501746e-05,-0.018203779894278356,0.0001567435944636493,0.00692225288460002,-0.026967213868022137,-0.0028590895482499246
2017-12-31,0.042765625877611124,0.015452111301076127,0.05013061342746086,-0.003769940883585645,0.05305427494695105,0.002154715075767753,0.07414013274723961,0.013467522597800003,-0.0043182127986983385,0.0004397379472500743
2018-03-31,-0.032453198950093215,-0.02876375892315049,-0.0343463392302614,-0.023810978414716,-0.036801428431160146,-0.027495708471513114,-0.024663091193828337,-0.01316051446779992,-0.02161027893937209,-0.014815820914749925
2018-06-30,0.041001804536487864,0.045408865161195425,0.007352071274732551,0.02606999206183115,0.0008070768866878476,0.01674734391484662,0.020598720166006265,0.002729347315999959,0.03511808175169002,-0.005168246785750025
2018-09-30,0.024536304011084677,0.009069090895860015,0.038591842399697276,-0.010949778310974432,0.03867218123843436,-0.009915179333358542,0.039230867942322514,-0.00192848002679996,-0.03141613963837503,-0.01949755611349992
2018-12-31,0.003114891436838352,-0.0036671253744073457,-0.04997486865864127,-0.007557739223462534,-0.04477956898610522,-0.00034766397374876024,-0.10106004643210609,-0.032887557221000084,-0.04044319964419653,-0.0035298152812500514
2019-03-31,0.024289158341311817,-0.007116431601801199,0.045507258347017014,-0.021238192477370056,0.05013000937258569,-0.019769965143434185,0.09544529892011752,0.007015725499199982,0.011740562191581823,-0.024476935705999976
2019-06-30,-0.0005740355984305617,-0.008891307256210438,0.018030564544167037,-0.012359282389018207,0.01742095886574613,-0.010822663454523622,0.03350619489089336,0.0011887302208000395,-0.004968460015334068,-0.00736375670499995
2019-09-30,0.004644347032539523,0.0041964034822136904,0.03965902415852898,0.01229537771882688,0.04475957083803693,0.02008178240085865,0.050761975022533684,0.005651646871999999,0.04872347808062911,0.006965652995000024
2019-12-31,0.006271785817355113,0.0008169162594437833,0.03472407871909122,-0.0061184982527212085,0.03501750203026692,-0.006366834653238031,0.04967814995374305,0.012406462369400023,-0.00971511060831877,-0.0068575820592499505
2020-03-31,-0.14525091120099543,-0.1523788938993375,-0.16268383010278642,-0.09060061825741164,-0.15697947930268677,-0.08365065535875982,-0.1229204515749382,-0.12516758702659997,-0.03771483354574864,-0.10525047322699999
2020-06-30,0.07426208763809278,0.009559879630178604,0.14401166794035963,0.06541210830787231,0.1331079582241152,0.034673014868307116,0.1322335413111857,0.042795076510400085,0.046608557010727025,-0.0036446358039998513
2020-09-30,0.06441888039282555,-0.026388788431243808,0.06321672177835701,0.0012180063723610489,0.062232094289064385,-0.0009997891250498186,0.107537681137786,-0.001162402997599999,0.034577426464609644,-0.025824242360999977
2020-12-31,0.03834300808540713,0.0417808519579478,0.03993555639103152,0.038452588728470974,0.02709839216567376,0.019882783505337072,0.023995651181465565,0.06643732008939987,0.016360411075924872,0.0450493106557498
2021-03-31,0.021641646857680302,-0.014639670337118924,0.11700350584581576,0.1229063447444068,0.09044298057982826,0.08722435722644778,-0.0033564180531534954,0.08951411731939998,-0.014248187864178613,0.09693125954224996
2021-06-30,0.06935715882646515,0.014248352402592005,0.043844412987305,-0.0037779409706632378,0.05046761022398044,0.00581921878343578,0.0727998809395112,0.01080897308500006,0.014900315906150784,-0.006859794830999949
2021-09-30,-0.0038471231547836417,-0.03735862263347719,0.007557557755356554,-0.014020951760859077,0.009371466616830528,-0.010842225821107004,0.0012044134806919846,0.0029629326528000394,-0.025088440201048216,0.004356089116
2021-12-31,0.0757383075479783,-0.05668207493078602,0.19654969060462196,0.13175905029947993,0.2006270791635948,0.1383772082982053,0.18796552392512605,0.048681876944199884,0.10409352840961608,0.039988666254249905
2022-03-31,0.00016158686609524242,-0.016866577210980033,0.047631359859089534,0.028840212077706928,0.06640475179620849,0.05669777615570068,-0.010508640234351413,0.03418217948299996,-0.018713921998827668,0.05639048741374998
2022-06-30,-0.10452730765701518,-0.06340368945730851,-0.010382220688249372,0.09382281032076072,-0.014407092063466909,0.09133745068309448,-0.04011987795870807,0.00761383760100005,0.04762570265753887,0.05275078563125
2022-09-30,-0.05380490789621593,0.022045442081768715,-0.11425900012170352,-0.07678533161843545,-0.11893339927508517,-0.08495310472336,-0.09898426198201273,-0.03542738212439998,-0.06109298933573144,-0.03326219938699998
2022-12-31,0.13347116842565637,0.0321557519526207,0.22229325557062282,0.1812307828519414,0.22477021302208455,0.18611366467086493,0.17962019041504088,0.0803658411188,0.1389444718428379,0.0861712385215
2023-03-31,0.0594810919533469,0.07293567138925633,-0.020919729466726055,-0.05103438361474835,-0.008555941506742923,-0.03766370800394769,0.03553282250371932,-0.032424662408399904,0.006076744384702917,-0.05664708666549993
2023-06-30,0.044329736208790375,0.01569093151901602,0.01968166341251046,-0.010943819599312732,0.01897047355049316,-0.01603299066660345,0.04330747453069117,-0.01055245185599998,0.0076790359158784155,-0.03190113807849998
2023-09-30,-0.054680747792356196,-0.08505297162014143,-0.03439817261592328,-0.029722382026688966,-0.025247863554154093,-0.017068501545348967,-0.0511312388976129,-0.00114092964979998,-0.0544375220739714,0.009814460340749977
2023-12-31,0.026100500805032616,-0.031037945254978806,0.014299520572066985,-0.03474328306363579,0.007830691501278936,-0.05034914637924365,-0.022451272243674873,0.030535986610599947,-0.06666237629907255,0.011758436813249952
2024-03-31,0.007484583500640372,-0.051379322434668716,0.019443206101675943,-0.0619840520068751,0.019680928049549632,-0.05612066956395029,0.006630234172549581,-0.005428799249199961,-0.0664167852919007,-0.028892954342499926
2024-06-30,-0.03044088083382157,-0.051290996546375395,0.014340638780540642,-0.01870368713998647,0.01774310357039017,-0.012125746035773925,0.018760565159320328,-0.01811635651599998,-0.017030199531221004,-0.02828108404499995
2024-09-30,0.025960303485860266,0.01895045905087776,0.037555865324640954,0.029775561606135502,0.03518310051552335,0.026615306155249777,0.04212344052380193,0.023363731271000002,0.03494908522287567,0.017632312072249974
2024-12-31,-0.011828988477998532,-0.013503441399018233,-0.018463337893449797,-0.029616394330246015,-0.018995079648635324,-0.030358080170735536,-0.011507442356357398,-0.00777672142119998,-0.021387044494102142,-0.014955068876499975
2025-03-31,-0.14596711726382722,-0.15938844146249115,-0.051292855846883686,-0.06615766888699481,-0.05235294001637841,-0.06654034199352335,-0.0886479594406579,-0.00744438531140002,-0.09886396808027617,0.005962856470749925
2025-06-30,0.10566354346562376,0.07866778672238714,0.022736223247714932,-0.062107808554322776,0.043039266335180126,-0.032907562356194964,0.0014514205889829307,-0.006496044112400043,-0.06430454751538837,-0.03382084030450003
2025-09-30,-0.030433635795010933,-0.04796579121286116,-0.008000878151935814,-0.046584767346923676,-0.004883752465612002,-0.040424978212127316,-0.0028643500312985166,0.01285016026560002,-0.03194315313245161,-0.0023802122799999994
2025-12-31,-0.09139791197086646,-0.09475516131454281,-0.04252663842779453,-0.05764816568196712,-0.05008354232058929,-0.06657748490382702,-0.04664924656211631,-0.005034701025600022,-0.05879124351687291,-0.009945559214000001
2026-03-31,0.009978309277213368,0.021579500444268984,0.027958662824060346,0.0802756068079165,0.024237524957435017,0.06963690248383603,-0.014554352891222526,0.036054240488799905,0.021065643778065364,0.05840218666799985
2026-06-30,-0.04901439782611097,-0.1106185798100266,-0.036943378048832506,-0.13536333716223364,-0.04109981922542677,-0.14996780040418226,0.0013412714011094284,-0.015666438000000022,-0.04302508439295532,-0.0579269225
