,Static - Unconstrained,Static - Unconstrained,Static - Unconstrained,Static - Unconstrained,Static - Unconstrained,Static - Beta-neutral,Static - Beta-neutral,Static - Beta-neutral,Static - Beta-neutral,Kalman (RW) - Unconstrained,Kalman (RW) - Unconstrained,Kalman (RW) - Unconstrained,Kalman (RW) - Unconstrained,Kalman (RW) - Unconstrained,Kalman (RW) - Beta-neutral,Kalman (RW) - Beta-neutral,Kalman (RW) - Beta-neutral,Kalman (RW) - Beta-neutral,Kalman (MR) - Unconstrained,Kalman (MR) - Unconstrained,Kalman (MR) - Unconstrained,Kalman (MR) - Unconstrained,Kalman (MR) - Unconstrained,Kalman (MR) - Beta-neutral,Kalman (MR) - Beta-neutral,Kalman (MR) - Beta-neutral,Kalman (MR) - Beta-neutral,LASSO - Unconstrained,LASSO - Unconstrained,LASSO - Unconstrained,LASSO - Unconstrained,LASSO - Unconstrained,Benchmark (EW) - Unconstrained,Benchmark (EW) - Unconstrained,Benchmark (EW) - Unconstrained,Benchmark (EW) - Unconstrained,Benchmark (EW) - Unconstrained,LASSO - Beta-neutral,LASSO - Beta-neutral,LASSO - Beta-neutral,LASSO - Beta-neutral,Benchmark (EW) - Beta-neutral,Benchmark (EW) - Beta-neutral,Benchmark (EW) - Beta-neutral,Benchmark (EW) - Beta-neutral
,MKT_RF,SMB,HML,RMW,CMA,SMB,HML,RMW,CMA,MKT_RF,SMB,HML,RMW,CMA,SMB,HML,RMW,CMA,MKT_RF,SMB,HML,RMW,CMA,SMB,HML,RMW,CMA,MKT_RF,SMB,HML,RMW,CMA,MKT_RF,SMB,HML,RMW,CMA,SMB,HML,RMW,CMA,SMB,HML,RMW,CMA
2000-03-31,0.12365831075056238,0.44354180087200945,0.29787605386114147,1.1890982608280085,0.8860953229408555,0.5116539466509075,0.28408017523612566,1.1577996177641632,0.7789733915932447,0.5865068932194283,0.028033425110328532,-0.4113462983486566,0.5986736334879414,1.9041134130814343,0.4930869711374991,-0.7625421102501063,0.5847012170279906,2.079861073166772,0.3920452691514039,0.13301698024499875,-0.223963092238981,1.3539962041087041,1.5892768559815265,0.3809612560407507,-0.32458023450328116,1.4024244728304307,1.4145900886463023,0.6164835436655304,-0.0023030789854762987,0.11552582546436453,1.0250465976239027,1.190582831140713,0.2,0.2,0.2,0.2,0.2,0.5074191511582341,0.047336314386236665,1.3247725253209488,1.0111980215845564,0.25,0.25,0.25,0.25
2000-06-30,0.10796090845089767,0.4769506506786383,0.3838546371394532,0.8885521420443597,0.7902218189042088,0.5360722930909042,0.374828477375771,0.8663124652369935,0.6930959256129131,0.5629946263959371,0.020501086324068857,0.04819031794534696,-0.43249632282150663,1.0166923351147317,0.4411729886377481,-0.026592306825234346,-0.8685108650020529,0.6949996835044666,0.5574631419550375,0.12596736196145056,-0.23233408495676794,0.6035010973546794,1.779904541909189,0.5850799116174701,-0.4316706725138753,0.643887306512067,1.800510509014424,0.6386817330672344,0.006565881776639851,0.0377707137327126,0.7944541505718988,1.3201657603716748,0.2,0.2,0.2,0.2,0.2,0.5182462228406384,-0.14684264730132587,1.0655929784184313,1.3733333359676099,0.25,0.25,0.25,0.25
2000-09-30,0.23197009609099326,0.4030740612962907,0.5197000039668771,0.9465776756363289,0.5593020932095117,0.5427746122864124,0.5185642817741543,0.9191845018091324,0.3452581635653224,0.621260159780593,-0.013252616798835581,0.1946413880853497,0.8738068550252811,1.079076891689642,0.49470744370383773,0.21462798578387748,1.1565626075551751,0.7799698170878608,0.6058134206791977,-0.011204929662860422,-0.14704281753512954,0.8061683380644006,1.6256472850200765,0.4647930530213429,-0.3428977928637228,1.006088237269566,1.653355363142528,0.6735272835223208,-0.04311325971552647,0.06129631823709038,0.44452091035574187,1.346963792395426,0.2,0.2,0.2,0.2,0.2,0.5031099659923763,-0.0956029676473293,0.48964781424133696,1.497404928568548,0.25,0.25,0.25,0.25
2000-12-31,0.2426338577979951,0.3793825085401529,0.7723208891002642,0.8736290449529126,-0.5114079209976066,0.5274148608334585,0.7890677121346401,0.8557554257518643,-0.7770994273087956,0.5731893737216853,-0.07291330949189148,0.48717036854253487,0.8303082545235375,0.5582522548653118,0.3197171345938132,0.6472515049598584,1.0271859112566257,0.03652622602675027,0.6114977209883525,-0.062185578305189074,0.008096616241566032,0.7986967496572579,1.34482061530618,0.4007088518858734,-0.08453308039866662,1.0611135639502673,1.2783462175679683,0.6710731060799408,-0.041066458397398205,0.04411993736652323,0.5864183516333535,1.2955437549246132,0.2,0.2,0.2,0.2,0.2,0.4835067354852442,-0.10647744961092438,0.8088182435400806,1.3888455531530164,0.25,0.25,0.25,0.25
2001-03-31,0.23365565155674556,0.21701907601464304,0.3834542592969135,-0.20385211398291012,-1.173533921965133,0.35620382864630223,0.38117838522001307,-0.24452239325768207,-1.4399771639814989,0.43819966863856313,-0.03569738365213149,0.4927768468382287,0.7694530202615899,0.14629909979631417,0.23581578567383643,0.553571496630451,0.8705214342974865,-0.27443036400974047,0.6523578820610123,-0.13930046125703513,0.12247445441446735,0.4990346319548594,0.8885049394325224,0.38306764713806546,0.12444340537845058,0.7917844239323221,0.6351434261237062,0.6506070972519242,-0.055613881256815295,-0.005085168673670625,0.46730530357942196,1.135079555405788,0.2,0.2,0.2,0.2,0.2,0.4549702875875262,-0.15131550155199155,0.6975114030145447,1.0656762208402875,0.25,0.25,0.25,0.25
2001-06-30,0.5794763618912074,-0.25107244647285293,-0.04886119415587655,-0.06080153682481935,-0.10080765959695322,0.031508847150535146,-0.17436247780149725,-0.2469720047662647,-0.9487633068792799,0.4560383860131909,0.19415271922311822,0.39063742759183423,0.5593753211685134,0.49212307561672286,0.5113751107983447,0.4278625770724613,0.6053458840168505,0.1160823125241707,0.5524880863356584,0.20489525263886707,-0.03235985113231064,0.5492800207137358,1.0494262799673717,0.6797996577883967,-0.13551391510332958,0.6690533437434579,0.8290709725905588,0.6451874064967466,0.011118400877385684,0.03337986240399458,0.48490399236326637,1.1428926811258198,0.2,0.2,0.2,0.2,0.2,0.414795415223665,-0.18368822693214698,0.71751235653848,1.0590397742511024,0.25,0.25,0.25,0.25
2001-09-30,0.7131034683993399,-0.2656072277510549,0.0025700730665099234,0.000553164397336468,0.3556415034230391,0.17917049689945497,-0.22301546833747857,-0.3499799029880989,-0.7796284945813675,0.4913112257990741,0.35285484982298737,-0.13122313656146203,0.4376281526516559,1.2181516123873268,0.758718873087135,-0.2428483023756196,0.46753480863403,1.0403093722389114,0.4486717748769246,0.34174567716805637,-0.1885968823644112,0.5392016860822929,1.3087544103521085,0.678761585041561,-0.29484445166233997,0.5765396962889151,1.1411245558091194,0.642378678336422,0.059206836996812846,0.03211675307611835,0.4707135197516476,1.1393461977061095,0.2,0.2,0.2,0.2,0.2,0.4776646128888717,-0.18392042171729298,0.6925204699322671,1.051865589723567,0.25,0.25,0.25,0.25
2001-12-31,0.6469406681844294,-0.21207121920896804,0.19642913693763553,-0.16979941635814486,-0.026272089103851957,0.15920832359476014,0.25048405829567905,-0.5415694344838352,-1.1415755208158525,0.5410144208688911,-0.05696766463597437,0.13064416759575376,0.721350647626613,0.7574026530089548,0.2708670392389376,0.10900970487521675,0.8886760026010362,0.39360393136573335,0.658841615469707,-0.16084836733766197,0.13392423015606206,0.515853847324975,0.829582340617225,0.2807850298060917,0.13626723300560503,0.796321807804044,0.4882610365129546,0.631962943235949,0.06853529192078776,-0.0025775252216425244,0.4616915489954048,1.1685327439280557,0.2,0.2,0.2,0.2,0.2,0.47276854702016297,-0.19997136131667836,0.6340817091073787,1.021990865561783,0.25,0.25,0.25,0.25
2002-03-31,0.7290689110513436,-0.4343331314448432,0.21184449959470295,-0.046082619270117774,0.21621421093296822,-0.3532470666276292,0.4552339330071602,-0.5747222667570008,-1.4124305556536998,0.4741717844666731,0.39233205672984806,-0.32130810510829866,0.26996628656540733,1.4683809045587979,0.7733788904713934,-0.472980571641382,0.24041875408354701,1.344238810278289,0.4650159627356126,0.34436459896383553,-0.17247532973305207,0.4838692596920823,1.2620973771707298,0.698596690845683,-0.2785966217011517,0.5092008657034188,1.078468186355814,0.6405785078773747,0.092404914199415,0.02167284239912543,0.45316042513258115,1.1103675798536898,0.2,0.2,0.2,0.2,0.2,0.52321763723148,-0.17132240194462683,0.637518652972833,0.9465116925825041,0.25,0.25,0.25,0.25
2002-06-30,0.6889914193499519,-0.5862078984354295,0.4119491810067606,-0.08287786663253022,-0.10551843303233677,-0.6098625056787121,0.7530268501958323,-0.4278269923133688,-1.5652059684957926,0.5088912732404536,0.22213730940527368,0.04476570485612044,0.5722979283476891,0.8870309168808286,0.6146582006378891,-0.023340283342068648,0.6640875320386849,0.6183382223833263,0.5357310988295325,0.23985460591698532,0.12141936438351011,0.4841130461171333,0.8013809955518075,0.6851745895262145,0.07833895023782411,0.5654333916874522,0.4953652607513442,0.6711648912341442,0.003351498969761368,0.012466810865237201,0.4178685972410514,1.0843722517095724,0.2,0.2,0.2,0.2,0.2,0.475248301197096,-0.19463324833939674,0.6269705216925501,0.9386531968547661,0.25,0.25,0.25,0.25
2002-09-30,0.6477940205229642,-0.33297142986610717,0.5354826386048628,-0.21117990664050712,-0.1748240979242325,-0.09248344765554466,0.912320729516988,-0.6183454330569668,-1.451778729497282,0.5330722558894783,0.16088267324800581,0.07980680436918572,0.5681038069474275,0.8492801117488415,0.5507718968351554,0.05186991646496442,0.6590874059707095,0.5022809214758024,0.5966924863409954,0.09627180029636688,0.07885781342711484,0.4915936331971236,0.8831175124831263,0.5729633100494479,0.04982767195653679,0.6151591621599107,0.5367885690385118,0.6393841726180395,0.025469917241435627,-0.03642452638330371,0.44532965921785483,1.1381863552867162,0.2,0.2,0.2,0.2,0.2,0.4274909626715158,-0.20377674074607377,0.5993933187034114,0.908250637295272,0.25,0.25,0.25,0.25
2002-12-31,0.670260842470084,-0.12361034007381835,0.3127264747575945,-0.13250069915065646,0.45174815970549287,0.47560847420197133,0.5000148332140534,-0.7289383742951225,-0.11043997001182716,0.5491245635208563,-0.005580931838372781,0.018719227421518245,0.6325630935213608,0.8836929178608207,0.38580000079274596,-0.1018532467062939,0.7412059545746633,0.7146336197796739,0.6152760685581931,-0.11477100750272698,0.0586548525844834,0.5296714773097535,0.8811011793286254,0.3266997802188764,-0.06981164126063891,0.6811601913159009,0.772553595268965,0.5951537067522735,-0.0035928311403702466,0.06531241752135843,0.5336076942514751,0.9149620395715061,0.2,0.2,0.2,0.2,0.2,0.3884369322974912,-0.12262327434094608,0.6561231332592492,0.7717865196068827,0.25,0.25,0.25,0.25
2003-03-31,0.5853043965056196,-0.04421272712580791,0.6741698484120252,-0.14438735770899788,-0.21290933271825532,0.3851962304196528,0.9331492769080142,-0.5000172056931944,-1.0243592711563867,0.5445808065242866,0.09865312422770661,-0.08583311643800534,0.34576121988017067,1.2044460859240684,0.5306762189238936,-0.2748248984221438,0.29265557474768655,1.2211642498878519,0.5670148576629903,0.002765984567847681,0.11111379306481008,0.5381198468390983,0.8584934378401059,0.42635067209295135,0.011915511422904904,0.6000817133282107,0.7220213660913933,0.6091735234075741,-0.04514906642071896,0.023656803909006343,0.5047837389196191,0.9918132159806717,0.2,0.2,0.2,0.2,0.2,0.35380781462837174,-0.21846565241529803,0.6086221622516105,0.9403932616195904,0.25,0.25,0.25,0.25
2003-06-30,0.5534515898280562,-0.008163757997375606,0.7611796605798523,-0.10056241441518653,-0.16913997710315,0.38608080645808324,1.0139251790945123,-0.38468832867108826,-0.851939992389763,0.5060984218465505,0.15535067401814193,-0.2745098057531589,0.4966328882973562,1.290530117455149,0.5447345713345502,-0.49394686031777024,0.49072011524075176,1.2817946864378345,0.5714958798885925,0.0306636489020922,0.02714025763896162,0.5380159992051613,0.9378129432150707,0.4789742757391451,-0.10795658370230213,0.6020920111676279,0.8435191064531891,0.6127300373432315,-0.08770418476645793,-0.011716228127506164,0.5359003818902361,0.9921383781338495,0.2,0.2,0.2,0.2,0.2,0.32222228097034167,-0.2582313415638579,0.6448420113119018,0.9538645803536441,0.25,0.25,0.25,0.25
2003-09-30,0.4390148545588388,0.13133738581129398,0.9258627761113191,0.24789005605419992,-0.6214125517859638,0.43272717252085674,1.0591161974810341,0.1335261276184122,-1.14469557914812,0.46549640682241483,0.2781022636017565,0.04494738981209223,0.1863609584394075,1.0556171686806968,0.6552390649940898,-0.04787192476576742,0.047809379426784,0.9600321242812223,0.4600440939341802,0.26035676409089326,0.011584405175884745,0.5444584151991937,0.9338364111224287,0.6239437442272228,-0.08909739416316861,0.5093840130499193,0.8009689373240871,0.6159833230656414,-0.09630453701039517,-0.0005539465065968092,0.507502959033511,1.0007873708553714,0.2,0.2,0.2,0.2,0.2,0.34245283004969207,-0.2517116514323831,0.5618648034077426,1.0303434648552323,0.25,0.25,0.25,0.25
2003-12-31,0.40932875860985257,0.000993879619395915,0.9560454791234655,0.4807592694438945,-0.7916964722417733,0.24071110396527431,1.0659953659562833,0.42239775363624477,-1.2892625979021397,0.46335122062680967,0.30548757771982926,-0.08896730944614129,0.2741552610308745,1.1593831767548024,0.6829347511264644,-0.21607124974963315,0.1639739579005579,1.0834186214477939,0.48696889362333934,0.2726758227531419,0.024561206415912213,0.5158970676301872,0.8988502749081492,0.6791624531222094,-0.07792524307569307,0.48211951544467063,0.7537335962081617,0.6137724134043219,-0.08044119037472475,-0.018808505647678934,0.4870919605914013,1.0445281766138277,0.2,0.2,0.2,0.2,0.2,0.3520176221719745,-0.2703394352889373,0.5262115169324639,1.0814602586555977,0.25,0.25,0.25,0.25
2004-03-31,0.2102105914782147,0.1955786500624391,0.8831873354080126,0.650929821402206,-0.8266797663790012,0.3118564450992423,0.8860242637944529,0.6079010430638923,-1.0104777693027893,0.5110990690932126,0.1743062048547451,0.08848703752187032,0.3769971380594262,0.9652092054208465,0.5946804450079308,0.0060131514541325905,0.29370641799477026,0.8707097609253196,0.48848116251194446,0.20752999538989628,0.033036894800390064,0.5348483869471015,0.9282147790108933,0.6012159966645332,-0.06377697402231478,0.5044473759258019,0.8073681463947951,0.6176918039553773,-0.05071078799566548,0.005235363066426212,0.4581818872845006,1.0287874906271106,0.2,0.2,0.2,0.2,0.2,0.3949939208668512,-0.2361374882242207,0.48242637146108847,1.0752061956966603,0.25,0.25,0.25,0.25
2004-06-30,0.15373930891775778,0.39026860514094563,0.6560559464239264,0.7179550110245068,-0.45937956544237524,0.476112033821413,0.6447918451886705,0.6829145892015795,-0.5750564811951568,0.5153922783549603,0.180060418930352,0.0790690997834098,0.44511568724327266,0.9349293086539945,0.6075524570511914,-0.009386658893716489,0.38894852168873084,0.8288889730404285,0.5201128265275661,0.1560747203209783,0.010315004635576705,0.5144628081455827,0.9812320629086032,0.5823421385607025,-0.10806627404469872,0.4886185387951077,0.8975888443702202,0.618567529407931,-0.055025640916656224,0.019742436837200866,0.4656709973502927,1.008850383775382,0.2,0.2,0.2,0.2,0.2,0.38489905727403745,-0.21474338726218586,0.49833759094606855,1.0438895685121083,0.25,0.25,0.25,0.25
2004-09-30,0.1627475940362142,0.5176846928697383,0.4984787505275525,0.525186381730033,0.08147671398722817,0.6126915774213167,0.48306227062542667,0.4833742163200375,-0.02653890622913999,0.5232101209053147,0.14327928121509467,-0.10886232930492111,0.5566676840248523,1.085650331029676,0.5685851022376535,-0.27983564069215894,0.5455870946398026,1.0526727757047833,0.5440886224863367,0.08047548981540187,-0.0131972409373715,0.5278662109520751,1.0210562850259288,0.5157610669206567,-0.15543155115139312,0.5167744293090735,0.982997415982261,0.5623738668498126,0.14674556373891812,-0.02530636171671102,0.5042859080737994,0.9954066204015453,0.2,0.2,0.2,0.2,0.2,0.5980009999479015,-0.22491158495721206,0.5042897920595621,0.9355956413539434,0.25,0.25,0.25,0.25
2004-12-31,0.25676609709446957,0.47659327532101303,-0.13816285954540727,0.37480621740236497,1.151437216720782,0.6442750250039987,-0.20135837559601932,0.3074379426692844,1.061174673748437,0.537691294976002,0.10256229149290991,0.14950151305324416,0.5809045142061899,0.765942006681238,0.5396905996442599,0.06367804626669277,0.5839651376661726,0.6399021470853097,0.5578601936293545,0.055722224507589416,0.04371905577851184,0.5493876260469334,0.9265272690021855,0.5084285879015223,-0.10124577793639902,0.5524920829144965,0.8964485006911656,0.45645206363504803,0.4106270653979457,0.04058469341968365,0.5063501581588596,0.7882426779925952,0.2,0.2,0.2,0.2,0.2,0.775804869951498,-0.09752637267854287,0.4627249971536579,0.6508781505173807,0.25,0.25,0.25,0.25
2005-03-31,-0.01748390113065034,0.6591983971862042,-0.24340933988669908,0.32670883299409753,1.0775658636334613,0.6506503535602896,-0.24004477370746186,0.33277657912684927,1.0885490762061358,0.5239693089730861,0.17683862187176838,0.10724891165692042,0.4441178830210659,0.895853241514761,0.6217599002323193,0.006244744432996942,0.37587076899681243,0.8165420994942096,0.5094748523326406,0.13841066632546556,0.05892844620338913,0.5589862950799066,0.9239365115103199,0.5422536463583896,-0.05669806460267334,0.5313258594945929,0.8459057441177845,0.625390354505284,-0.06548826777190987,0.12168446023850897,0.4998038802114526,0.863637360897172,0.2,0.2,0.2,0.2,0.2,0.3997608134774342,-0.09637291426917936,0.5412301008654882,0.8660672348690944,0.25,0.25,0.25,0.25
2005-06-30,0.11237638324010281,0.5664603478760066,-0.4324975597169044,0.319742845186845,1.3756567364056642,0.6301097795147524,-0.46054978741435615,0.28444391649580125,1.3232494607385274,0.5478692070057037,0.0785583708533326,0.2377569281279556,0.5609442700514259,0.6825254100035131,0.5241598068330172,0.1882097714786728,0.5529740876126544,0.522916206130989,0.5671178798241256,0.04723741485380158,0.11695290657210143,0.5645685903649094,0.8317613951382373,0.5145936949224729,0.00341857118662089,0.5737040060483056,0.7603981301882067,0.6392934011911751,-0.07638485971070562,0.18200092828338243,0.5201324632245755,0.7697133063893227,0.2,0.2,0.2,0.2,0.2,0.38346165071422833,-0.020590987474886892,0.5750481583676041,0.7512924077943772,0.25,0.25,0.25,0.25
2005-09-30,0.013364265998719526,0.6367304695453231,-0.48816689906888217,0.23528310739064054,1.3629247753778042,0.6435367085698804,-0.49100347545247336,0.2307347780354663,1.3551836709926466,0.5413578818861459,0.12431820502445964,0.20971258321259317,0.5210924764126087,0.7410696986046306,0.5765117462457886,0.14275375331606957,0.4884216940281606,0.6097574498886821,0.5480223261416218,0.0609427167782052,0.10912575118299331,0.5676182720758851,0.8694173052724637,0.4960125273390439,-0.0058333978838640225,0.5606976469140018,0.8021317342666319,0.6360777373052596,-0.0732683458747801,0.19621637224775484,0.5275339852936142,0.7505715041867074,0.2,0.2,0.2,0.2,0.2,0.3671968714927771,-0.009199908141947684,0.5862261225303683,0.73156051292116,0.25,0.25,0.25,0.25
2005-12-31,0.04336050761633542,0.6122152736124892,-0.5158510969628356,0.3532926980090583,1.37209837997704,0.6350521528918625,-0.5257985108717723,0.3391045289463491,1.348722937941357,0.5389724297776993,0.15847604505674553,0.20464226834923566,0.4474180786720788,0.7818350493690014,0.6192597609120966,0.13279145249436355,0.3809850883685157,0.668331374516159,0.5388851023852353,0.11857007167307113,0.1305041677168939,0.5551944850293165,0.8323913735758859,0.5614998891846058,0.025806454186796588,0.5364923173567002,0.7412460370296432,0.5996811055527086,-0.061868232572850304,0.2562468570311345,0.49570018979051744,0.7483084812999671,0.2,0.2,0.2,0.2,0.2,0.3282292767650069,0.09489585949794646,0.5050926343314885,0.6920833838205617,0.25,0.25,0.25,0.25
2006-03-31,0.012079206022826326,0.6512701297149045,-0.45022981679305385,0.33833331824143914,1.2836969320014393,0.6574508559346764,-0.4528500523990219,0.33429698805938657,1.2768092283511743,0.5615669526907422,0.1009528495200856,0.1792307895750895,0.4794728367972028,0.806523359869302,0.5799762682532328,0.09076483028598563,0.43733225177664053,0.7222466238743819,0.5637256874265697,0.031097627362092217,0.14369521468478066,0.5472532763197382,0.8439133474432959,0.4785648987134796,0.03662957366266654,0.5411851584135303,0.7806174926132308,0.6371093057768701,-0.10533466754948252,0.30449974327888457,0.42873458675479176,0.7084422500300863,0.2,0.2,0.2,0.2,0.2,0.3214693135677389,0.16178026347619384,0.4332057467125684,0.6756390355277302,0.25,0.25,0.25,0.25
2006-06-30,0.08230106095226052,0.5460607773873303,-0.4556472182590314,0.4826460681401062,1.3280111969045991,0.5906607074689351,-0.4758766121140834,0.4576580107901372,1.2875181169687155,0.4895510191318296,0.29722098293049176,0.16337090673982158,0.4694722865699275,0.7617806370989858,0.7129758368978639,0.07904178464530337,0.4009773085272315,0.625447187126718,0.4849752092865159,0.28330463963894464,0.12873185638331913,0.5560653243427951,0.765249458843209,0.6869691767090483,0.03446555372967322,0.5135409452099624,0.629262627553894,0.6383664769450643,-0.08990298483855531,0.2863314995659178,0.4549198962228012,0.7021252970852054,0.2,0.2,0.2,0.2,0.2,0.346832745378793,0.1364099753590957,0.4711642664340275,0.668899957539428,0.25,0.25,0.25,0.25
2006-09-30,0.07971670375366305,0.6103054895582749,-0.598779142043937,0.39746257210732006,1.4086411776454308,0.6538236369179875,-0.6192151156154095,0.3726441355211195,1.3697608669899797,0.5602042891013408,0.06426257127870716,0.3376959412097843,0.5412101053328362,0.578777788811524,0.5134190041844335,0.32552702222698165,0.5249707086986386,0.37534477114156706,0.5794551831039928,0.025632323927572493,0.192360921983716,0.5607334459345551,0.7659709854707892,0.4916562726742543,0.10746572557233497,0.5692479413724371,0.6667490396965352,0.6483578709888715,-0.13565341282893592,0.27403729146587885,0.4687053092322334,0.7039708927785644,0.2,0.2,0.2,0.2,0.2,0.30165037371101305,0.13441314127233178,0.49290047376381235,0.6630586739048733,0.25,0.25,0.25,0.25
2006-12-31,-0.04535303486437367,0.7955940031741651,-0.44803261551042456,0.3635329485208446,1.073426616723235,0.7746267004113715,-0.43881859725727845,0.3796277592620295,1.101275261573994,0.5766262271503102,0.0470594775034718,0.22006208752015866,0.5104210133970014,0.7714762900101586,0.5115440302595936,0.14340595441515067,0.4854878130671699,0.6832615086860702,0.5818572926631492,-0.017554063630941946,0.2084489868714259,0.56057419040006,0.7732988378995734,0.421114250277318,0.12528540054844706,0.567372179021077,0.6902266076577014,0.6709567369868924,-0.11844165403621083,0.17119645103102626,0.4892551906638141,0.8093012345533824,0.2,0.2,0.2,0.2,0.2,0.3136106120730188,0.012437281567707018,0.5090861058056043,0.7959985395905712,0.25,0.25,0.25,0.25
2007-03-31,-0.0722050761408932,0.7974279574771352,-0.5227529476797164,0.47053264181163196,1.0430255907892108,0.7652738635260764,-0.5092333523445344,0.49746899329330785,1.0891850206091929,0.5438321085614704,0.15888829426737225,0.24363027498011552,0.48109860939552596,0.7335014300671712,0.612267772088325,0.17831625071483476,0.42309699068303414,0.6062962481611062,0.5382699165510765,0.1449960558744939,0.18470564660355493,0.5693065708278524,0.7653378536754345,0.5822121703635864,0.09460215979103623,0.5464139071817391,0.6495458717029692,0.672469658364733,-0.12169465258708181,0.18916924059758955,0.4745617794116443,0.7992516434359941,0.2,0.2,0.2,0.2,0.2,0.31135279113997655,0.0525708902240776,0.4783098195289067,0.7775413173188698,0.25,0.25,0.25,0.25
2007-06-30,-0.026861058182675503,0.7721602082893584,-0.3871524692941137,0.49208046335018024,1.0002399337060492,0.7593942402612658,-0.38156324261294755,0.5015722415529176,1.0161672899061258,0.5494789941586756,0.16375347817136005,0.13225920158956392,0.512306858863528,0.8494381658212331,0.6283278890533706,0.01887915759201978,0.46922037079966267,0.7757997156722999,0.5528135218970294,0.11640734534983832,0.1667265756838014,0.5677822849941371,0.7956230571374904,0.5660196131150752,0.068120414959407,0.5514524370327664,0.6999088509018678,0.6812530767357972,-0.1082822054499878,0.12946313997392364,0.546459985360581,0.7804592796700136,0.2,0.2,0.2,0.2,0.2,0.33851429335357786,-0.014293499914667638,0.5632241192570536,0.7682240101519361,0.25,0.25,0.25,0.25
2007-09-30,-0.0937417143374188,0.8166094062481385,-0.14848425308528093,0.37199760870491083,0.7642896341581981,0.7763659890084013,-0.12867505091272183,0.4068529307770307,0.8236292851362659,0.558537582412547,0.1303652081507865,0.07058200881654171,0.5751032253129538,0.8969037747644836,0.5944496370388722,-0.07812786054865012,0.5660060684328468,0.8516888735902295,0.5584792162725044,0.08181222639441808,0.16492640098933395,0.58832180159672,0.8055722983461299,0.5231083099117201,0.0603045178632956,0.5853586921462007,0.7176508041860171,0.6899424143297477,-0.12195127908641268,0.13536813512253132,0.5464419674715253,0.7635002788490323,0.2,0.2,0.2,0.2,0.2,0.33065904850052513,-0.02946827882129446,0.5835830523021225,0.7672899762157864,0.25,0.25,0.25,0.25
2007-12-31,-0.04164525358311655,0.7567858605408542,0.07382826103940372,0.3319943446430985,0.6074987947587192,0.7369984013077325,0.0829753537147447,0.3464885499204264,0.6317650425804722,0.5940298289705187,0.034963239762405125,-0.03755757186522,0.5254976426861585,1.0415831963915487,0.5283441637439417,-0.26396970042994367,0.517669278959814,1.1252721481582648,0.5989465634113332,-0.05884478235915793,0.1272554838103039,0.5611870496330028,0.8717662276190881,0.3882714716641465,-0.004066068079313156,0.5790707300115683,0.8622737887905594,0.7001206633410508,-0.1931606635702913,0.11022868293179343,0.5517659950322494,0.7619127938090556,0.2,0.2,0.2,0.2,0.2,0.2312531908172984,-0.0689972877649473,0.6107204680810151,0.7840543655485531,0.25,0.25,0.25,0.25
2008-03-31,-2.5538189534169014e-05,0.7357340832172086,0.21711341248688273,0.23719160513909457,0.49733061249140614,0.7357211414212003,0.2171186741756627,0.23720029318642785,0.4973450029350982,0.5782336952572559,0.06970986269158129,0.021845271063291705,0.5965504342516179,0.9233252148619787,0.5540056597645608,-0.14858154527593861,0.6106561743991017,0.9125405799238725,0.5971106877332318,-0.03784958257431536,0.10909317818908874,0.587367503719351,0.862175886170423,0.4235021839826749,-0.022279390251075587,0.6146257377828237,0.8409443065453659,0.6063685075967202,-0.09305948102814662,0.052640291616499496,0.651228814816059,0.8444932426047145,0.2,0.2,0.2,0.2,0.2,0.2405665951726876,-0.04567659825186894,0.6360563892025407,0.7258121434478289,0.25,0.25,0.25,0.25
2008-06-30,0.09658883812124891,0.6993197689259265,0.1795229616474677,0.19527377548392746,0.6345200065337573,0.7546522658060913,0.1602350621060557,0.16287399924002294,0.5855739951492213,0.5652025531330316,0.07645733855890925,0.21383830725147937,0.5928333648296746,0.7046603575507043,0.5437589167824985,0.1393015070860123,0.5899039477702229,0.5825145309784748,0.5917360913811492,-0.012142421505826733,0.1287371232519451,0.6062319921682279,0.8174384290345375,0.45968176183561704,0.004209812468560493,0.6345631913926855,0.7757719403049056,0.7258683666718737,-0.21365921035975055,0.09470837454139089,0.5558807934937188,0.7148093494204695,0.2,0.2,0.2,0.2,0.2,0.1903547272938491,-0.020288351352603578,0.6625867370432353,0.6654110858446144,0.25,0.25,0.25,0.25
2008-09-30,0.16749835463431575,0.6022901157103934,0.30178666582319136,-0.01762694056967618,0.602896574343012,0.7036653737131205,0.2745650316057524,-0.0816316841520257,0.5234651605417981,0.5190705389426302,0.18502957642503842,-0.02362712292431828,0.71476910568352,0.8678057488699039,0.6090907900171519,-0.17597502978075993,0.713991590655179,0.7950693475834631,0.5507718545223588,0.10079495275361573,0.060112989363212126,0.6537124609347852,0.8585391952638495,0.5464304159618465,-0.07452694623959255,0.6510746872831026,0.8036518122131753,0.28025807319325896,0.039561604193578466,0.02986388179963544,0.7643888411235941,0.7353214904452628,0.2,0.2,0.2,0.2,0.2,0.1556197777153157,-0.0013956372756970033,0.6911283561016414,0.6033364793240691,0.25,0.25,0.25,0.25
2008-12-31,0.19853484466030213,0.6078937521873325,-0.003880072918583914,0.03733202894421649,0.9864510107740077,0.7300921190744983,-0.053922127070058175,-0.03802557589396081,0.9156279410969752,0.5195346397593233,0.17294016467993933,0.3586028911933424,0.5730593643145803,0.5076160707047469,0.5846570582850932,0.31904470967561493,0.5203793257428933,0.32765524431354465,0.5413575348009362,0.1274316708472549,0.127333952498938,0.6555111674967843,0.7763851446388682,0.5583541765343772,-0.005705419797680798,0.6472930352428472,0.7081937450417235,0.7500221408627951,-0.24118814568711824,0.13550457176359612,0.5172933360592183,0.5914842765734416,0.2,0.2,0.2,0.2,0.2,0.07486858222526918,0.024164488050197074,0.6906319674876055,0.5645674685755915,0.25,0.25,0.25,0.25
2009-03-31,0.5633518026642955,0.13580357585697997,0.3657455183461346,0.10273088914490901,0.530059337016582,0.643502325908138,0.4531564455347227,-0.2135429751033072,0.26449863288596787,0.49427561397086195,0.17682142927607455,-0.1455363248642267,0.7438264044872853,1.0126968461230719,0.5683389686555652,-0.28376080553572874,0.7190214364749806,0.9403630810291103,0.5706796478881425,0.06120934396133304,0.05697001835320983,0.6817256649966672,0.8088047286992898,0.543445283897254,-0.028268831587870545,0.6934821199223867,0.7031228126724637,0.5685127421284046,-0.2679179764072056,-0.022224587305265137,0.7417987028238214,0.7777865611136913,0.2,0.2,0.2,0.2,0.2,-0.10040457727384788,-0.04057392536307039,0.7042914129318565,0.5730408332441476,0.25,0.25,0.25,0.25
2009-06-30,0.6489559582782507,-0.20520643311803272,0.44301147527250206,0.3076678223154168,0.3033183064993297,0.27461132782135544,0.9045642778027391,0.07591134077432407,-0.3154451560714961,0.4515071752941801,0.25641722166046343,-0.32531738727355064,0.6588091955443593,1.2286903870085883,0.6190862083930183,-0.4508107342910418,0.5984913792082176,1.1754009349234251,0.545152282800116,0.15200610357222533,-0.05093966808269448,0.6735935583471284,0.8654755558448238,0.6480416121235019,-0.1274956368152759,0.672730393726602,0.7468293111928086,0.4721411620819238,0.37440286952503327,-0.31843465065959803,0.8187218005703529,0.8647099656821863,0.2,0.2,0.2,0.2,0.2,0.70708878157199,-0.3461053487259965,0.7469606915911349,0.6512139646609522,0.25,0.25,0.25,0.25
2009-09-30,0.6104272461340204,-0.14813935424644173,0.3869754942078172,0.3633700406685677,0.49753412190616075,0.3117218663562286,0.6716739460994867,0.19342390004983256,0.11607983602016557,0.4391865866622942,0.31837130273218617,-0.04528370832536496,0.6230214784594792,0.9324723659435438,0.6862448007738906,-0.08093648660393361,0.54901491052707,0.7793700117230594,0.43812624215961865,0.2663092479386571,-0.10469937072312104,0.7081325092664437,0.9783265821430054,0.6191699662035968,-0.15542842776747123,0.6557633580542218,0.8368472781532875,0.593088944368351,-0.07429927035596794,-0.22182596186788706,0.7779016764801922,0.8910048327236586,0.2,0.2,0.2,0.2,0.2,0.2566815828394378,-0.24615398223409088,0.8125396803243518,0.6994617506971725,0.25,0.25,0.25,0.25
2009-12-31,0.5390400973183865,0.09043360262229029,0.3197375952172815,0.5324269841982597,0.43729555082039595,0.5704124374456119,0.4877172128281306,0.44188490253099344,0.07802566371035609,0.44872559688783703,0.2375527362317955,0.16277389447646284,0.5914180210326542,0.7015745315441136,0.608905057349306,0.20927094497950893,0.5006234862739222,0.4887895075973027,0.4442195905396901,0.2236735231524201,-0.048145737121635085,0.7194871193767123,0.9046033370307791,0.5842091889865062,-0.06154324089561018,0.6635945483087544,0.7491334975862508,0.4107576704149332,0.5288157474520354,-0.3221678228746466,0.7336352061814594,0.8369144816731456,0.2,0.2,0.2,0.2,0.2,0.8432153817689038,-0.3018087320296514,0.6127466678361703,0.6206246662861781,0.25,0.25,0.25,0.25
2010-03-31,0.4302264535484426,0.15954299189210377,0.5566024313716047,0.3338128559280678,0.24223158265054653,0.4822728255313047,0.6926217142306162,0.18113733478989813,-0.08231298386133575,0.47099485588251283,0.19758133038023762,-0.185912031276764,0.7435535738626249,1.027512876699386,0.5910034764941753,-0.25229405988868503,0.7132310281679775,0.9178551560911256,0.49589505483024016,0.12245664483814735,-0.07414715819774172,0.7229839393928349,0.9430271383868885,0.5310840931539144,-0.10859353501397395,0.7011687856587826,0.8165867525772991,0.35049383105614296,0.6511672125422421,-0.36919268507963343,0.6924278383355545,0.8182997267213621,0.2,0.2,0.2,0.2,0.2,0.9049404233060985,-0.3542592901068253,0.5756315028538537,0.6148209613949758,0.25,0.25,0.25,0.25
2010-06-30,0.2869700496651452,0.3370511084084733,0.5219024706403909,0.5829710406279414,0.12449934106218057,0.5325961755327447,0.5676740596023621,0.49720472758894696,-0.08746765365300732,0.4695413966611935,0.23509689227043182,0.01759613333707499,0.6121231241210852,0.8818789976388673,0.6381917177298806,0.019550250387095132,0.5344000959884371,0.724099070962554,0.4737165977076235,0.19402409703549936,-0.05515408530011795,0.7170333829703923,0.9111389179149987,0.5907137039980903,-0.07730245939896674,0.6753676440848091,0.7640387959057459,0.585239318567695,-0.04373019893823874,-0.2536086001235809,0.744239656240634,0.9494140816681461,0.2,0.2,0.2,0.2,0.2,0.31592316729433567,-0.25033221870147393,0.7252284297147359,0.8196290012631533,0.25,0.25,0.25,0.25
2010-09-30,0.49529880121750364,0.032111484427187316,0.6133958690180181,0.48034732202567243,-0.042569444003573015,0.4017244121962598,0.874847424804471,0.35784146306647313,-0.5721164612688711,0.4424360192320406,0.2872424244463532,-0.22400009580226707,0.7006398792947609,1.0815785408725027,0.659550515199248,-0.27280326874127997,0.6403077901574068,0.9654888310192198,0.49967918399549693,0.17176431904661105,-0.10224327839610722,0.7051592271605471,0.9503809865579964,0.6053280866400678,-0.12682063723491802,0.675194210300479,0.8188558097573011,0.5243079129900177,0.1684459580388091,-0.4006581089043567,0.7672104445736443,1.0688246296346207,0.2,0.2,0.2,0.2,0.2,0.5421045646651544,-0.42912288700994045,0.6955442080469281,0.9520878823183102,0.25,0.25,0.25,0.25
2010-12-31,0.31192070787420734,0.06637801008248524,0.9087410552888152,0.46425196449621203,-0.5629864497800249,0.2538218789798395,1.0122857823778424,0.3601612236078379,-0.874685767009199,0.44786924201829514,0.27214559133755595,-0.23474572168674487,0.6801048816513661,1.1186898279317983,0.6514990159893788,-0.30442841337701726,0.6174541686411679,1.0347135021825973,0.4598858050799726,0.2208672486557601,-0.10745831649774144,0.7290716745215668,0.95956508322993,0.6043771538250685,-0.14248745216184858,0.6864028329961396,0.8332712184019884,0.4978616309903326,0.28567372329251006,-0.37690630152220056,0.7611752042322624,0.9936617507920305,0.2,0.2,0.2,0.2,0.2,0.6740408067156998,-0.41369435639151364,0.6747738355943117,0.8680202308327837,0.25,0.25,0.25,0.25
2011-03-31,0.04032019368161573,0.1547736147370611,1.002133997219124,0.5121117128231032,-0.9913442483543996,0.17639046918877085,1.002876799158199,0.49440841355689724,-1.0201101776643628,0.43992081285819223,0.30256250385262695,-0.13647182998842336,0.6278015129977602,1.0300573379706386,0.6848194073529591,-0.18712760116813804,0.5447957729107342,0.9395910307036606,0.43299514394830585,0.27590307159996785,-0.1016092974057077,0.7305531651616881,0.9335175433698882,0.6396928731423667,-0.14093262304549453,0.6736557112725468,0.813977030490101,0.48444783263403046,0.28419944655218543,-0.3815924285697761,0.7385913287829012,1.019085416211405,0.2,0.2,0.2,0.2,0.2,0.666237499297782,-0.437991646006888,0.6196417242623229,0.9629517740147129,0.25,0.25,0.25,0.25
2011-06-30,-0.09517536944958326,0.2940576129632794,0.9405116084864906,0.4889080559532292,-1.0061434034123493,0.2458803686061819,0.9515252280616109,0.5376591963545034,-0.9512156744473221,0.4624255861894266,0.24769063553840331,-0.15691242759871044,0.6541545937845291,1.0567782818564582,0.6510755669911501,-0.22252546597169606,0.5829006131442367,0.9883947275902765,0.46501056582677464,0.19350288852263978,-0.11770661778774451,0.7204938330951768,0.9959623767027529,0.5837179023183924,-0.17151432481184714,0.6718194528931932,0.9095519988287138,0.5377661263569935,0.05380352416982762,-0.35719993297428815,0.728306283197738,1.0622737822486346,0.2,0.2,0.2,0.2,0.2,0.4283128452526202,-0.4526525983342245,0.6246261705891752,1.1129640009377237,0.25,0.25,0.25,0.25
2011-09-30,-0.07353195470897646,0.36649416871596163,0.9375946459967622,0.31055335531126077,-0.7126534118614262,0.3292676036469841,0.9444605921603311,0.34659034807908573,-0.6674633158950443,0.4636040893124194,0.22123957260332028,-0.23094133555088395,0.7543154183102757,1.0638491622254291,0.6170993016467092,-0.3199087383820094,0.7118879182764013,0.9990774717005034,0.48753276452709177,0.13959940730655876,-0.1413951378420378,0.7354761344121085,1.0185851587462404,0.5480829619937461,-0.2108690119754319,0.7005173566416821,0.9568366682899576,0.5441423989893384,0.0556344661309601,-0.3664640263917841,0.7644536588761707,1.0467484953710582,0.2,0.2,0.2,0.2,0.2,0.4330590326633303,-0.4520541305409383,0.6603876771210296,1.0814397234223987,0.25,0.25,0.25,0.25
2011-12-31,0.2971927194325427,0.17160608460086807,0.8845711939037025,0.24313061483639314,-0.37453694580748836,0.36910770787046676,0.9710471624660726,0.1076677674103581,-0.6284158188845521,0.4690866978142387,0.1495774918940357,-0.223559495338716,0.8185147212469418,1.0281563231091089,0.5448202549953555,-0.30703722679625745,0.7879777943597136,0.9628326332683359,0.531279196295086,0.029988723253789824,-0.12600712075690793,0.7609800179753272,0.959046229779475,0.4885350445275448,-0.20149190683385051,0.7606099670367368,0.9255625288005479,0.5622415342561691,-0.5785971878614954,-0.22176999707500578,0.6433854682204635,0.7946005976755476,0.2,0.2,0.2,0.2,0.2,-0.5733225951546466,-0.1923360705567098,0.41916196596895744,0.7302319093070118,0.25,0.25,0.25,0.25
2012-03-31,0.17283471492446761,0.1601965038786102,1.0751107740149162,0.2697889673730886,-0.9142340615592106,0.2642753784592065,1.1046814651164945,0.1909542372202662,-1.0561729184779396,0.43398951553198195,0.2795910486210069,-0.11776662187456224,0.7395302764575035,0.9409236828296388,0.6615175778513488,-0.16335974941486622,0.6695054273788177,0.8460680527132705,0.4401808364700598,0.2521531281108618,-0.13824935118529963,0.7892855346799099,0.9274677086204556,0.6366688371270396,-0.19127988775784646,0.7353988691305969,0.8313576089440298,0.3787510064450081,0.5780867480782621,-0.48658513204947373,0.8023947964786758,0.8653730107333468,0.2,0.2,0.2,0.2,0.2,0.8742619646639569,-0.4984705669890642,0.642163064690787,0.7588814033271942,0.25,0.25,0.25,0.25
2012-06-30,-0.16803028458307548,0.5425820410093499,0.7974755613551219,0.3676552248525475,-0.679702273251571,0.46373831950463174,0.8242345875552111,0.4656303052546343,-0.5879821331240747,0.47557464526042253,0.19974441255726996,-0.12373399060770685,0.6862801856657085,1.0117385780965136,0.6264731349242811,-0.17900623774570218,0.6077779207828707,0.9564308408474296,0.4604661745481392,0.15442983488528347,-0.1496702788329809,0.7771295773542232,1.0130870032834907,0.5395183506614701,-0.2084596501678038,0.7226714117963151,0.9468174432414456,0.6165027483265968,-0.32901316754472143,-0.32700964193958193,0.7691744598436453,0.9153636517739687,0.2,0.2,0.2,0.2,0.2,-0.17677421005529126,-0.2888118254641996,0.6128702289713915,0.9172858194075925,0.25,0.25,0.25,0.25
2012-09-30,-0.030552505689100166,0.4315440744463375,0.9822654739431342,0.34812921808994923,-1.0566108803310046,0.4151676477912528,0.9835174225508414,0.3638629139258177,-1.037510662421163,0.4590557340414341,0.22852510596298276,-0.17922742827342616,0.7549838330946572,1.0176091387059503,0.6334641582300173,-0.24276985799722126,0.6905196982473787,0.9439635312983358,0.4877192027529765,0.15169784150891863,-0.13775400844712118,0.7781328222205016,0.9630366508767471,0.5812334036376191,-0.19814777407377482,0.7379637170351243,0.8905752578939035,0.5096608154395377,-0.08397588622014548,-0.4386791452741455,0.8767263030557322,1.0768148945818325,0.2,0.2,0.2,0.2,0.2,0.16025296313195625,-0.4061519675299084,0.7137231011671147,0.9970732081510952,0.25,0.25,0.25,0.25
2012-12-31,-0.03775368840505423,0.45396488230792614,0.7525507625012533,0.695616812233402,-0.8698627797703476,0.43403390702869976,0.7538565943773858,0.7158548178577592,-0.8460784619214148,0.47941434255169674,0.19040705336158212,-0.051869197736022055,0.6929849629880451,0.9390654790252785,0.6149376412778874,-0.0745902136828938,0.6116875905723831,0.8469125107544826,0.4806052750868116,0.173337376816585,-0.128767800487067,0.776113395350198,0.9593922329391162,0.5938319227293184,-0.17974413832244662,0.7256565751290589,0.8753956888319677,0.6100457952910765,-0.1739669675938504,-0.3769371053830788,0.8213843019753662,0.9704351927320679,0.2,0.2,0.2,0.2,0.2,0.11546266131939185,-0.35487885039768874,0.6962249255113647,0.9655629397704807,0.25,0.25,0.25,0.25
2013-03-31,-0.009678131229173005,0.5393683842811083,0.46224484967050333,0.8878461976178711,-0.7803934232625332,0.5341461229066463,0.46236032288684525,0.8928268138436942,-0.774044492071358,0.47497656765135926,0.20589034875459744,-0.009071288520208737,0.6693024738696379,0.9070127328349741,0.6264575100330714,-0.01701400611874717,0.5783595931711435,0.7980170672114921,0.4888963513804468,0.15108462522042315,-0.11373890870190662,0.7617542028602912,0.969858206198366,0.5769949621439951,-0.16227145326932035,0.7110215747139579,0.8922689347503572,0.6528448965945934,-0.08978067293641828,-0.42727036480221753,0.8198268904638836,1.0726231267972273,0.2,0.2,0.2,0.2,0.2,0.23091089971673154,-0.379088905441465,0.663401169290337,1.0346749321732378,0.25,0.25,0.25,0.25
2013-06-30,-0.16878083210374714,0.5192994380594149,0.39417004225819385,0.845702108494874,-0.9044175621140722,0.4401398976158171,0.4090581806829497,0.960745382674416,-0.8201784197980249,0.47115126125990026,0.22258521032004983,-0.10427982462754032,0.6682484701627871,1.0164368488174162,0.6429231249810418,-0.1513411019454706,0.5699479366192843,0.9594404294314911,0.46386870728673263,0.20639193524474708,-0.11753769254354163,0.7667327006771048,0.9686884370190983,0.6084470421058397,-0.16691779643975277,0.6986245428363239,0.8907491695632834,0.66019465570887,-0.11770407502806825,-0.4210059686585167,0.8075052238079249,1.0534331342924184,0.2,0.2,0.2,0.2,0.2,0.1815228368700818,-0.39365651350140224,0.6450720586902783,1.0714737277856052,0.25,0.25,0.25,0.25
2013-09-30,-0.13182174457360388,0.5582122703697708,0.10001856123263382,0.9747979306830803,-0.5153381155815053,0.4950082793435219,0.10456575400992178,1.0612291911164673,-0.4391499292627126,0.47870186873962123,0.21293631421015805,-0.05525676139815736,0.6723298784680198,0.9560607072477959,0.6424961588936111,-0.0883355581270513,0.5772422954844639,0.8835172857285927,0.4817688163684737,0.17334264666748636,-0.11851054792327746,0.7479205048124581,0.9906195285098478,0.5942861848590365,-0.17513980757282177,0.681282524428733,0.932775398839259,0.6527936524175401,-0.058441477608931994,-0.42982199245932845,0.805090695135565,1.067497998110108,0.2,0.2,0.2,0.2,0.2,0.28749455392564305,-0.41682899941721047,0.6390605384347091,1.094597537624201,0.25,0.25,0.25,0.25
2013-12-31,-0.113981824190123,0.47461031002045034,0.11445274022788036,1.024048548447977,-0.3959474362613559,0.41799073034229905,0.11831829761148371,1.0969274330182794,-0.3278373139327386,0.4597953224301537,0.28411949117443,-0.1974257135019602,0.6888742411504096,1.07058926699994,0.7004819447488653,-0.2711698944538974,0.5926986267538102,1.0208979266858484,0.45867277126335876,0.24830639187340722,-0.1461911745150228,0.7459152754795194,1.0035815116567557,0.6515904683315448,-0.20361637215406958,0.6670675170850516,0.9323545887837965,0.6035592042412825,0.29188152814404783,-0.49752977395676623,0.8275528949803357,1.0172642191879533,0.2,0.2,0.2,0.2,0.2,0.7839636063428227,-0.4863862504943723,0.6331646201749448,0.9070432177173171,0.25,0.25,0.25,0.25
2014-03-31,-0.3259077866760909,0.6475314213256014,0.022878303260790447,0.7908135335237768,-0.3905603244338256,0.5306202506229338,0.03285178420007892,1.0781807381584596,-0.20614295867779883,0.48702759367094767,0.19463432275362536,-0.11162434948135647,0.7353941588924634,0.9749855605553979,0.6305389955165615,-0.16657951614684297,0.6694048803162421,0.9151290515923037,0.47771382816635677,0.1694620238104828,-0.12026470859154542,0.7630129940212045,0.9946884867148524,0.5792285907493003,-0.17527965535757886,0.702177220594852,0.9347075613785915,0.5942983365947736,0.10662999285361584,-0.4841869652648744,0.8539577110310088,1.0987368672043623,0.2,0.2,0.2,0.2,0.2,0.47175734328310165,-0.46314969170554315,0.6853320015572696,1.0381577159118895,0.25,0.25,0.25,0.25
2014-06-30,-0.1453313914596517,0.5401643378990878,-0.1867076765589377,1.02076421594827,-0.035466762986959305,0.47126197199762815,-0.18745912196157094,1.118316342074401,0.05774488907476376,0.49420054851034473,0.19904423937810545,-0.04749763553765779,0.6614515580828076,0.9502552284353332,0.6499247769162714,-0.08124904694223907,0.5704172904952985,0.8867557447818275,0.49168959532221873,0.18058042990472278,-0.10346280874209128,0.7427415528342093,0.9646838516431339,0.6194149620085434,-0.1582783833556569,0.68205415642035,0.9047606614985763,0.5314522088214,0.4370915847465303,-0.4894774554481112,0.8191181784684486,0.9700803650892769,0.2,0.2,0.2,0.2,0.2,0.8512626543146532,-0.44728040994103396,0.6195937102524222,0.7964478667769483,0.25,0.25,0.25,0.25
2014-09-30,-0.19140175249267177,0.6536258384300332,-0.329707320938321,0.9128201065139003,0.31150290278837706,0.5713946746249291,-0.33859092615655445,1.0487315506985408,0.450634033759279,0.5122629001431175,0.14058758810513639,-0.08354230647859193,0.7208869435420308,0.9638671413325027,0.5994433378321881,-0.1338101753506314,0.6618363079033989,0.9143300464104226,0.5087398902331395,0.10058941398787022,-0.09726969686446603,0.7509579635383776,0.9862688885400699,0.5352857826938427,-0.15234623591907545,0.7025350865542559,0.9429130526436389,0.6493616405736378,0.010117698555101095,-0.41113204409865467,0.8302998819143262,0.984361459894536,0.2,0.2,0.2,0.2,0.2,0.4205748874937715,-0.38352498152298914,0.7113862804072103,0.9391081478098298,0.25,0.25,0.25,0.25
2014-12-31,-0.11827659215614825,0.7699596191813295,-0.2885520421797863,0.8827017319531718,0.3607085908781077,0.7164442284234602,-0.2903340160818948,0.9561075177120553,0.44266682708519545,0.5327692000953763,0.06829003332964098,-0.12717140802737734,0.7318357462207107,1.0187492614674298,0.5305547185871371,-0.2056825724702167,0.6905735008928011,1.0152576424150666,0.5429880377561142,-0.0048327744811956916,-0.08074661998597502,0.7473471833016437,0.9738832060303392,0.4398842591812615,-0.13977580853577695,0.7237461282607613,0.9616919768157071,0.6409572799803974,0.07960460109752578,-0.4328908754755856,0.8489618506112396,0.9948031668994892,0.2,0.2,0.2,0.2,0.2,0.5257781480257243,-0.38735599445009655,0.6997469615829249,0.9107441165281726,0.25,0.25,0.25,0.25
2015-03-31,-0.09922108647199027,0.5970147701260845,-0.041384994257534634,0.9962707924227233,0.09353469400151661,0.5490393951643822,-0.03976133994428558,1.056962260637208,0.15852157744654727,0.4898745528000963,0.22658412730859892,-0.16797736088385432,0.7075760733021603,1.0455908050641511,0.6702225986235238,-0.2435475532136683,0.6272259930933655,1.0025836257836311,0.48415451015802574,0.21248728499315542,-0.11277411803495756,0.7649251513353239,0.9564952103963182,0.6402508024792534,-0.1661291546187917,0.7026363602688247,0.8767504081513939,0.6347315924076556,0.12057363585613197,-0.4234035879827862,0.855924984741606,0.962000966046567,0.2,0.2,0.2,0.2,0.2,0.5904689274952163,-0.3751766036530916,0.7071680697754653,0.8522717423203835,0.25,0.25,0.25,0.25
2015-06-30,0.10558750012676132,0.17671617438811035,0.08455787766214522,1.0817839222412025,0.33036410404764693,0.23570873133120124,0.08361505534609896,1.0391529416402248,0.2664262995306099,0.4942802385557263,0.22593091171630092,-0.185832645431932,0.7190626873449167,1.0476605810664383,0.6753699736728785,-0.268018263342059,0.6430732075128254,1.0125707576324106,0.4832029905429848,0.247722459928405,-0.13795650187263395,0.7645412507985203,0.9532845074932085,0.6837535345467437,-0.19787396638663102,0.6997352652605403,0.8749236513573058,0.6442680840771805,0.11906228913161528,-0.4250769122887367,0.8656506216262365,0.9400078570921232,0.2,0.2,0.2,0.2,0.2,0.60675275578515,-0.3841239696859083,0.7259949786314801,0.8248010926360314,0.25,0.25,0.25,0.25
2015-09-30,0.25643028000525986,0.014773462517367386,-0.07770995808689254,1.090630717522853,0.6452088594327029,0.1630442151274044,-0.08995789482782662,1.0281679633118312,0.5211442102204163,0.508194817883405,0.20037151958238392,-0.06777497175206991,0.6981974169640345,0.9295492442895842,0.6682701229520748,-0.11350534196380342,0.6224501556951602,0.8700889527271544,0.5023855802333607,0.19984517666993334,-0.11740843460650681,0.7605212470859493,0.9392887014168111,0.6557405138809934,-0.1813855511408038,0.7067093886341245,0.8790192738311274,0.5270649167768279,0.4691136209140706,-0.40679275983902424,0.8272523063812527,0.8198889844451701,0.2,0.2,0.2,0.2,0.2,0.8869907333777333,-0.3187779192481516,0.6106803968735836,0.5938243549657306,0.25,0.25,0.25,0.25
2015-12-31,0.32901736229484885,0.19562873546346826,-0.14241754157978023,0.9861353217646632,0.8801969973963538,0.42287483449882024,-0.17083860351125382,0.9207025963282249,0.7656403753726531,0.5384021904170618,0.05426722830632384,-0.11930239587572308,0.7760678317049534,0.9595726054316142,0.526682337829038,-0.20321998054644042,0.7568682380027716,0.9544578537986076,0.5644777689760124,-0.0619331233291048,-0.08819428930836083,0.7545787965312171,0.9549690414917402,0.3991647359832542,-0.16846015658720676,0.7535726946097537,0.9880374061789394,0.6545804287110017,0.15541607808631863,-0.2863621427113574,0.9180081020247575,0.6535747963882116,0.2,0.2,0.2,0.2,0.2,0.6562736759429503,-0.19431962668536118,0.7803405330624253,0.4930545328673842,0.25,0.25,0.25,0.25
2016-03-31,0.30324015267179233,0.13183573877914861,-0.008888215085738645,1.0308440223371418,0.6877130637217788,0.32784652305523965,-0.020673950530274796,0.9652956620433448,0.5564890621230038,0.5273107510977979,0.12556700991186848,-0.14022818416323057,0.7184528554809081,1.0175998604206815,0.6059109693800481,-0.23055788738466362,0.657818015513775,1.0251328324838183,0.5227014872469202,0.11537815147903509,-0.10078351470582018,0.7827240492618258,0.929882377940696,0.5815273724853277,-0.17086257716835987,0.7479926359955037,0.8918603261099138,0.6848936772756099,0.017900222638923578,-0.2919383107462371,0.8791304027772869,0.7305701163978464,0.2,0.2,0.2,0.2,0.2,0.4761112464406879,-0.23677576790304591,0.7026743432204294,0.7662556077352218,0.25,0.25,0.25,0.25
2016-06-30,0.3881219624062472,0.04741769083078936,0.09229583904669059,1.040249513647725,0.5075647222699224,0.30733207315474725,0.09114607543726216,1.002551957179375,0.3316062484203321,0.5120536332022364,0.12062075202381743,-0.026675132993702805,0.8136751815997105,0.8161357009515489,0.5671037333702764,-0.06665615709562708,0.7893837264173599,0.7307646826311804,0.5306909343619943,0.11067709725272017,-0.06554316381133823,0.7965851142421878,0.8500158770433386,0.5899265272477305,-0.12767546910769492,0.7817223145556094,0.7935496929579449,0.6933361613185423,-0.27395809423012063,-0.24719394395869637,0.7769908121708134,0.7719402106173262,0.2,0.2,0.2,0.2,0.2,-0.2043911601157834,-0.1658630353045989,0.4738259245643754,0.9693421839683019,0.25,0.25,0.25,0.25
2016-09-30,0.43707480314754865,-0.0027213537504545576,0.08121132748962769,1.0794646134222434,0.3889097896406477,0.2957118920796403,0.08029844799240833,1.079349669780997,0.1653935078393031,0.5137593610610143,0.17754857212018255,-0.10173019059075912,0.6973086831586519,0.9769566979881884,0.649483113901838,-0.17288778062150634,0.6244741606851971,0.9570699559109658,0.5206169752885702,0.13752396471818917,-0.1012238885696001,0.7747167275169956,0.9223429145599022,0.6063252275444269,-0.17494512086298683,0.7395035045864456,0.8860220741183419,0.6410838487511551,0.2219653296524506,-0.34955802419961823,0.8689970088468744,0.7799445347802203,0.2,0.2,0.2,0.2,0.2,0.675665601624905,-0.32999530829918494,0.6248775472060859,0.828741784759049,0.25,0.25,0.25,0.25
2016-12-31,0.33824250807983397,0.11567356613231353,-0.08411138778459162,1.1040505013134467,0.6165043168909,0.33800224816950175,-0.11112231822417422,1.05755395208993,0.4741138551619719,0.4954520455518577,0.24994202584096148,-0.11153525618629616,0.6939342111301079,0.9621310018432839,0.7093603906345468,-0.18104797373158288,0.6121264046120355,0.9213762917160151,0.49559590572890133,0.18354836071828376,-0.13255278287950734,0.7665085666397962,0.9813943296322958,0.6188115810437664,-0.2098567087325631,0.7114743556483124,0.9478494691211852,0.653579472757571,0.17332463725650551,-0.3191790999758977,0.8513426581661568,0.7742270305827443,0.2,0.2,0.2,0.2,0.2,0.6121799642713083,-0.2852930828715291,0.6015689221574798,0.8548347549353146,0.25,0.25,0.25,0.25
2017-03-31,0.2300261315582794,0.16709037966701612,-0.7439032671140912,1.0079900671049786,1.1283862745863336,0.30761077350420046,-0.7897096083897704,0.9417734718400159,1.0441244852919378,0.4929529938519688,0.1614209378124766,0.2694600318880843,0.7010829584826069,0.5052831818835459,0.582881414351846,0.3508470390497428,0.6194922587745724,0.2854458677299453,0.5011199953700808,0.19968788923665629,-0.05780073817268774,0.7833509899255056,0.8569661447156025,0.6502037065974376,-0.09567507279859312,0.7363131269747127,0.7678533916192869,0.673544434089527,0.031218962759269615,-0.21931423746410886,0.8076091644890807,0.7454294763228049,0.2,0.2,0.2,0.2,0.2,0.3887725892914027,-0.08265366237030287,0.5007699785636411,0.8476507958543477,0.25,0.25,0.25,0.25
2017-06-30,0.16365331978459483,0.3424082800262931,-0.5963131576668386,0.9831011852701157,1.1548611450710362,0.4420876680259383,-0.6162306424499568,0.92521677745807,1.0841778984654886,0.5299310935183866,0.13419930084623286,-0.22820199638935085,0.7513288357138371,1.0739677186453707,0.6117972027734515,-0.35187471373914214,0.7093511821333703,1.0993901115271163,0.5363015414325953,0.05843459722529941,-0.10105973124090492,0.768843178231273,0.970350317900837,0.513554822655653,-0.1694319158782307,0.7402875044334095,0.9560659820508693,0.7048724325678019,-0.29344240908706565,-0.4334324751795083,0.7942581784312073,0.9045116924064857,0.2,0.2,0.2,0.2,0.2,-0.21005195540647206,-0.4908803178435718,0.453090677550266,1.2600588091675544,0.25,0.25,0.25,0.25
2017-09-30,0.2807328482343761,0.22460384437057823,-0.5062628405868072,0.9635235122046995,1.2224133652156042,0.4075534996296009,-0.5559289460595626,0.8920400338874398,1.141699470207355,0.5243024715312725,0.17805385344791091,-0.17621412648927187,0.7547758920982464,1.0001510733251433,0.6616424881413685,-0.2716948460827553,0.7079192780821448,0.9838412698257986,0.5275141913112034,0.13700776078362092,-0.11255470319756578,0.7789074519171495,0.9380466694229067,0.6092460275346184,-0.1817213522197565,0.7450745427003865,0.8978838584770612,0.6949680546804209,-0.040887081123921934,-0.5634968535177898,0.8891915537081023,0.9373825764343162,0.2,0.2,0.2,0.2,0.2,0.29655294106388447,-0.7284640793875261,0.634649662743158,1.2719806876833997,0.25,0.25,0.25,0.25
2017-12-31,0.28889820218521095,0.16624409617366367,-0.566581761837234,0.985658268738884,1.226933154631236,0.35075778684565556,-0.6243966916094537,0.9158839969675181,1.1466702782333777,0.5332633550039162,0.1777156095379776,-0.0472937466226161,0.7039181743369898,0.8909018168982368,0.6783974904046383,-0.08869529392511347,0.6384751913613068,0.8324080975288964,0.5213030000939689,0.16995992582672184,-0.09737158395801752,0.7808864194225332,0.9091567593497061,0.6419530291615979,-0.15729437039578686,0.7410153668600675,0.8485935608699557,0.6982039897526519,0.05993501886351528,-0.45465145332847107,0.8862520903845441,0.8424901891605139,0.2,0.2,0.2,0.2,0.2,0.5044505044286386,-0.5115450317235265,0.604935057521896,1.116851789668612,0.25,0.25,0.25,0.25
2018-03-31,0.12089801218102096,0.42029893342502384,-0.7545366314809584,0.7562242099807033,1.487310065419107,0.49162692659888757,-0.7675011732934035,0.7066925885721611,1.432865138059598,0.5436636929776962,0.10287698907476964,-0.05987055467849175,0.8130015870922918,0.8419273190429335,0.5859390478322266,-0.10571777861291334,0.8144302404065504,0.7581022318046826,0.5460789371595994,0.05074877179996801,-0.08734452625413991,0.7911978223442396,0.931671351279747,0.5130112489174655,-0.1475138600432732,0.7844610522239838,0.8944307085529732,0.6929865046101805,0.09324964912382241,-0.35299117602478153,0.8897742854973145,0.7344823451840304,0.2,0.2,0.2,0.2,0.2,0.545796783500807,-0.2936816643629989,0.6402274741399833,0.8656572383404397,0.25,0.25,0.25,0.25
2018-06-30,0.16758150369392927,0.418983810781332,-0.6999896122315621,0.7026897508323631,1.537242371894681,0.5225140914303187,-0.7229519250617344,0.6378098644097739,1.4756733028233933,0.5394742940431326,0.16512946850255314,-0.11604494989467101,0.7550757385260439,0.9215688997796385,0.6694814661180788,-0.18949469176648182,0.7255218193177592,0.8817139568867411,0.544531167804861,0.0849800650217027,-0.1041312168239316,0.781808652574565,0.9363036831565724,0.5615272009904209,-0.17403405755437767,0.7698715866574767,0.909081721667278,0.6769189909764141,0.220655974807384,-0.3664393156375578,0.9667695998343219,0.6031601773806968,0.2,0.2,0.2,0.2,0.2,0.7403268366005443,-0.3018134875239838,0.7597491406002947,0.6004004212229165,0.25,0.25,0.25,0.25
2018-09-30,0.17290622408726783,0.34481780788519895,-0.40895922978263394,0.882148741897712,1.2266484149262191,0.44887529995660086,-0.42324038124103325,0.8215588892642287,1.1535923390555012,0.5110128772655173,0.2719640950467259,-0.20422316765148413,0.7006908163173292,1.0248677840084208,0.7542851917121455,-0.2939657721657882,0.6308099019458343,0.9921862917569997,0.5046214702011121,0.2264504000592098,-0.12949504071292514,0.7874475010531025,0.9283190107248608,0.6784397233442224,-0.18773195541291093,0.7471522754922476,0.8534557370053493,0.5766225227873987,0.5063151073101483,-0.07917374265554472,0.9075191141903024,0.24898802178713358,0.2,0.2,0.2,0.2,0.2,0.9237106527114145,0.15798579170735835,0.5885353617180221,0.0014271900818652234,0.25,0.25,0.25,0.25
2018-12-31,-0.08306073058130646,0.6009255946826549,-0.1577421735894814,0.6850347599165819,0.8857456368109996,0.561051418042686,-0.15688230981264556,0.7297480946866179,0.9420037372357767,0.552932167314129,0.11638051842516928,-0.19062593065391972,0.7781295788993459,0.9993368996464244,0.6153001524469021,-0.30791305137311875,0.7758114723903315,1.0084454976104509,0.5474751350119579,0.05913278603505396,-0.12261410640934207,0.7933673581562938,0.9675095800221502,0.5175826780193946,-0.20201929048754577,0.7928523282303558,0.953090645780281,0.6938353775681821,0.18467780565250203,-0.40788794197336525,1.0622661356746936,0.4873798053715175,0.2,0.2,0.2,0.2,0.2,0.6989739893411822,-0.40079769405175303,0.9544932183478972,0.41293068171975983,0.25,0.25,0.25,0.25
2019-03-31,0.30015876074729914,0.5333804600987714,-0.10816618507895366,0.8516277994553395,0.7718766788266579,0.7643712828611231,-0.12354504410897052,0.77813985106518,0.6393029783626255,0.5728199729426946,0.014032348290167557,-0.05488852198909027,0.7363054166170987,0.9147006700816743,0.5243272339101134,-0.10195010791750261,0.7472397828761471,0.8899263527711803,0.5995656727484602,-0.0800287879762294,-0.0802913607184366,0.7506039494306291,0.9105669907041626,0.4305366030831028,-0.15555194308144235,0.8136516631249591,0.9290973193845915,0.6578929674424312,0.1600759173179373,-0.4294405893725358,0.983046078138413,0.6669078416588168,0.2,0.2,0.2,0.2,0.2,0.6660266626979059,-0.42044559661302205,0.8294267300112481,0.6705882808657244,0.25,0.25,0.25,0.25
2019-06-30,0.16213219671817553,0.4560838389572146,0.11832757107933427,0.8164978383665787,0.6524260699811799,0.5586822952093702,0.11762089320038245,0.7589809954236406,0.5635053469138782,0.5312992767867775,0.16820187281310445,-0.23661510792435886,0.7511243875488958,1.0733850102898956,0.6672296881555939,-0.3612974644567974,0.7281859835444651,1.0702322847304337,0.5055747511169459,0.190300670492594,-0.1680433249904704,0.7988067173262964,0.9943073773199695,0.6457624227705534,-0.24803982644504036,0.7753485718048201,0.9312280292274627,0.6669760351942299,0.0909382862263083,-0.4434708937292854,0.9467729620185437,0.7193674620331024,0.2,0.2,0.2,0.2,0.2,0.5966225768403367,-0.5043671716225528,0.8197150677561164,0.7986057001860432,0.25,0.25,0.25,0.25
2019-09-30,0.007855774080567752,0.6756983433032795,0.03888951254707809,0.6611984684980053,0.6754932247469567,0.6800221377011574,0.03871910566013984,0.6575373555736717,0.6705283898488336,0.5537363482966208,0.09987158908401945,-0.12647350632724827,0.7824051650271099,0.9457717424540687,0.6125191301241326,-0.2112981491638106,0.7950799060910442,0.9039246640967126,0.553406698797005,0.027711070198146594,-0.1458066977100635,0.7925862968209573,1.00596639143327,0.5018731308541362,-0.24056276881059294,0.8101955644043828,0.9952018150654294,0.676724461239478,-0.5731869457106524,-0.16249397843833313,0.7827180810091924,0.30326929080092657,0.2,0.2,0.2,0.2,0.2,-0.8052755003356403,0.08348524865707403,0.4917831390111738,-0.0697577838219881,0.25,0.25,0.25,0.25
2019-12-31,0.07994702676519334,0.7855610619135892,0.007577035788116321,0.6836753523904419,0.5625600939995209,0.8338159565697738,0.005791996140851017,0.6498726103470603,0.5149709346805268,0.5657180280254644,0.05166007418107365,-0.04828289471566717,0.7789107394576094,0.8761719868345559,0.5604952959829069,-0.09570756744761562,0.8019837833943503,0.8103767223121271,0.5714522663446427,0.00756992959142397,-0.10849911806868667,0.7970726546675315,0.9387167986750105,0.503852139325741,-0.19301786317689626,0.8386530880428826,0.9161985807702488,0.6974503746412748,-0.24605244663082537,-0.38310546628527803,0.8619072517320755,0.7168373824851895,0.2,0.2,0.2,0.2,0.2,-0.11050456154609345,-0.41946885797272543,0.7031122247176338,0.905768308644325,0.25,0.25,0.25,0.25
2020-03-31,-0.037156883551000414,0.8632056496804292,0.027631063044853472,0.6613729326794815,0.41018785718657236,0.844125263637091,0.028572604992212012,0.6798115654068372,0.43429648815184474,0.5452021443596798,0.15861578845749796,-0.15573622710624124,0.7508482768157708,0.9958184558590981,0.6754775228144123,-0.25128131205232157,0.732937226182114,0.9666342623437776,0.5294957029929632,0.1267148408828695,-0.16174102427944012,0.80741370725856,1.0059684426933564,0.5952674312340527,-0.25115239152762564,0.8010084256743363,0.9639520561013686,0.6814501649262967,0.08460720972357899,-0.3975784471281102,0.9732952995315642,0.5962759268465947,0.2,0.2,0.2,0.2,0.2,0.6232786344456129,-0.43135436103679964,0.914433564931848,0.5696469349988326,0.25,0.25,0.25,0.25
2020-06-30,0.3513085092672661,0.26153207526307487,0.6150281834908159,0.5443077263209608,-0.18429397823660798,0.5369097019797017,0.7391733436971608,0.44493494451224075,-0.5062503031086192,0.5319290466000071,-0.030527918456563583,-0.6611617948016831,0.623214817765805,1.5116502273602654,0.4196287347881502,-0.9094414330433847,0.5733876636725511,1.6586129849494167,0.6111492141185236,-0.2244837700773197,-0.2605510567038771,0.6884035960537507,1.111448817458007,0.2565097350308145,-0.3894241980754198,0.7850426762835145,1.2456745540367447,0.36909802393155394,-0.4281162939286148,-0.9613422994399647,0.5851128521580334,0.7344941753840888,0.2,0.2,0.2,0.2,0.2,-0.33369055879914583,-0.9232099335190237,0.33252928757518796,0.5820288286062988,0.25,0.25,0.25,0.25
2020-09-30,0.6296898697589356,-0.5459637988517453,0.4467879052352924,0.08177154733218839,-0.38702185689558194,-0.3292580649305641,1.0268764527843797,-0.3811329184623793,-1.8015139790480827,0.5111883895704674,0.1325933949108046,-0.32180623660345914,0.7545581920147285,1.13670082277529,0.6453044606756521,-0.4194629400610462,0.7779991415529465,1.0942783822076045,0.5157443492186399,0.18403448572874487,-0.30800082639517046,0.746625481624677,1.0605235577279966,0.7300314900637963,-0.4031249809260052,0.7712395860456301,0.9896980468500258,0.6032360995166367,0.03323925140218953,-0.5457973930800469,0.9193036519669366,0.7208132339273713,0.2,0.2,0.2,0.2,0.2,0.6159991728572423,-0.6452281733175681,0.9401260049874111,0.6453890083013175,0.25,0.25,0.25,0.25
2020-12-31,0.5972402974566282,-0.42845350886713063,0.5415204822624351,-0.02388591168340699,-0.4846990717020714,-0.11314946857916414,1.0457090517458858,-0.4903325096161141,-1.6924307247195587,0.5172814608647995,0.06306476723269892,-0.3984062717655052,0.7931820866060654,1.190404304982501,0.554367209401517,-0.5453259042756738,0.8483547807525174,1.1829189672106573,0.5350135835903925,-0.0500821617284509,-0.347007207244285,0.7555550558466937,1.2221950109074187,0.4223312131977432,-0.48877602666051867,0.8155489647263534,1.2605231473008507,0.5258313615972084,0.12557088660640414,-0.7977041900875359,0.9372317131367275,0.7757568192608145,0.2,0.2,0.2,0.2,0.2,0.5638575605453694,-0.9551343652965779,0.8776543223640764,0.6677059092878733,0.25,0.25,0.25,0.25
2021-03-31,0.6355050879575935,-0.6241976682876686,0.3695011709941216,0.1300426560521661,-0.3505197143618397,-0.5138718955139088,0.875628018558464,-0.2819533070194329,-1.789090725070582,0.4329199489215332,0.39401449090719703,-0.15866262392948824,0.619502905284509,0.9448303724438488,0.8299094897464947,-0.17454488394773168,0.5577580180393369,0.7907166212379063,0.3895018047884913,0.41110436597496175,-0.37689875416220814,0.7744600891081982,1.1118318640185518,0.7759867010498263,-0.42841326586769163,0.7351771746551091,0.9873462002465221,0.5492861263444581,0.13518354328590573,-0.7322132016724249,0.8465720741861485,0.9707272226414683,0.2,0.2,0.2,0.2,0.2,0.6385783884030164,-0.8921654332286203,0.76885910884054,0.9776662346665448,0.25,0.25,0.25,0.25
2021-06-30,0.6089951452543466,-0.5681480744059787,-0.2643547298826459,0.09215185729408154,0.2175267208965075,-0.366683376696727,-0.4440643027551348,-0.2952238027189783,-0.43569387798869535,0.460019206622524,0.19311348676245704,0.18499295455887999,0.7211335688360717,0.49373276822006773,0.6224652864589119,0.2722170838284425,0.6976522053023616,0.20441082621714504,0.45234204564841124,0.29097122746462967,-0.29277969589012665,0.7956331901876116,1.0280059844794094,0.7355110611691486,-0.3479766696386588,0.7898244784617992,0.8988137668671141,0.5731364308941487,0.13438284093518954,-0.5609919062438485,0.8482551718422252,0.8532079591485561,0.2,0.2,0.2,0.2,0.2,0.7018956863736915,-0.6623363795425312,0.8038295899116931,0.8308576556133221,0.25,0.25,0.25,0.25
2021-09-30,0.5773740626961731,-0.31310994427935535,-0.43825176907019436,-0.020174328135017128,0.4152104890111735,0.06944060105127153,-0.6946980475337615,-0.4275383850272468,-0.01512909444894283,0.5348460326461884,0.06611957333585561,-0.3045203876119717,0.7694689996410929,1.113145142402345,0.5935078117896752,-0.4193683817096915,0.8347050679722745,1.0845485121438145,0.5287061809390965,0.019127823484110407,-0.3011737472881029,0.767593292859907,1.1644779344016754,0.5097551642043779,-0.4089055254767449,0.8237676126861709,1.1520897712011686,0.5782185772443805,0.11036207325267236,-0.5531587455571525,0.8369099018958575,0.8582320903555828,0.2,0.2,0.2,0.2,0.2,0.6796378067832451,-0.6704069457239596,0.8104603144203061,0.8561565490407662,0.25,0.25,0.25,0.25
2021-12-31,0.5500730393921587,-0.04301505105078291,-0.6509063409097234,0.031159397667815624,0.8643769016984144,0.45821760712725446,-0.9720048745088725,-0.2960990408588926,0.7164462039544106,0.556924425368771,-0.0033547898670360367,-0.16624654137895833,0.774018278795223,0.964940556417507,0.5362374928289382,-0.22030238907939698,0.8728269874642087,0.8811958997949297,0.5595733146055728,-0.046092426801861645,-0.26020392467263087,0.7570522056155273,1.106998783217755,0.47444448238122267,-0.3718847295184897,0.8503918032812144,1.1115908432442225,0.5792128618163616,0.09826184144833762,-0.5497942538772974,0.8276815420582749,0.8735145581661512,0.2,0.2,0.2,0.2,0.2,0.6628681235166892,-0.6684914403805545,0.7949946231064237,0.8894798452728482,0.25,0.25,0.25,0.25
2022-03-31,0.2866446079426626,0.16298745218712768,-0.5876925187139004,-0.5679502716852415,0.6080446481895682,0.3688100670883819,-0.632954014085091,-0.7272976231913575,0.4444714240948871,0.5025153289047153,0.028446616885912553,-0.1689166945692558,0.8696095610262444,0.8507222141537373,0.4740742991330919,-0.21754378647639674,0.9931481389652085,0.7059750890085257,0.5297832907801173,-0.008410668798391786,-0.2225658748938312,0.7718373558419562,1.0149096826466943,0.4728554641290878,-0.310625599631771,0.8933224957048856,0.9683407248930033,0.544663039288958,0.1385131796900747,-0.5493601908372799,0.7824893870889837,0.844560668085922,0.2,0.2,0.2,0.2,0.2,0.6748208749621863,-0.6924675460629475,0.8018021704700817,0.8493657656116483,0.25,0.25,0.25,0.25
2022-06-30,0.4562285060085389,0.1045055376007757,-0.6514000668806944,-0.010581141082237804,0.5480809235011306,0.4968810349125942,-0.8326537137201643,-0.21871333611845925,0.30546434933078725,0.557574537233254,-0.06343174153614121,0.08141637158432959,0.5878199730310513,0.7825777403082084,0.44293937021447805,0.158756008996606,0.6404248274009876,0.6446484040478918,0.5661638744094487,-0.03714490399229712,-0.14280577897071603,0.7381307797224533,0.8884754404600465,0.5067165400564536,-0.20870752735685094,0.9016025419671573,0.8273350525055914,0.5393040910163157,0.12840143572057167,-0.5643448458174208,0.7224699176894062,0.964703543753584,0.2,0.2,0.2,0.2,0.2,0.6556178690865146,-0.7128001433681241,0.7111079591071878,1.014122619848133,0.25,0.25,0.25,0.25
2022-09-30,0.5580539401011975,0.03939153048700375,-0.5509516833024641,0.04653796256670555,0.7782038275990553,0.6165663400944542,-0.8857582194851661,-0.2591225483921613,0.6403153275022634,0.5062171370163516,0.09523506219413333,-0.14808790330437982,0.7640664658375541,0.9387982143061155,0.5759691815671174,-0.19749553434068068,0.8341308887769304,0.844682411007719,0.5568858298849668,-0.025281295753798495,-0.20316529229933936,0.7178873308270455,1.0067715715496122,0.507288397270432,-0.3129381693085952,0.8422636570382052,1.0138080686620887,0.5095724726209482,0.16384550169083453,-0.5635001832486103,0.7427537958964633,0.9965699232691372,0.2,0.2,0.2,0.2,0.2,0.6350512834394023,-0.6879407881822548,0.6808544156156571,1.0513142524436874,0.25,0.25,0.25,0.25
2022-12-31,0.6171379693299278,-0.035736785501372464,-0.48646035718489083,0.26773540426215986,0.8585038726958989,0.7253002287666025,-1.0407078089592605,0.11967247495684405,0.9908795596850908,0.500471462202504,0.16720485941339275,-0.31295314619841696,0.6348105971397828,1.1453133139820892,0.6749513458406616,-0.44707807563442836,0.6647401164459691,1.1821562608349838,0.510829262275287,0.09138755977031406,-0.25687288887575593,0.7109154114978465,1.0560890568459136,0.5882843336724394,-0.37491382628336967,0.7866021311515535,1.068449386982943,0.49478093411698565,0.1492160005828223,-0.5682027133638905,0.7293539781381448,0.9797374593724614,0.2,0.2,0.2,0.2,0.2,0.5939736286643204,-0.7085700530120994,0.676233514462706,1.0747429789597083,0.25,0.25,0.25,0.25
2023-03-31,0.5791313800660906,-0.14666020922733675,-0.4740889595016533,0.013780355265720344,0.5662431024580474,0.3816904837456119,-0.9007188833046429,-0.3070775913019322,0.4619749160947148,0.4738070015612724,0.06213567692859525,0.06566197237919517,0.7645214579277324,0.6006125919488461,0.48409996600247873,0.07225026910861712,0.8478047557255765,0.4716802732084544,0.503501891495431,0.1063792233186945,-0.09897552071409081,0.7513598776767215,0.7332224534278222,0.6058809516726313,-0.16506974834930996,0.8684947472021,0.671694383237866,0.46099795603190574,0.22438408314843952,-0.5727194148052152,0.7187827367724695,0.9044616445319497,0.2,0.2,0.2,0.2,0.2,0.6537360012781123,-0.7132036810890866,0.6606727592256079,1.011613093082385,0.25,0.25,0.25,0.25
2023-06-30,0.6250026559409205,-0.1854469886786566,-0.279093592101465,-0.02075935915793209,0.4652669066440273,0.4583480771847969,-0.6916404721072754,-0.5024165944964143,0.2904925936641254,0.46256459659362864,0.14977761916663318,-0.4845765878541443,0.6901970305401114,1.2073285799141111,0.5817252910854391,-0.6692935302798408,0.733911434470678,1.2843409340148835,0.49978743998977254,0.07004147676665551,-0.24194972558244549,0.7165280192676695,0.973519275649099,0.5431817450570214,-0.3704833789380827,0.8104707507207157,1.0137448642676756,0.433198659783279,0.25583581820133483,-0.669068190390968,0.7047843712944856,0.9963503587168189,0.2,0.2,0.2,0.2,0.2,0.6474385480732208,-0.8220690257902074,0.6301024203688158,1.105814593601316,0.25,0.25,0.25,0.25
2023-09-30,0.6202786325378599,-0.1631421838844911,-0.2122392754306547,-0.15820114580903133,0.5861099705291832,0.4822505322921821,-0.515704911137955,-0.782561251960566,0.5459886843897185,0.47554242051448664,0.14050362575942735,-0.3883696916142828,0.7421318304504113,1.075585170031529,0.5920209272727351,-0.5529251151898708,0.8177020522096031,1.1175641680027408,0.4993638805556102,0.07066669496078433,-0.25092781518170265,0.7348654700811781,0.9676355784923076,0.5413192448749402,-0.38292886161960904,0.836649470010191,0.9977702905993484,0.41405899394752194,0.3153070077194712,-0.724550761347315,0.7138223333125472,1.0254086518422083,0.2,0.2,0.2,0.2,0.2,0.6944490823415318,-0.8758136676690927,0.6448799851853618,1.109433132853929,0.25,0.25,0.25,0.25
2023-12-31,0.5759840373630806,-0.1060148497678722,-0.47508861191294033,-0.13767668538752617,0.9444538746668798,0.44526575955236175,-0.8943368373211302,-0.5696062101534048,1.1439955795251247,0.5054956284049704,0.04975727777403489,-0.04727370537077827,0.7744651919500506,0.69311595949821,0.5266134781517857,-0.10007734970331489,0.8988058816785606,0.6197764968891248,0.5324215932407822,0.004122005951201559,-0.17813009271854022,0.7329114648950238,0.8546420999360733,0.5171775582070524,-0.312532018770122,0.882086460433561,0.8913461418730941,0.4410791540828682,0.3522247795714794,-0.5839515925707033,0.7960921051329672,0.7700102614296563,0.2,0.2,0.2,0.2,0.2,0.7821907111187273,-0.7369191637111924,0.7598768340205294,0.8324696249943455,0.25,0.25,0.25,0.25
2024-03-31,0.40125980821591334,0.2096188270761326,-0.8993644056442772,0.06287283505049465,1.3869643825046283,0.5583477027259696,-1.1162781785943519,-0.080757784837052,1.430856860128304,0.5041759465640538,0.12990368585662335,-0.02761653422869933,0.666847956243036,0.7406583829142181,0.6381807063385304,-0.062468804440708,0.7333431712980749,0.6770124249702646,0.4856450813985267,0.10512055842504693,-0.1897834154235808,0.7708828595164563,0.8799789791180928,0.5635541570069424,-0.2859284569703564,0.8593437458676634,0.8602307584260142,0.4529786626288819,0.3486136490519584,-0.5569517856179074,0.7653598544818476,0.794520512890225,0.2,0.2,0.2,0.2,0.2,0.7944396399064778,-0.6660837977413334,0.699645927615431,0.8477601180827141,0.25,0.25,0.25,0.25
2024-06-30,0.31918652517713886,0.3464166445597265,-0.9793255153696278,0.10468915573194376,1.4230247027501555,0.6042780653599147,-1.111411971176024,9.471091562568139e-05,1.4016029790372624,0.5466171177646406,-0.04032976567784605,-0.09652137104927695,0.6990039531682805,0.8103720896240484,0.4631174868010177,-0.17761917942868943,0.8439045470697684,0.8192651584097619,0.537223900920837,-0.042376401362484994,-0.13553895677289426,0.742908508405403,0.8239498301381649,0.4386574989811099,-0.23416254818642318,0.8955626902200025,0.8271045897962115,0.4493464064131805,0.4160005381513157,-0.5248876655118877,0.8456315590667256,0.6835118288105625,0.2,0.2,0.2,0.2,0.2,0.8582301354605031,-0.6129948193798632,0.8027090679359796,0.6879582174334249,0.25,0.25,0.25,0.25
2024-09-30,0.23772557964866672,0.48145097920880686,-0.9046338919843973,-0.03499523462538194,1.5179783824948567,0.6623692594237309,-0.9683266882753829,-0.11961339039283113,1.4725304667470895,0.5234152992587849,0.010078230846468554,-0.23552484136797533,0.7811613692731478,0.8853783203088061,0.486803991334278,-0.37561771565774427,0.927335895168363,0.8959880198198247,0.5478222977309812,-0.10017201697564848,-0.16091809907035634,0.7262192086836181,0.871939464722164,0.36486968492498234,-0.28127736192729075,0.8890756952881035,0.9134785794214793,0.4660707677772329,0.36018334731373447,-0.5166276987698107,0.8744346285351425,0.6503420893715974,0.2,0.2,0.2,0.2,0.2,0.8192174531331922,-0.6172389057549381,0.863161318222175,0.6442990518361061,0.25,0.25,0.25,0.25
2024-12-31,0.23558172607120725,0.4224602225106168,-0.9743316877128623,-0.0332528724474631,1.5636523803772104,0.5974502773168684,-1.040865044978792,-0.11680366284761608,1.5201164755024341,0.5064765462069115,0.12233444718750813,-0.11327555783170132,0.759009288567948,0.7638006392108396,0.615452591513952,-0.18147666946974594,0.8644327606684106,0.6954996124641618,0.5060347292763675,0.10073910562897333,-0.16953721617819736,0.7831094896566394,0.8145768195065483,0.5830842304294166,-0.2630616281985326,0.8988307497815534,0.7689885177939506,0.4932267700058234,0.31243156132995503,-0.4554344128261222,0.8723608685293367,0.5759763028620177,0.2,0.2,0.2,0.2,0.2,0.8281340358353997,-0.5852903572250553,0.8817740224992946,0.5949347525698191,0.25,0.25,0.25,0.25
2025-03-31,0.32829368819415156,0.30462120713972496,-0.9573694765369405,0.12860005202619312,1.5890319714733405,0.566163671953444,-1.0931943464225617,0.02529059321860799,1.5911274409036618,0.533378535468913,0.06609946444176794,-0.13894737142973979,0.7138987787541585,0.8237190224673031,0.5930777741833787,-0.23439930983782734,0.8376272456007023,0.8111753705207566,0.5247600674591733,0.05581547365087846,-0.16712585852016887,0.7643282721724322,0.8217031832379721,0.5569151309998751,-0.2716873516414116,0.9000842783924601,0.7979005995674893,0.45430601478032295,0.32493827733144637,-0.4149209721717818,0.9433918589473498,0.5025903974352581,0.2,0.2,0.2,0.2,0.2,0.7505669789038589,-0.4829002060179666,0.9511698072850593,0.4686456610636094,0.25,0.25,0.25,0.25
2025-06-30,0.34798112661264885,0.2742462681781628,-0.9427984188846492,0.21110915329988528,1.4825663438653107,0.5584165296529163,-1.10206375415674,0.11483396445931554,1.49074946111373,0.5591531837335783,-0.1227572732906831,0.15275210973648662,0.6947461778814797,0.49685609203023184,0.35759418318661057,0.2179606653021801,0.8570456861573025,0.3209128802932423,0.5750103826267798,-0.1450858329046569,-0.0668522640803362,0.7137759997573194,0.7321161617291969,0.354880804858002,-0.15619826115049845,0.9285657092952507,0.7359309693250596,0.48090030402075673,0.12382736057899447,-0.019220729367577065,0.994132129294327,0.06517610054996993,0.2,0.2,0.2,0.2,0.2,0.5408675517191731,0.0193511926961927,1.0087563278599312,-0.0747020770948437,0.25,0.25,0.25,0.25
2025-09-30,0.3183881076433224,0.44642071607647293,-0.8442655845627679,0.5091173108814547,1.3016194977967015,0.715842172670749,-0.9682000079371142,0.4526466551627557,1.2760007622731453,0.5465893849579546,0.009469265956735515,-0.24257768501458202,0.6620644116538135,0.9768234647823714,0.5404796598962986,-0.4377580442310809,0.7689752056781106,1.1100082281080645,0.5399601541684947,-0.03833542338530914,-0.10181756618306245,0.7653597069474891,0.7665519741566149,0.44911841502217925,-0.20776613504150626,0.9207719094933455,0.7643531395195445,0.5017846775967858,0.1497250858380934,-0.25354424440426737,0.9861926165214656,0.3119172720712165,0.2,0.2,0.2,0.2,0.2,0.6140997653897038,-0.34440073675899263,1.0106022260668113,0.3188226649479657,0.25,0.25,0.25,0.25
2025-12-31,0.24972943346487547,0.41473342231448374,-0.9164801577521816,0.6048441370394215,1.3692664052045531,0.6041166544572754,-0.9953435364361933,0.5579367925598634,1.3257913539705257,0.5448062648556751,0.05047841096524741,-0.04603005526795655,0.6817413147146253,0.7367541449019849,0.599091987065685,-0.12028595271383465,0.7934371527349378,0.7183180050422934,0.5256077551340382,0.044670975521553684,-0.12617794929005002,0.7609425204098218,0.7923314866454028,0.5436561126863709,-0.2338889607492708,0.883996381148429,0.7823101463881987,0.5099718626315198,0.17233950385275107,-0.24820630658169476,0.9917110780984252,0.2491280997867511,0.2,0.2,0.2,0.2,0.2,0.6694112848610724,-0.3432713815387391,1.0315585474265625,0.22255063379524295,0.25,0.25,0.25,0.25
2026-03-31,0.280276735720673,0.3030711034222394,-0.8958493405049376,0.655381423860963,1.351666329198647,0.5147176172788108,-0.9960186340852553,0.6141696474773203,1.3181321292834218,0.5648781709570122,-0.011819522691215265,0.03782116543822309,0.6469950537625951,0.6510003752148015,0.55269012348359,0.004377500179310038,0.775634180895652,0.6102756587079855,0.5489954678753429,-0.007300976518512998,-0.08600296279342334,0.7315711854532857,0.7475033298685749,0.5185371055002412,-0.1926841083943569,0.8829863395751351,0.7491477989226961,0.5044495589725498,0.22228207892860427,-0.3724751015020823,1.0323321447302056,0.34889694815006045,0.2,0.2,0.2,0.2,0.2,0.7344251832538208,-0.54440857611787,1.0649406766520093,0.3772054123733756,0.25,0.25,0.25,0.25
2026-06-30,0.4122446938630298,0.084455786548062,-0.8438864669482227,0.638482100164132,1.1551978925475521,0.4088543796224797,-1.075138236712452,0.6208887809136614,1.1626670809690456,0.52938382701207,0.04659180884879378,0.14101634556105713,0.7051651222567685,0.49300426116085805,0.5523374905809246,0.16166417309744593,0.8071743310768292,0.3327360701176743,0.5449086290695192,0.05971789723502153,-0.03311279435007023,0.7440475820196537,0.6328136059946696,0.6106958543744675,-0.10886010572076273,0.8940681070272016,0.555085340490902,0.40155597198049386,-0.26126433030772644,0.7750863711507603,0.6513189630484022,-0.7720279570548202,0.2,0.2,0.2,0.2,0.2,-0.015146978422492042,0.9606611530952495,0.5268378897396637,-1.042898930148394,0.25,0.25,0.25,0.25
