,Beta-neutral,Beta-neutral,Beta-neutral,Beta-neutral,Unconstrained,Unconstrained,Unconstrained,Unconstrained,Unconstrained,Benchmark (EW),Benchmark (EW),Benchmark (EW),Benchmark (EW),Benchmark (EW)
,SMB,HML,RMW,CMA,MKT_RF,SMB,HML,RMW,CMA,MKT_RF,SMB,HML,RMW,CMA
date,,,,,,,,,,,,,,
2000-02-29,-0.056856241384400125,-1.6980455079802153,0.21741047194132754,1.5757879396317587,0.30100704351531615,-0.02246150097834628,-1.6752561317283077,0.30069233956127567,1.9259061494128267,0.2,0.2,0.2,0.2,0.2
2000-03-31,-0.10165568498271256,-1.6671697372338556,0.3617427208183924,1.537832605725233,0.2890027300470292,-0.06448480292846234,-1.655807146802736,0.4217263617557176,1.8852688807239022,0.2,0.2,0.2,0.2,0.2
2000-04-30,-0.18446598243652168,-1.6183280326569132,0.43334537153685565,1.4379956443722226,0.42524308103855035,-0.1129213876171521,-1.5606994818969262,0.5015961926771302,1.9199224106279562,0.2,0.2,0.2,0.2,0.2
2000-05-31,-0.2689190449613162,-0.7953576442616875,0.6929862884354778,1.376023161439514,0.9740974444442908,0.07276589224174308,-0.3339282433503694,0.33364936187668676,1.6286335139605332,0.2,0.2,0.2,0.2,0.2
2000-06-30,-0.18038786757888992,-1.6401199389752892,0.5706088653745465,1.4568888743825203,0.478016427208839,-0.10684896885273532,-1.5562981289462612,0.6250568003638639,1.9761311833017987,0.2,0.2,0.2,0.2,0.2
2000-07-31,-0.1792077913201609,-1.63852061090172,0.515959313344267,1.4988221436088953,0.6255990500321248,-0.07246582331671297,-1.4268032107544044,0.5637345109927145,2.0786631655883454,0.2,0.2,0.2,0.2,0.2
2000-08-31,0.019273416892296204,-1.6055889525485871,0.8634060524387885,1.5410139915508991,0.7130344103430851,0.08654061491553146,-1.3041811119180635,0.7885574100732301,2.1293731828432403,0.2,0.2,0.2,0.2,0.2
2000-09-30,0.23324890629614428,0.6378338667107633,0.3966748757322317,0.36664404290210734,1.0044334841795035,0.18890161367880015,-0.13366169554739107,0.36213058891421324,1.4141486837809452,0.2,0.2,0.2,0.2,0.2
2000-10-31,0.6682505491507319,0.05247519832144876,1.212546319411297,0.3292924928729388,0.9860504538267401,0.33338269127886677,-0.15720656484347278,0.6063116680906154,1.3838895717899642,0.2,0.2,0.2,0.2,0.2
2000-11-30,0.721270756760518,0.1405089035213238,1.0820770976207454,0.2952136909650548,0.9809138595448179,0.36722558397649163,-0.10860359480674699,0.5705479075077641,1.3540987888984153,0.2,0.2,0.2,0.2,0.2
2000-12-31,0.5908882819028726,-0.34325879450921576,1.1712228004132401,0.4711745605241932,0.8885291731558286,0.4402075536216193,-0.30230300233378454,0.8168810283274694,1.3852115385606798,0.2,0.2,0.2,0.2,0.2
2001-01-31,0.6483898393457126,-0.2693922490252412,1.1283162769255606,0.44973126347536124,0.8577985458458942,0.45598996586326557,-0.3030702489669826,0.8155827677520765,1.344045674768859,0.2,0.2,0.2,0.2,0.2
2001-02-28,0.7522755205889702,-0.1687390548588181,1.0822156994964554,0.3336390275612994,0.8440011866942886,0.5187793377049675,-0.23246812329737576,0.7832495933766634,1.229603824036739,0.2,0.2,0.2,0.2,0.2
2001-03-31,0.797294049163141,-0.19038797225764978,1.0522688139238638,0.14163156237689617,0.7390995560660225,0.665710800472219,-0.257079270965793,0.9147627438769677,1.0106620802665127,0.2,0.2,0.2,0.2,0.2
2001-04-30,0.8853297884414044,0.14940118290143217,0.7515671854713192,-0.0007684208019793496,0.7601440082057332,0.717232688997889,-0.019068059363315234,0.6998846662086834,0.9342074521934189,0.2,0.2,0.2,0.2,0.2
2001-05-31,0.8894032663786618,0.014500128214754592,0.8635150148831873,-0.018903439884463094,0.7235627464685466,0.751156652421951,-0.09889024256963327,0.799861250593539,0.8806327703311575,0.2,0.2,0.2,0.2,0.2
2001-06-30,0.8403250369422284,-0.32341950300204275,0.9434792467353782,0.362737957599103,0.6723852805989664,0.7440885170003999,-0.34599149066995144,0.8870509964721183,1.1011317640879776,0.2,0.2,0.2,0.2,0.2
2001-07-31,0.9074623096558128,0.07407397850392256,0.7480647932247396,-0.11044942349734287,0.6188247744672933,0.840107635305149,-0.03674255646402019,0.7719216224150492,0.6664625391737667,0.2,0.2,0.2,0.2,0.2
2001-08-31,0.9089569316958843,0.25482862480009055,0.5507122465283588,-0.15097105742468442,0.6535486456402934,0.8225839039392829,0.09278652405815002,0.6106496097110602,0.6775040958911819,0.2,0.2,0.2,0.2,0.2
2001-09-30,0.9024198484407476,0.25568004017879925,0.5431819199741793,-0.1474755154720585,0.6481032577554333,0.8198216604784695,0.10387569538895995,0.6027157543160904,0.6571823797161269,0.2,0.2,0.2,0.2,0.2
2001-10-31,0.8494812943970682,0.20829187560564583,0.5678586828516575,0.04655324844998735,0.7253215670639491,0.7082047982975413,-0.0010890463909384565,0.6160720366316444,0.942841394426082,0.2,0.2,0.2,0.2,0.2
2001-11-30,0.8759172189070403,0.17885274831421308,0.5948773435200939,-0.01134429014720945,0.6754781923553682,0.7650920323634164,-0.012098399971309055,0.6548659699367666,0.8367384075624319,0.2,0.2,0.2,0.2,0.2
2001-12-31,0.8746477815937327,0.294350059788153,0.530006908713733,-0.1106086194644173,0.7110312094070509,0.7510963070977297,0.05525447741338421,0.6084577085442736,0.8189096166699962,0.2,0.2,0.2,0.2,0.2
2002-01-31,0.5002069723789122,1.294572951913799,-0.41667405676676117,-1.2394460974809651,0.022734010079798864,0.5043459541792529,1.2882002667634749,-0.4078259808741869,-1.2106103826670702,0.2,0.2,0.2,0.2,0.2
2002-02-28,0.3357259126139346,-1.0253435046115291,0.35625506714411576,0.4754354229805294,0.12047624068020477,0.35724390481689144,-1.048057217592475,0.3986824004352798,0.622298298463357,0.2,0.2,0.2,0.2,0.2
2002-03-31,0.7843475134773549,0.9456510832508936,0.3995341567603781,-1.076444099564191,0.5613719508159869,0.761131822049917,0.6903001657592225,0.5125319424535146,-0.2380763099307735,0.2,0.2,0.2,0.2,0.2
2002-04-30,0.49717161583305997,-1.1222591773561248,0.7317612802480459,1.0080393632933815,0.6993631845124899,0.4880265071460924,-0.9523346763434479,0.7639934241743104,1.5582686710012257,0.2,0.2,0.2,0.2,0.2
2002-05-31,0.5859903257952999,-0.8678769849627689,0.7354270571420194,0.9249334179595733,0.689796706172819,0.5445448955322071,-0.7677859122662677,0.7595498506406372,1.487822079877,0.2,0.2,0.2,0.2,0.2
2002-06-30,0.30694101184700817,-1.2361995447225267,0.6297577046861185,1.3452471181046697,0.6742114782596623,0.3425236927192756,-1.0531598389163883,0.6875730907352648,1.7964324324474032,0.2,0.2,0.2,0.2,0.2
2002-07-31,0.3495471083063725,-1.2121137773807638,0.7757875616835705,1.128878014072272,0.6520852592547791,0.390881558949188,-1.0816165966418527,0.8290742676601677,1.6507171573186454,0.2,0.2,0.2,0.2,0.2
2002-08-31,0.25458000772841904,-1.2626368252182052,0.7034685251725402,1.283556812270819,0.6444134908228992,0.28605824075536096,-1.1591060255540764,0.7896756845138362,1.7641524634904588,0.2,0.2,0.2,0.2,0.2
2002-09-30,0.5743145046917784,-0.19321382690617883,0.5928194791630146,0.684744707083372,0.8218883161109211,0.42735631258997975,-0.34944275676803466,0.6340652509400594,1.379373951738139,0.2,0.2,0.2,0.2,0.2
2002-10-31,0.18198142415468307,-1.2520099589345905,0.6953801042746593,1.3171153276074867,0.5934363567577999,0.2587201175325197,-1.085146191582239,0.7915464550201187,1.640308888587136,0.2,0.2,0.2,0.2,0.2
2002-11-30,0.47707946694994635,-0.051148067909006195,0.4555285493279513,0.7212589810083092,0.7540393799915124,0.4371727100634497,-0.1689633809762554,0.6002646521674119,1.1632060148813401,0.2,0.2,0.2,0.2,0.2
2002-12-31,0.2537747581924463,-0.13068014203733713,0.25536684661102504,1.03256371214532,0.7513915141332352,0.33247202613628324,-0.19311518269012645,0.5381606863250685,1.2406251928450778,0.2,0.2,0.2,0.2,0.2
2003-01-31,0.4340477773967188,-0.11628660817113198,0.41787894919419094,0.8410871013206246,0.7231525535773664,0.4489075701979338,-0.17236923084381744,0.6454949996169933,1.1090462179517369,0.2,0.2,0.2,0.2,0.2
2003-02-28,0.43558825759876185,-0.2404285776449672,0.48838938737860177,0.900306742013945,0.7139680265212794,0.451624214529578,-0.24096978482223821,0.6796432239374379,1.1468374791856615,0.2,0.2,0.2,0.2,0.2
2003-03-31,0.36365441257952363,-0.4145281916303797,0.5724496923234608,1.0067415128592208,0.7142160475109139,0.4061724612962549,-0.34191027981363986,0.726043884468048,1.203418546853554,0.2,0.2,0.2,0.2,0.2
2003-04-30,0.6122251572354934,-0.33161946061203706,0.6562824517476672,0.6992442736208208,0.6706543803755796,0.5758328220432631,-0.30607787369528394,0.7896166830152614,1.0358798655023236,0.2,0.2,0.2,0.2,0.2
2003-05-31,0.6257838878202104,-0.3441855259693987,0.6630687738836576,0.6923851901847705,0.6946707427347594,0.585047574493341,-0.35754731331325706,0.8441225736933824,1.0415124350256928,0.2,0.2,0.2,0.2,0.2
2003-06-30,0.6536815298553957,-0.2414450809662443,0.571368427026612,0.6600758638609169,0.685100222344812,0.6060336125622154,-0.3140138923713516,0.8145959296336356,1.01006681861354,0.2,0.2,0.2,0.2,0.2
2003-07-31,0.6531398204440938,-0.28749516145095577,0.605597030268054,0.6701952932532006,0.6624114703515882,0.620117551955988,-0.35060622046103584,0.8425948056321766,1.0207930689092566,0.2,0.2,0.2,0.2,0.2
2003-08-31,0.7550809585458459,-0.22652537211196636,0.6096829695503226,0.45101356814760596,0.6337306970530545,0.7048814792670753,-0.3161692149166765,0.8546482941894736,0.8675644215622643,0.2,0.2,0.2,0.2,0.2
2003-09-30,0.576869237161519,-0.4016749905965608,0.6052068808034122,0.8448432500538302,0.7035508858645628,0.5462426561076602,-0.4154293008597022,0.8421029768787612,1.1126073307487339,0.2,0.2,0.2,0.2,0.2
2003-10-31,0.7533198901733138,-0.21351864146584906,0.5977205017625774,0.46072942463397243,0.628680308273195,0.7050511978660499,-0.30908869508599535,0.8481906349064361,0.8704402259798861,0.2,0.2,0.2,0.2,0.2
2003-11-30,0.7574798259310235,-0.17124059156683213,0.572280828242131,0.4424633801104787,0.6191911141841682,0.7066955758239887,-0.3041619296050013,0.8425027671845957,0.8630948737932397,0.2,0.2,0.2,0.2,0.2
2003-12-31,0.5117594635845167,-0.9406113857940468,0.7034978858228954,1.1092867669094668,0.6068928238357906,0.539546389612576,-0.8466038052127441,0.9318203671377031,1.3333650475968497,0.2,0.2,0.2,0.2,0.2
2004-01-31,0.27551740430234073,-1.0548365297482796,0.6151853321035646,1.39587749355886,0.6523868369906061,0.37384873029510113,-0.8812040448199868,0.8698740175582892,1.4939427605393716,0.2,0.2,0.2,0.2,0.2
2004-02-29,0.5435620111886327,-0.7637614940937388,0.6095709964774154,1.08038407563041,0.6182309536079765,0.5609720539007045,-0.7168539594020118,0.8700481190080915,1.304522451154886,0.2,0.2,0.2,0.2,0.2
2004-03-31,0.4741017672865213,-0.9916465334732473,0.6525660784727975,1.1877679591135581,0.6201646260039951,0.5093713872051093,-0.8696538981947718,0.8943743365042106,1.3800389638993915,0.2,0.2,0.2,0.2,0.2
2004-04-30,0.39526010422599567,-0.809724260247025,0.6346216787924631,1.2247932744638206,0.7189236247306137,0.4376846381558732,-0.667835417153162,0.8754843105567006,1.3248974056099634,0.2,0.2,0.2,0.2,0.2
2004-05-31,0.4528176457244659,-0.38813753378508314,0.5339888797340345,0.9832870760726622,0.7417720052529958,0.45601018068713656,-0.4336868368095618,0.8234296829093581,1.1628703856855218,0.2,0.2,0.2,0.2,0.2
2004-06-30,0.43354553602501056,0.16698790615377185,0.2807956673563903,0.6400311995552457,0.7457509903251951,0.44395087013758655,-0.15026942006843577,0.6930165992292812,0.9840526003952372,0.2,0.2,0.2,0.2,0.2
2004-07-31,0.5721841069368153,-0.27976239126304947,0.5466159380261042,0.7975295075416045,0.738228124263072,0.5208834940710978,-0.38335936888988886,0.8320678758306268,1.0743129066059705,0.2,0.2,0.2,0.2,0.2
2004-08-31,0.5686351544797218,-0.25059060435864955,0.5878106805912852,0.7416164726034069,0.7263123169584592,0.5214839724215834,-0.3472834378099324,0.8556401508706211,1.0113296187962824,0.2,0.2,0.2,0.2,0.2
2004-09-30,0.4982542141015283,-0.18340500340992316,0.5340337669715549,0.7699086552416031,0.7361332216988364,0.4821366356091219,-0.3156652787939808,0.8338810320285753,1.0142978542369854,0.2,0.2,0.2,0.2,0.2
2004-10-31,0.584626739290595,-0.05445680595868655,0.5180019903582376,0.5974842526137858,0.7315784786516802,0.5309210095502699,-0.23936026064130334,0.8226432273297938,0.9172172400430839,0.2,0.2,0.2,0.2,0.2
2004-11-30,0.4890847209271919,-0.035287392833358085,0.4566512210180791,0.6957007851889812,0.7448310241743143,0.4730717541680663,-0.2307328254635076,0.7885053096175788,0.9616426451861319,0.2,0.2,0.2,0.2,0.2
2004-12-31,0.5680332392436076,0.03660825326708719,0.4502552152581747,0.5738546028087272,0.7468294522237949,0.5088686534891509,-0.20193222605608813,0.7871657736033177,0.9178528749917355,0.2,0.2,0.2,0.2,0.2
2005-01-31,0.44344483879642094,0.04896473271787884,0.37617199282119956,0.6941130164041036,0.7653675093003189,0.4346479935304159,-0.20302018731363908,0.7501934985598967,0.9658285018803231,0.2,0.2,0.2,0.2,0.2
2005-02-28,0.4531710793415479,0.0009345492385935483,0.4290313394235886,0.7003089560563751,0.7558531381815321,0.4458829477634374,-0.2180657033740889,0.7795038544890163,0.9565259813805761,0.2,0.2,0.2,0.2,0.2
2005-03-31,0.46891744263027024,-0.0009319939809794157,0.44093762881926485,0.685453357196308,0.753034039487214,0.4556110475128535,-0.21610688687657817,0.7853384293029679,0.9500876738793601,0.2,0.2,0.2,0.2,0.2
2005-04-30,0.39039783976568077,0.10303368169581473,0.3550072390823577,0.6734312614332215,0.7498344287280441,0.4136673165519755,-0.1653495661439698,0.7394251620129765,0.947271185718791,0.2,0.2,0.2,0.2,0.2
2005-05-31,0.4304988298570429,0.08338478177279804,0.3999871742725698,0.6388365288712715,0.7346136291039523,0.4255193711877768,-0.16561959329422274,0.751787757705519,0.9219957713711239,0.2,0.2,0.2,0.2,0.2
2005-06-30,0.4105598171882712,0.9459405203798993,-0.03526496526338646,-0.18083624462065118,0.651710235678011,0.4443841196714313,0.4264284396930287,0.4625800449533377,0.4119845924021832,0.2,0.2,0.2,0.2,0.2
2005-07-31,0.4142695720236904,0.1063233087870573,0.363083555605869,0.6526680996843117,0.727226009995556,0.41844003580835404,-0.14619216973853322,0.7310191908554846,0.9238705485459893,0.2,0.2,0.2,0.2,0.2
2005-08-31,0.5223553241403187,0.2997830996026351,0.5812857441164211,0.07111055898260268,0.6674293147383868,0.511528942222818,-0.0020815825372922886,0.8620838510256836,0.5812757645057722,0.2,0.2,0.2,0.2,0.2
2005-09-30,0.37501703610791726,1.1104309066409088,0.06611674321858146,-0.7018075085997639,0.510774852168215,0.43804912646121363,0.7491091160548838,0.42779153071641607,-0.15212813689006102,0.2,0.2,0.2,0.2,0.2
2005-10-31,0.41252217970791255,1.1422031338148384,0.05980061569596497,-0.8255378614226961,0.42617768018457736,0.4708861993166935,0.8728977422422082,0.36464202418807296,-0.37389754175453077,0.2,0.2,0.2,0.2,0.2
2005-11-30,0.33651411441305956,1.2878690775741488,-0.12362155213893543,-0.8674142230479928,0.379854741018464,0.40122932413428003,1.0572189850730955,0.16242737417737477,-0.48073519218975447,0.2,0.2,0.2,0.2,0.2
2005-12-31,0.4047303285723863,1.0715721839315668,-0.1481262849635914,-0.30561334433279985,0.5892781628658779,0.4430909212768337,0.6235104457109167,0.31446760771107013,0.23974437261381987,0.2,0.2,0.2,0.2,0.2
2006-01-31,0.5831858675695493,0.31455730437331236,0.35041324155114634,0.31392476284864534,0.6858539580188542,0.5161474650669142,0.014337114119678229,0.6910276840804617,0.7210112371623197,0.2,0.2,0.2,0.2,0.2
2006-02-28,0.6296021648451334,0.36948077926624984,0.35166003571334986,0.19111078785783492,0.6712307290481525,0.5437739725725557,0.047693900968258214,0.6877453187380275,0.6576333318471805,0.2,0.2,0.2,0.2,0.2
2006-03-31,0.6363531726869436,0.30500110163394384,0.35659313224941946,0.2654167097263317,0.6621248084195168,0.5539410112876875,0.014776240695808521,0.6888083896368433,0.700887932625061,0.2,0.2,0.2,0.2,0.2
2006-04-30,0.6494024025777007,0.304222132391034,0.3506931809572244,0.25518221417849957,0.6558398270353183,0.565655115654937,0.0180004074404705,0.6838588627023247,0.692812238261407,0.2,0.2,0.2,0.2,0.2
2006-05-31,0.6116167164831778,0.4047935737137957,0.28934775437017446,0.2156768406717846,0.6550454866799598,0.5459072831191113,0.07668171527390272,0.6500241615545381,0.6679769348134951,0.2,0.2,0.2,0.2,0.2
2006-06-30,0.5945826841139961,0.4394178311318019,0.2607300332231024,0.20974139069103678,0.6371085718353472,0.539872446344447,0.11521292342805407,0.6213494866645938,0.6552772280465541,0.2,0.2,0.2,0.2,0.2
2006-07-31,0.43851831133521074,0.9958439518778475,-0.10337077028825757,-0.23133050817500883,0.5712426652167362,0.45872642433040667,0.5762635701681372,0.32969755517838534,0.29517210467876104,0.2,0.2,0.2,0.2,0.2
2006-08-31,0.572732714711538,0.4736113019670442,0.22944558332751147,0.20966102349858973,0.6645492968398417,0.5199949888293609,0.10254323608940318,0.6204841562055637,0.6703177904627312,0.2,0.2,0.2,0.2,0.2
2006-09-30,0.5297794828078533,0.378146965782655,0.21846978945524026,0.3794705930198607,0.6708552579586647,0.49106748761557667,0.04672280709268968,0.6155342094582362,0.7647392010880169,0.2,0.2,0.2,0.2,0.2
2006-10-31,0.3525003724865214,0.4722592191220881,0.05793976298152016,0.4870918212463992,0.6797683588608368,0.3823271108407044,0.08666855225979331,0.5319640372561342,0.8299037863361179,0.2,0.2,0.2,0.2,0.2
2006-11-30,0.49292987341417144,0.3722466526242479,0.18359962117799558,0.445677627741485,0.6751375282892587,0.46319306108468844,0.03575899604870313,0.5996992969387475,0.8022989013227226,0.2,0.2,0.2,0.2,0.2
2006-12-31,0.5674523494670421,0.3260328984403159,0.22947929674035178,0.41194223312141837,0.6582416608419852,0.51555069367116,0.030077026470278434,0.6200949520215718,0.7731753396586049,0.2,0.2,0.2,0.2,0.2
2007-01-31,0.5593365604928062,0.366042189078978,0.198464478137972,0.3954477079727203,0.6605800235294098,0.5077630961531266,0.05411711399654427,0.6006203077250523,0.7627152963653321,0.2,0.2,0.2,0.2,0.2
2007-02-28,0.5197397580001326,0.41280562698157464,0.1445432543674927,0.41031554683878685,0.6626057420228176,0.4821661230324468,0.07127671093569109,0.5752799446000781,0.7821296645695527,0.2,0.2,0.2,0.2,0.2
2007-03-31,0.5402835523722129,0.37770024482153297,0.18086839526932416,0.4140697879585344,0.6624397034763585,0.4951590298532098,0.04791955330158615,0.598579446639865,0.777642802749075,0.2,0.2,0.2,0.2,0.2
2007-04-30,0.5387359422171174,0.5893281413645105,0.12005366794944046,0.18386469040169093,0.668530230583444,0.5006370803711411,0.16145027843575485,0.5775225730836883,0.6439322645326153,0.2,0.2,0.2,0.2,0.2
2007-05-31,0.5665592624161687,0.33064408961404607,0.19055923177577846,0.44757721456528826,0.6764446545556112,0.5097715898931878,0.0035502824313705414,0.6225302427396414,0.7953335925899947,0.2,0.2,0.2,0.2,0.2
2007-06-30,0.4283332798826796,0.44395319884937945,0.07510506320440491,0.49096349430555125,0.690721770622047,0.432769482076794,0.04813244132019205,0.5728867746384899,0.8247566733261711,0.2,0.2,0.2,0.2,0.2
2007-07-31,0.48425367154181603,0.41813647489824246,0.12190140097939192,0.45526199857463046,0.6749370650773618,0.47810958593909064,0.04859632275049618,0.5946940624704347,0.8011234811422778,0.2,0.2,0.2,0.2,0.2
2007-08-31,0.5131244644995874,-0.1290937653675817,0.3822854709079871,0.8455684945456623,0.6574915764805818,0.48990385471452474,-0.30856787982660955,0.7573541073554723,1.046289215210692,0.2,0.2,0.2,0.2,0.2
2007-09-30,0.5303611611932723,-0.02476960900226314,0.342131146682899,0.7638221924996588,0.6719960484577076,0.4811238949578731,-0.2568141758118228,0.735230897128573,1.0071611653719286,0.2,0.2,0.2,0.2,0.2
2007-10-31,0.4409994665478548,0.35361434712482964,0.14236493455022664,0.5340291054979862,0.6700519721553446,0.4278150501951725,-0.0029119802163233635,0.6023735549555539,0.8525609929740897,0.2,0.2,0.2,0.2,0.2
2007-11-30,0.49257865060692707,-0.18868121568248938,0.4212661555236834,0.8782440357815524,0.700541493991574,0.45122408446917056,-0.3550547876462771,0.7913630525085164,1.0575517889843762,0.2,0.2,0.2,0.2,0.2
2007-12-31,0.42109300521153215,-0.2107058186062192,0.39539751502762915,0.9539872415663452,0.6992199048172381,0.39141074355488614,-0.38913091310032294,0.7829308352663487,1.1180516386521253,0.2,0.2,0.2,0.2,0.2
2008-01-31,0.6249508406815302,-0.28632855751015707,0.5557337962983037,0.7652920046491227,0.6623145355154132,0.539477920139003,-0.4336452025195041,0.8794825252348981,1.0099120742256065,0.2,0.2,0.2,0.2,0.2
2008-02-29,0.5653526527113145,-0.17782230107911481,0.4703773285889283,0.781737606090895,0.6418900667462943,0.5037319407746932,-0.3423445684891139,0.8089896947235283,1.0143518634083761,0.2,0.2,0.2,0.2,0.2
2008-03-31,0.5516604268686004,-0.2296919068464198,0.48821218805431316,0.8306385186935336,0.6044560064991075,0.5123812975721799,-0.37128373127467695,0.8167907735114077,1.0388797124248716,0.2,0.2,0.2,0.2,0.2
2008-04-30,0.7131958632448518,-0.2701482961244746,0.5908744531851653,0.6344970288829801,0.5300692692004962,0.6660513582289398,-0.38840520395454853,0.8730507282027586,0.8849853373441069,0.2,0.2,0.2,0.2,0.2
2008-05-31,0.67810252646558,-0.35324632223189756,0.6525964876302092,0.7015244920146371,0.5708958604388104,0.6199563352338773,-0.4595516607866698,0.9276718030423742,0.9533540909049657,0.2,0.2,0.2,0.2,0.2
2008-06-30,0.6251263957153724,-0.46433036450322474,0.6914043142095696,0.8107245386706116,0.6078806840098999,0.5628681222000753,-0.5354699171616355,0.9570619939540131,1.0265801038262545,0.2,0.2,0.2,0.2,0.2
2008-07-31,0.633849556971421,-0.5048106224173864,0.7120732134374875,0.8195636140889371,0.5558473394364459,0.5992725076486485,-0.5990230678884088,0.9929713660927927,1.0424575741718336,0.2,0.2,0.2,0.2,0.2
2008-08-31,0.6936998194444921,-0.27866843947361053,0.620509307732517,0.6547994759692461,0.5447732182023638,0.6558861703029899,-0.3985311558019768,0.9093379963744966,0.8971624874009696,0.2,0.2,0.2,0.2,0.2
2008-09-30,0.6987902050255671,-0.23067319823596064,0.9724893006100195,-0.07714397376337354,0.5825652807841254,0.6948064898748275,-0.3446564120232152,1.211978081012121,0.27899154176431146,0.2,0.2,0.2,0.2,0.2
2008-10-31,0.5570057709737262,0.8778906584684952,0.27393634366081226,-0.6720296399256919,0.44466915936235046,0.6001756207006886,0.6633300976324717,0.5780375893497864,-0.34514225475513755,0.2,0.2,0.2,0.2,0.2
2008-11-30,0.6994684244716816,-0.37531134992091253,0.9908050320816431,0.1418890013645405,0.4564980083313141,0.6815817642939099,-0.4958556818188882,1.210480078300011,0.42847594950169915,0.2,0.2,0.2,0.2,0.2
2008-12-31,0.6001012695059449,-0.6797814726906128,1.0667783657991148,0.29397373831276014,0.46298174424291944,0.5980571415759531,-0.7725298794918688,1.2862550365960026,0.5702699429264461,0.2,0.2,0.2,0.2,0.2
2009-01-31,0.5713045301962586,-0.8226814342395641,1.054829906088464,0.4388019061038376,0.4527132474579745,0.5736126511870875,-0.9026984989112963,1.2797671648116837,0.6852572348132165,0.2,0.2,0.2,0.2,0.2
2009-02-28,0.4243717078543732,-1.0574275233078276,0.9274487075237515,0.7074562798060081,0.42469675120707107,0.4499888092667204,-1.1410730687514596,1.1780889427878465,0.9329515144876066,0.2,0.2,0.2,0.2,0.2
2009-03-31,0.7250930885451409,-0.4090133013652969,0.7241798842665937,0.6766588236854261,0.28767558231359447,0.7462042366520558,-0.5559010601723461,0.9520397653069037,0.8516316891399414,0.2,0.2,0.2,0.2,0.2
2009-04-30,0.7863478274893638,-0.3400146428519507,0.8043434556492701,0.47814952311767284,0.3457672206177546,0.7986870746376384,-0.5242848897142994,1.066927735941615,0.7025703427841888,0.2,0.2,0.2,0.2,0.2
2009-05-31,0.7788700273158723,-0.29753512080197025,0.7395230519934828,0.5150502746439473,0.2982308160679846,0.7791488687547358,-0.4757005089812585,0.9699849066243766,0.7254868473441753,0.2,0.2,0.2,0.2,0.2
2009-06-30,0.7824025115431618,-0.2724812821316147,0.7468051580818994,0.4699251768155322,0.3274481194709292,0.7772741988858467,-0.4695139390706035,0.9947012690446115,0.7025727069230591,0.2,0.2,0.2,0.2,0.2
2009-07-31,0.7719403200172354,-0.27653782377545033,0.7249832876899828,0.5148962378827884,0.3160343617871809,0.7763158916998998,-0.47127027029224744,0.9764806826747522,0.7297468247779328,0.2,0.2,0.2,0.2,0.2
2009-08-31,0.7755709262369234,-0.2311149401594256,0.7057342217684736,0.497905767050516,0.3375711130773603,0.7728895412708991,-0.4489508844870609,0.9764564114434019,0.7193542605788793,0.2,0.2,0.2,0.2,0.2
2009-09-30,0.7630232478256176,-0.10681093810809628,0.6207868949314179,0.4746440340827387,0.32660277148974015,0.7605130195539055,-0.3204763427024698,0.8840645715863177,0.6921220833550975,0.2,0.2,0.2,0.2,0.2
2009-10-31,0.7560812112355001,-0.08305334033861841,0.6115661658488256,0.4633027811138015,0.3459650890423634,0.7438452104306508,-0.30939460360469867,0.8832013746920028,0.6941991925126494,0.2,0.2,0.2,0.2,0.2
2009-11-30,-0.6195156437437005,0.0018624744976776398,-0.14891590663163506,0.9036094071342302,0.2616454285261966,-0.5479429044771543,-0.17413163100359766,0.10194422462639442,1.065382270540303,0.2,0.2,0.2,0.2,0.2
2009-12-31,-0.8128506433175328,0.07177662180284605,-0.3278549287459487,0.7117083302832425,0.16058483085084724,-0.7690270814116598,-0.03845779393428058,-0.170625787984122,0.8259472302895879,0.2,0.2,0.2,0.2,0.2
2010-01-31,0.7262007862998261,-0.0839407663136116,0.6776871067935345,0.4748874476157673,0.3080900082025412,0.7162930334448873,-0.28515115191594304,0.9089664718012315,0.6850815017817983,0.2,0.2,0.2,0.2,0.2
2010-02-28,0.7317709274899585,-0.03964980359331838,0.7016196193512706,0.3792371361659537,0.312195752839494,0.7218725844841631,-0.24068313359565283,0.9414157129833113,0.5777084469071787,0.2,0.2,0.2,0.2,0.2
2010-03-31,0.6380724059472386,-0.0020570647110427927,0.758577639298656,0.33024611794624364,0.3789699605495421,0.5966826862640506,-0.2372681723319613,1.0613103660103065,0.5503392684840808,0.2,0.2,0.2,0.2,0.2
2010-04-30,0.7678353670706335,-0.11174643476956082,0.6920520187758122,0.4843112224987072,0.36079870980697915,0.6704983846030815,-0.2871713013667629,1.0063238993942274,0.6269220063069677,0.2,0.2,0.2,0.2,0.2
2010-05-31,0.8001228887019953,-0.11074147108600439,0.6797417459834343,0.45749155909229366,0.36992783251173483,0.6907960413889237,-0.29045420727554616,1.0026200474236624,0.6083071237977279,0.2,0.2,0.2,0.2,0.2
2010-06-30,0.8365168975607205,-0.17003675389322084,0.6863045425031565,0.48125220347033004,0.3522346441771353,0.7359587655406596,-0.34659484968256604,0.9993373141654812,0.6283685109255248,0.2,0.2,0.2,0.2,0.2
2010-07-31,0.7709683813154377,-0.16958480398337192,0.7254982192833123,0.4928273455216725,0.43302891399845106,0.612796692628202,-0.37927090599033536,1.0870600750835762,0.6563432582541959,0.2,0.2,0.2,0.2,0.2
2010-08-31,0.7894961509645606,-0.22479705363654184,0.71960516426931,0.55240993216979,0.4639860583705569,0.602022139221996,-0.42425081413416255,1.0962346715500018,0.6859192009983418,0.2,0.2,0.2,0.2,0.2
2010-09-30,0.7809820292076624,-0.20441020166794194,0.7684245161365703,0.46578345674161864,0.2740997901142839,0.6982174226858073,-0.3350403767368574,1.0142982398875187,0.5776712725570889,0.2,0.2,0.2,0.2,0.2
2010-10-31,0.8147335109568965,-0.24976843848185573,0.7841776320339587,0.45076065284098693,0.2970483377049898,0.7031756640639316,-0.37303200269178866,1.0390277432235824,0.5496289628227112,0.2,0.2,0.2,0.2,0.2
2010-11-30,0.8431814744506295,-0.27031397402286306,0.7890987496400655,0.45083301298043366,0.3105802486269791,0.7150971106570215,-0.38798090673519126,1.0631009429314837,0.5545481609033411,0.2,0.2,0.2,0.2,0.2
2010-12-31,0.8630915910845941,-0.2556793148219332,0.8201541929641303,0.4747858017381166,0.312905151779992,0.7308269313396184,-0.37241652558175625,1.0972710435036166,0.5786771330385887,0.2,0.2,0.2,0.2,0.2
2011-01-31,0.857224383341761,-0.1545893608979799,0.7731029504622743,0.4632123650808879,0.3210824362968731,0.7220049979956223,-0.28289414112741607,1.0640876558124974,0.567358781234413,0.2,0.2,0.2,0.2,0.2
2011-02-28,0.8321966574465107,-0.273046510370329,0.7736166068516883,0.6166579391497232,0.3368208441627923,0.6824105220848736,-0.3942463966656033,1.0828756953234906,0.7256018405191297,0.2,0.2,0.2,0.2,0.2
2011-03-31,0.7961343814141173,-0.23477105083010316,0.8332213799339061,0.7657989058837633,0.37790645530962164,0.6194812077271125,-0.3764404319912868,1.15504275264862,0.8505585798156795,0.2,0.2,0.2,0.2,0.2
2011-04-30,0.8183143933146964,-0.2624264002353738,0.8449539490230892,0.7546118956070824,0.40099564680915056,0.6177316286775201,-0.4171618558232535,1.1689639099484452,0.8293770918827553,0.2,0.2,0.2,0.2,0.2
2011-05-31,0.7924789815119423,-0.24088065692777408,0.8752545321184684,0.7984618396509188,0.37097595133710104,0.6155583961495061,-0.38993940314675013,1.1692333721492931,0.8599361910764006,0.2,0.2,0.2,0.2,0.2
2011-06-30,0.7930426564644939,-0.2702074607606133,0.9080246256591539,0.7752594174909653,0.3835177404610882,0.6053937780308803,-0.4209372722946106,1.203909210213007,0.8378151171613829,0.2,0.2,0.2,0.2,0.2
2011-07-31,0.786625178442439,-0.2631140163270689,0.9366783432605316,0.7739091933913876,0.39548878012615096,0.580461841827194,-0.4154713026308429,1.2305429272484316,0.8409674444308152,0.2,0.2,0.2,0.2,0.2
2011-08-31,0.6864218276449063,0.2966866457041335,0.8872829497967045,0.40241164078297315,0.3133561557025105,0.543458499981933,0.13547399161808332,1.1579066848307242,0.5085845570455738,0.2,0.2,0.2,0.2,0.2
2011-09-30,0.5180621383489371,-1.165089132867609,0.46336461281776353,0.8855148618602797,0.33649435976519415,0.371498930014776,-1.2140919912920547,0.7804324828639282,0.9411506639692958,0.2,0.2,0.2,0.2,0.2
2011-10-31,0.5365235156232363,-1.1645996267836733,0.4587448189883228,0.8561836360439301,0.3336078738836741,0.38904725695158876,-1.2155338054192115,0.7709399742133336,0.9077996734313261,0.2,0.2,0.2,0.2,0.2
2011-11-30,0.6129281967384117,-1.1691777151886926,0.48685922799294934,0.8208398357226385,0.33534032943245257,0.4430234052553179,-1.2112131940622421,0.8071610227051128,0.8922679210247765,0.2,0.2,0.2,0.2,0.2
2011-12-31,0.7770739961372355,-0.3997036887501741,1.0494800006995189,0.9433792397475604,0.24683051096117783,0.6544056904710738,-0.48474429115797657,1.2630969108085546,0.9978956322202197,0.2,0.2,0.2,0.2,0.2
2012-01-31,0.7221737544823598,-0.34678852359325996,1.062404146245652,1.0054501113199559,0.23327713178869247,0.6095045819334789,-0.43052317030096454,1.2655346663854259,1.0547104383442225,0.2,0.2,0.2,0.2,0.2
2012-02-29,0.7644831198171874,-0.2993171273571172,1.0811984333784188,0.9590261470711442,0.2800113927965838,0.6189580355277556,-0.3975365954026329,1.3192713400700853,1.018578949843762,0.2,0.2,0.2,0.2,0.2
2012-03-31,0.7921042055292118,-0.40100671349094097,1.1604736412087981,1.1065615183580246,0.41415115731773033,0.5456088135465599,-0.526743464949515,1.5150962888219837,1.215481017924944,0.2,0.2,0.2,0.2,0.2
2012-04-30,0.6911639578391587,0.11161835976691926,1.1524606519952436,0.867675312376864,0.4250191993178389,0.4501502333865576,-0.0894877196460568,1.514147738356016,1.0079370399367695,0.2,0.2,0.2,0.2,0.2
2012-05-31,0.7800285884631785,-0.2287992377180463,1.3359036859683893,1.3227731534359468,0.5122248724604611,0.43485542838629143,-0.4015976037451698,1.6713157506718042,1.339830189998492,0.2,0.2,0.2,0.2,0.2
2012-06-30,0.8242791065453052,-0.40214725546026836,1.2799044194213156,1.3417484439338219,0.5128180328127716,0.4625167558131446,-0.540213377679125,1.643816136635236,1.3925425964633942,0.2,0.2,0.2,0.2,0.2
2012-07-31,0.8481168019005784,-0.4251893747069262,1.3515778431348522,1.5002527786558555,0.5199814855357975,0.4607020307255399,-0.5531995407349202,1.6802491684944512,1.4845047921576757,0.2,0.2,0.2,0.2,0.2
2012-08-31,0.8887608308473941,-0.3762965647094345,1.3357322295492449,1.4449602313192795,0.6082574666968218,0.3827948950412265,-0.5156789831075794,1.639293174520725,1.3492653905358012,0.2,0.2,0.2,0.2,0.2
2012-09-30,0.7806692168853655,0.3041119905003124,1.207268091450186,0.9721176685789573,0.6285087271413604,0.2796414208389426,-0.0682159807961559,1.538057254091687,1.007123523163477,0.2,0.2,0.2,0.2,0.2
2012-10-31,0.7247444313129967,0.32222120863758413,1.1752703390657868,1.1394865892738664,0.6487483310492275,0.19752370129415198,-0.07875226646232678,1.5121506225366588,1.204303850313744,0.2,0.2,0.2,0.2,0.2
2012-11-30,0.7985539025656929,0.31181584809238666,1.2300205609451262,1.1094556682550416,0.5529778435042637,0.32997434732575825,-0.014999298123914886,1.5335209774198872,1.2691038316502674,0.2,0.2,0.2,0.2,0.2
2012-12-31,0.8732499839821849,0.10646577940473184,1.4662898191792824,1.0338925498725133,0.6293168689775109,0.2814319146192953,-0.20819367025012656,1.7026523408360645,1.1618217102218318,0.2,0.2,0.2,0.2,0.2
2013-01-31,0.9317627086400674,0.0443876886658187,1.463249608055035,1.1438416295933997,0.682703978291921,0.2216844986875624,-0.2778382061566827,1.6194020460428753,1.2023179905805115,0.2,0.2,0.2,0.2,0.2
2013-02-28,0.8555507011686149,0.2528760662064523,1.4287939351021497,1.0340109779076465,0.7538303686959826,0.044619362936152165,-0.19925493378525744,1.5317089541897047,1.0486008283465016,0.2,0.2,0.2,0.2,0.2
2013-03-31,0.5828517035925214,0.7577401327553152,1.197902836378646,0.5520528467373402,0.5932609110595306,0.11856925798459261,0.30163274184394545,1.5094914297393327,0.813487723470351,0.2,0.2,0.2,0.2,0.2
2013-04-30,0.8076794422260584,0.304375616393833,1.3616456634454253,1.1074868446438313,0.755345171815367,0.014240299985769806,-0.17254408117565476,1.487078626390061,1.0544148774857234,0.2,0.2,0.2,0.2,0.2
2013-05-31,0.5287122064493446,0.7558023281409172,1.2757625245164357,0.6044862932077957,0.7590357284339454,-0.13005986638109443,0.04784256110847893,1.4175355368131461,0.7904154397434756,0.2,0.2,0.2,0.2,0.2
2013-06-30,0.44152413780391336,0.8676838909112173,1.3445562878615265,0.3061312442674149,0.7303996000118004,-0.13943004706469003,0.18270862210967997,1.518053071267439,0.5947174146067616,0.2,0.2,0.2,0.2,0.2
2013-07-31,0.6961592481123308,0.4589284397747086,1.5885532616609366,0.7839945067240762,0.7223965382874795,0.016545223142062516,-0.03811995684780741,1.6561173977568306,0.8586195731033801,0.2,0.2,0.2,0.2,0.2
2013-08-31,0.15315723385906463,1.1608429683903019,0.9538084938931227,-0.11408458009467962,0.4769388402146807,-0.13012866478478452,0.7914746500970838,1.327918510523851,0.16767293929171867,0.2,0.2,0.2,0.2,0.2
2013-09-30,0.381134358571029,0.9943798850955976,1.2082461816674646,0.08642694153902225,0.7133002753813279,-0.1663483364207057,0.30001029140275803,1.494435697702699,0.4132363613718728,0.2,0.2,0.2,0.2,0.2
2013-10-31,0.9729622611425042,0.3903187553926405,0.5674974111335417,0.8201932784972462,0.8567796623786176,-0.27019520738789327,-0.25013532422098395,1.0692099837631035,0.6051399106456733,0.2,0.2,0.2,0.2,0.2
2013-11-30,0.7570351431649748,0.5975926999354748,1.3756660797893665,0.5850003093107317,0.7518320556213247,-0.028909651290556886,-0.011285886576328046,1.4559263579671509,0.6545661713712527,0.2,0.2,0.2,0.2,0.2
2013-12-31,0.6592840137291439,0.4782684581886309,1.7523300182333166,0.4039959735624411,0.5835802618545716,0.17265334756589323,0.11705817708184836,1.895997946675843,0.5822286575310379,0.2,0.2,0.2,0.2,0.2
2014-01-31,0.7384286149692525,0.46263279277794334,1.7028911267439937,0.4090135094750373,0.6202028597557361,0.16851486825348977,0.0842794345583064,1.8402141814807498,0.5979619964849073,0.2,0.2,0.2,0.2,0.2
2014-02-28,0.7774326991759971,0.016914527053512263,1.8183490015603299,0.36081258797303517,0.4917052578398043,0.3483779471000931,-0.18522670844522082,1.945764492438458,0.482929471925299,0.2,0.2,0.2,0.2,0.2
2014-03-31,1.0636230654099073,-0.13403961721627017,1.5872183221248328,0.5696970171332483,0.5857959239053064,0.42738667559502885,-0.32805275635503683,1.7109810062685245,0.6318976274292004,0.2,0.2,0.2,0.2,0.2
2014-04-30,0.9897350790675639,-0.061102501862506854,1.6265141103200786,0.6989439520141189,0.6005878932750318,0.34497479524319546,-0.28604238112005315,1.7152443497964753,0.7246237222528669,0.2,0.2,0.2,0.2,0.2
2014-05-31,0.6324228873771802,0.2356744163551126,1.826365895042599,0.3416292394110544,0.5747962455225176,0.13897730644219078,-0.06866632190155514,1.8700027752222221,0.44690569222917087,0.2,0.2,0.2,0.2,0.2
2014-06-30,0.5997446417393208,0.34777619114683395,1.8186285499191117,0.1786744865313599,0.5444116307409139,0.15616613527899165,0.03529395623821406,1.8980974592661928,0.3295323245383417,0.2,0.2,0.2,0.2,0.2
2014-07-31,0.7656231915989333,0.19321737236737443,1.801205258237907,0.331244147097543,0.6533800599908708,0.12562694157468873,-0.1548597866556519,1.7404543720665366,0.4267271571662898,0.2,0.2,0.2,0.2,0.2
2014-08-31,0.664761569017678,0.5060781238861548,1.710300830608022,0.2961416328540155,0.7401407496687503,-0.0840826938529625,-0.0762066788661365,1.4950363196005998,0.39231141488045457,0.2,0.2,0.2,0.2,0.2
2014-09-30,0.8161689521150657,0.12856434667719546,1.7442693809637437,0.6247107055383132,0.7676355374892353,-0.08402558788786908,-0.2759199118845802,1.419633796428675,0.5207138011558627,0.2,0.2,0.2,0.2,0.2
2014-10-31,0.6964090274032322,0.04613096543061104,1.7671715718656071,0.8155904709344611,0.7703983328623756,-0.14097307194732858,-0.31225972236751665,1.4384286194502078,0.6241676405590451,0.2,0.2,0.2,0.2,0.2
2014-11-30,0.8112524504192908,-0.014041758061965854,1.7539567192994343,0.7226992613514222,0.7760183143897514,-0.11036242002623406,-0.33890891662769057,1.4107600521712573,0.5780120824503681,0.2,0.2,0.2,0.2,0.2
2014-12-31,0.5392731588449835,0.49811026233038297,1.7799484977472222,0.31670880128180284,0.7843814297455783,-0.23831588990257235,-0.15029627306796658,1.3265635760883616,0.38712898928360634,0.2,0.2,0.2,0.2,0.2
2015-01-31,0.8127862216608701,0.04153118198565158,1.009719621465132,1.5515312054288715,0.820457191112964,-0.3161638363029879,-0.32457382271509894,0.8862353027219673,0.5234476205606277,0.2,0.2,0.2,0.2,0.2
2015-02-28,0.22312030121360413,-0.815364847460377,-1.4015049522594563,1.7450116437678502,0.8141515403195654,-0.3820113787036577,-0.4978417976641691,0.4603866938958512,0.6511054213404605,0.2,0.2,0.2,0.2,0.2
2015-03-31,0.9047806727656925,-0.5475364460795574,1.218637774004059,1.4996382072617123,0.8150210346577627,-0.28254209656039453,-0.4206087009160591,0.9424178580044059,0.5772669354347891,0.2,0.2,0.2,0.2,0.2
2015-04-30,1.1447052735400056,-0.7722997648124749,0.9190440938143435,1.0769246356055437,0.8113882460202457,-0.21133802277349228,-0.4675963186446991,0.9061858247043691,0.5013851196621042,0.2,0.2,0.2,0.2,0.2
2015-05-31,0.16055265952310244,-0.7580520880055468,-1.672895926404409,1.2685233066292112,0.7663687732466963,-0.31293597349804564,-0.6013856412919971,0.10273012146199234,0.7749622587323596,0.2,0.2,0.2,0.2,0.2
2015-06-30,0.9458379854375037,-0.5117455034416558,1.3969636729730428,1.1163190501822786,0.7979905945134894,-0.15450421856466245,-0.46679806931219225,1.0705367115152262,0.5953377723693022,0.2,0.2,0.2,0.2,0.2
2015-07-31,0.875154078108148,-0.2322871541525897,1.703337254043123,0.6960353338175227,0.6492103400529624,0.22703801205265337,-0.42918279062455145,1.6326482383818515,0.6816138557854774,0.2,0.2,0.2,0.2,0.2
2015-08-31,0.7399975878016372,-0.37721572027236794,1.696215076294945,0.7065111864739255,0.635703227840457,0.18313795082083423,-0.5147284302687415,1.6526805720578646,0.7171585676314111,0.2,0.2,0.2,0.2,0.2
2015-09-30,0.7537677328917531,-0.367424202284033,1.7254899737706884,0.6980655558321052,0.6005984945631674,0.2468745557127966,-0.4963380847366727,1.7424782410496635,0.7342212239025253,0.2,0.2,0.2,0.2,0.2
2015-10-31,0.7060970620655455,-0.3691933836068083,1.7409351742141,0.7039873833967335,0.5945223653946096,0.21960353308167363,-0.4950639761847285,1.7643085251419655,0.7373394423222756,0.2,0.2,0.2,0.2,0.2
2015-11-30,0.693301513515765,-0.4076354350921869,1.7118573442591722,0.8459701510222015,0.5923195005225768,0.22893183001171627,-0.5202305103517625,1.7258314254612086,0.8221508385433676,0.2,0.2,0.2,0.2,0.2
2015-12-31,0.5036152040184865,-1.1854204418982304,-0.7290555284635427,1.8943931449750298,0.6106183136900388,0.09002337488987616,-1.0082729536158626,0.1261079009061945,1.4437814338151895,0.2,0.2,0.2,0.2,0.2
2016-01-31,0.4851110662459601,-0.2550151929234345,0.9306578437435448,-1.6539878002883803,0.7560673871749268,-0.15068193704409322,-0.3963935826134268,0.9741517069809872,-0.1325238413178282,0.2,0.2,0.2,0.2,0.2
2016-02-29,0.17509463738092784,-0.3548815338931449,1.6004936340182583,0.9893466778659313,0.643738321944487,-0.15543945322365432,-0.4791650231425482,1.536751173747221,0.855383125796395,0.2,0.2,0.2,0.2,0.2
2016-03-31,0.5247628545230472,-0.8604896739406659,1.0345568963117524,1.5975197927168008,0.6794078821812725,-0.017978797640411597,-0.711311150664474,1.1510481989646186,1.0734805334585131,0.2,0.2,0.2,0.2,0.2
2016-04-30,-0.2823384012430029,-0.5397101409167873,0.8295634123363547,1.6988351264494335,0.6677292725190257,-0.42866594436252053,-0.5645617026110343,1.034664713820713,1.1561393669150384,0.2,0.2,0.2,0.2,0.2
2016-05-31,-0.3596849022704262,-0.8455510171920059,0.07680408351662506,2.134636097567967,0.618974193327779,-0.4837251704372099,-0.7694219357236611,0.5907926111332459,1.5617671795601549,0.2,0.2,0.2,0.2,0.2
2016-06-30,0.2775161262615658,-1.2104730498656644,-0.12842195324059769,2.1433011059656217,0.6776862589296471,-0.14851217338818692,-0.8813234637901992,0.533608502418957,1.3381671135777542,0.2,0.2,0.2,0.2,0.2
2016-07-31,0.23460108747140457,-0.4607995195491337,1.437407168396959,1.092699712598396,0.6484678099782725,-0.1448425086872846,-0.5305896500601506,1.350207267180872,0.8741134917294237,0.2,0.2,0.2,0.2,0.2
2016-08-31,0.7253699439882084,-0.5181003805469249,1.4892449300201396,0.8869050801358055,0.644882353563611,0.11358559253884225,-0.5601332412948763,1.369254639328054,0.7761018936725254,0.2,0.2,0.2,0.2,0.2
2016-09-30,0.7600654857923366,-0.4344942018456095,1.5115609934513647,0.8599186938123414,0.6507607580353163,0.11517082183545002,-0.499704389182364,1.3385224192217744,0.7418365907979927,0.2,0.2,0.2,0.2,0.2
2016-10-31,0.6854185790485938,-0.5066045373929821,1.4941261895069167,0.8427013992309766,0.5386636481374948,0.2490015013405565,-0.5894410990987372,1.495332910437673,0.8450410441505295,0.2,0.2,0.2,0.2,0.2
2016-11-30,0.0655506590383977,0.45497167220059576,1.814229918255496,0.006536234813047771,0.4615527109098092,-0.15803920531958413,0.17520101385367326,1.8203045913099305,0.21000867291272557,0.2,0.2,0.2,0.2,0.2
2016-12-31,0.7740222891214636,-0.457747048117458,1.4040374007014467,0.9885889950581714,0.4603483232719344,0.41364259725168684,-0.5503015410927197,1.496061977926562,0.9976637389505141,0.2,0.2,0.2,0.2,0.2
2017-01-31,0.7705703894334732,-0.25556663811356545,1.6533415337977582,0.5070615983896013,0.3160996514253262,0.5616328107253342,-0.36009670504381125,1.7629031938784192,0.6037556210713206,0.2,0.2,0.2,0.2,0.2
2017-02-28,0.6824210395497153,-0.17944059318867225,1.74858007951791,0.30664926548427457,0.3792712581977357,0.4260978112230443,-0.30736529567766496,1.8300787242000842,0.43878681681095355,0.2,0.2,0.2,0.2,0.2
2017-03-31,0.6313447986930004,-0.09327306703861533,1.817359254287993,0.1053219857579173,0.5253015481337131,0.23212154419509545,-0.282251153394684,1.757763298865629,0.3416105414521595,0.2,0.2,0.2,0.2,0.2
2017-04-30,0.6892783324007773,0.14024298907486768,1.7842290652845716,-1.0864388006611794,0.5331518425877018,0.263842911676337,-0.11609831763174343,1.7226493016154147,-0.5123099833906986,0.2,0.2,0.2,0.2,0.2
2017-05-31,0.45586560066053045,-0.09786541374417324,1.8212694814984103,0.11373786120123959,0.5772558920040153,0.04116782945523766,-0.3088556858249295,1.6826853467794072,0.39798769291406205,0.2,0.2,0.2,0.2,0.2
2017-06-30,-0.4183437166585223,-0.5377350010361936,0.8953624159191501,1.1074449729227274,0.6964019234745196,-0.4882751109351936,-0.5196804846409981,0.969200701087432,0.8620323535573248,0.2,0.2,0.2,0.2,0.2
2017-07-31,-0.10639779930706289,-0.1566861203936113,1.5486357408334404,0.43932577973347414,0.6583933424134696,-0.34330890779620105,-0.3478931330089429,1.3382774362541827,0.5846549901552689,0.2,0.2,0.2,0.2,0.2
2017-08-31,0.20034104672795713,-0.17332084292468364,1.6864870126903038,0.43729577972047184,0.6644464334521535,-0.17919532528459048,-0.35256842199082195,1.4050284116510376,0.5823591589723095,0.2,0.2,0.2,0.2,0.2
2017-09-30,0.6870124800404194,0.1829394753519769,0.7619362209240202,-2.0626277436796143,0.5563009065054758,0.2411238252359036,-0.09313414654309254,0.9863282842973372,-1.1327683384041354,0.2,0.2,0.2,0.2,0.2
2017-10-31,0.8143641103605664,-0.22277648882593368,1.658004772462232,0.41006273373288216,0.510147096761493,0.39682461978791456,-0.36663501042243163,1.6585983734425818,0.57214425329639,0.2,0.2,0.2,0.2,0.2
2017-11-30,0.812645001778584,-0.04977324905952059,1.7726269866990827,0.02977413443176229,0.4530549907434834,0.4692692889191522,-0.2255874952172354,1.7977767540345564,0.2737820529870686,0.2,0.2,0.2,0.2,0.2
2017-12-31,0.6567412417022445,0.44894608327585134,1.6264994366955514,-1.5423084693258116,0.34979733031655985,0.44040754169895724,0.2522518062704984,1.7078316133536564,-1.1737612949819494,0.2,0.2,0.2,0.2,0.2
2018-01-31,0.8033600980198681,-0.08221246226185563,1.7151284592912153,0.21154883149423015,0.5112373548220454,0.39063523478831785,-0.2763488091423467,1.6589636278878592,0.4458712342449689,0.2,0.2,0.2,0.2,0.2
2018-02-28,0.7551257491217616,-0.0877528056640444,1.7494199389735772,0.06833206030988109,0.5659190018812158,0.3061293851502915,-0.31747833995069324,1.6019988840652803,0.36198342464189376,0.2,0.2,0.2,0.2,0.2
2018-03-31,0.8357174211126122,-0.2497599726946151,1.6436142302141614,0.15970423987776,0.4944527926110655,0.46256637991540367,-0.4127867465171201,1.6203644534969905,0.3746019114129092,0.2,0.2,0.2,0.2,0.2
2018-04-30,0.8658175834670054,-0.129771840289183,1.684159034835113,0.014906997205167256,0.4636399045388832,0.5336288409427741,-0.3158418681081876,1.6761623022255565,0.24880986029900332,0.2,0.2,0.2,0.2,0.2
2018-05-31,0.8860076350660886,-0.20950522434661967,1.5710284981681577,0.3503742367876655,0.5095452373395741,0.4901921593297057,-0.3840150288737931,1.548250604355148,0.4986089574952517,0.2,0.2,0.2,0.2,0.2
2018-06-30,0.949901857051295,-0.017316057369141224,1.6233853205766837,0.056521613503823814,0.4605941123222586,0.6100139518700805,-0.2233059455846476,1.6372056445412444,0.2596120559534762,0.2,0.2,0.2,0.2,0.2
2018-07-31,0.9749573702270926,-0.7539141832666469,1.1140631903847047,0.7934285503546725,0.5678772124369169,0.45515130622683087,-0.7669466448426563,1.1161675203795691,0.8184404043251395,0.2,0.2,0.2,0.2,0.2
2018-08-31,0.8492782844982605,-0.6251457529691838,1.3899700144534146,0.6958589059484914,0.6766382168889409,0.16993296973375718,-0.6427735065964478,1.110604478341946,0.6902178271263584,0.2,0.2,0.2,0.2,0.2
2018-09-30,0.976956705119915,-0.9220049708349348,0.8733703574521499,0.7259333102151079,0.5858147317632741,0.42158500759110545,-0.8905023542498575,0.9399848532277207,0.7884270374905227,0.2,0.2,0.2,0.2,0.2
2018-10-31,0.8617252586921131,-0.8391606562972125,1.15186844344733,0.6949065689193176,0.7264818750199781,0.10768658830992367,-0.7966137826573989,0.8704280291259849,0.7058634854524269,0.2,0.2,0.2,0.2,0.2
2018-11-30,0.639873634017441,-0.7820687770482181,1.3177117527425566,0.726804871362692,0.8130381696053052,-0.122139307449441,-0.674744833650054,0.7468941030051917,0.6506864463874409,0.2,0.2,0.2,0.2,0.2
2018-12-31,0.007764037612499955,-0.9226293616465316,1.016129693697941,1.293448700612362,0.8365392676984372,-0.3274543187439476,-0.6280823880251984,0.5548991387069048,0.690792871024631,0.2,0.2,0.2,0.2,0.2
2019-01-31,0.736710940110907,-0.9706981469363707,1.0625484252492436,1.2483231066965534,0.7894129553072667,-0.10877420334900738,-0.7502601685072285,0.6300418689692174,0.849379994391266,0.2,0.2,0.2,0.2,0.2
2019-02-28,0.9680583411256318,-0.606447874296492,1.415066452832778,0.8017531623215511,0.7987888157901578,-0.0993883285739446,-0.5569343444584121,0.7014382087563446,0.6600573812080003,0.2,0.2,0.2,0.2,0.2
2019-03-31,0.9636458261951343,-0.9316710857412618,1.0883572010733473,0.9885794629026932,0.8097850569223719,-0.0899537507486622,-0.577978813769905,0.6536168857293918,0.6725823474170851,0.2,0.2,0.2,0.2,0.2
2019-04-30,0.7048294557207125,-1.3258135705468632,0.7998262123792262,1.5003220786546592,0.7406579819331229,-2.459849641706802e-05,-0.8715398635987233,0.6772969383204248,1.009667073603175,0.2,0.2,0.2,0.2,0.2
2019-05-31,0.7000703344217395,-0.8612622918810409,1.5008905972775974,0.8977906608608492,0.8205594120757269,-0.12896705784934373,-0.4656696264776207,0.8050562758379516,0.5482990585234703,0.2,0.2,0.2,0.2,0.2
2019-06-30,0.6408569864928392,-1.0917985727491761,1.196223017296002,1.4386087436514725,0.7978865980849812,-0.13701939391927126,-0.6208344065653416,0.7112176122999992,0.8260416140323911,0.2,0.2,0.2,0.2,0.2
2019-07-31,0.46677338969875726,0.6663934913864905,1.489241215690325,-1.9556200881795966,0.7504203890803682,-0.1343332645169243,0.08288333387466224,0.9527016106173876,-0.5729928674889725,0.2,0.2,0.2,0.2,0.2
2019-08-31,0.4940286514764873,-0.9820220561339342,1.4015377888573333,1.1365690793130119,0.8072676026404331,-0.2045048579347904,-0.5209441217164315,0.750436787535546,0.7194779577138724,0.2,0.2,0.2,0.2,0.2
2019-09-30,0.4550424735189819,-1.2322314383291877,1.1803367052549398,0.9195847086238964,0.76990080885698,-0.15601620098641622,-0.7291809207335354,0.7882271883343703,0.7438938794207473,0.2,0.2,0.2,0.2,0.2
2019-10-31,0.20495653375136713,-1.1167905183060245,1.2289701508143933,1.1143777691410008,0.78478635242776,-0.2672842771979457,-0.643577351094825,0.7781200788675933,0.7877210007773409,0.2,0.2,0.2,0.2,0.2
2019-11-30,-0.33276092487293374,-1.089073708715999,0.8005828362972436,1.1906146517298024,0.79813684014084,-0.4693261217777196,-0.5921117078900469,0.5889658468540357,0.7759101676336242,0.2,0.2,0.2,0.2,0.2
2019-12-31,0.5600737996234108,-1.2900163557240645,1.1295855767562988,1.1433970647333005,0.797288534227798,-0.1622169860287821,-0.6939862629032325,0.7518037394179921,0.7964000548990389,0.2,0.2,0.2,0.2,0.2
2020-01-31,0.4030775693394164,-1.3185539314392374,1.0672442574345549,1.3133046984197612,0.8083090539840805,-0.2530026517486082,-0.6643699835283575,0.6868040156974339,0.8206419374507211,0.2,0.2,0.2,0.2,0.2
2020-02-29,0.2510916018188627,-1.3811358686764863,0.873266536936732,1.2049309158692698,0.8120533415174601,-0.2949126446621439,-0.6952712026657447,0.6628359346619368,0.7862855861735653,0.2,0.2,0.2,0.2,0.2
2020-03-31,0.1899370454747549,-1.357176622000824,0.8330943837148366,0.8650072661183331,0.7757466138823794,-0.2946051936147699,-0.7310639673689928,0.6043041806538988,0.6234787450552554,0.2,0.2,0.2,0.2,0.2
2020-04-30,-0.8657973362450084,1.139149066856529,0.41979133966565535,-0.7010810812903419,0.7226158414096167,-0.8067047442408958,0.2633095799277912,0.405035860768359,0.07331732931788092,0.2,0.2,0.2,0.2,0.2
2020-05-31,-0.5686878447406566,1.3584449815568824,0.00370061022077634,-1.2783163184908832,0.08784013517999785,-0.6205114894177505,1.3154333265566562,0.011593442611259892,-1.2168303067400315,0.2,0.2,0.2,0.2,0.2
2020-06-30,0.1618830655116537,-1.1211299640918801,0.838437860500872,0.4202592513402675,0.7082608033578491,-0.3964269631917252,-0.8053705062360251,0.4333225622068342,0.6461215377242069,0.2,0.2,0.2,0.2,0.2
2020-07-31,0.20437127440919994,-1.1955469312582532,0.7005617142968419,0.5505894194217883,0.7275133380347046,-0.3897958494301811,-0.7945950479289811,0.349376388706103,0.7074236583962479,0.2,0.2,0.2,0.2,0.2
2020-08-31,0.1299479542906756,-1.1667637328720288,0.6736579260358988,0.47634039685608043,0.7247924406671652,-0.3913507185188726,-0.7906120400393626,0.3481847352005421,0.6969895806882705,0.2,0.2,0.2,0.2,0.2
2020-09-30,0.2164848129749246,-1.1547787349883012,0.7868776154998947,0.51616157889961,0.718461870503737,-0.34561768762503414,-0.7807681235971048,0.32428787514552165,0.7583526847415121,0.2,0.2,0.2,0.2,0.2
2020-10-31,0.12195767907716079,-1.1229603021022811,0.7155724164438191,0.36009148010669917,0.7538044067568259,-0.373433096803873,-0.744662845638036,0.22769494865451229,0.711039934318108,0.2,0.2,0.2,0.2,0.2
2020-11-30,0.19235233623186512,-1.0933077819910713,0.7560385404975231,0.21484001083458612,0.7400058033135487,-0.30116329224588767,-0.6999572714602577,0.2594428006406946,0.6040863667955702,0.2,0.2,0.2,0.2,0.2
2020-12-31,1.3408573913519461,-0.79603933704828,0.8378439171910598,0.5066526908764344,0.2492301798033847,1.1231700215317244,-0.8378230401701011,0.7851017310963352,0.6368738241362095,0.2,0.2,0.2,0.2,0.2
2021-01-31,1.327983757068638,-0.7330768952862846,0.8990701977047363,0.4100531561533168,0.12046319707935234,1.2376702330060207,-0.7624133741985529,0.8738290717080304,0.48896181535275224,0.2,0.2,0.2,0.2,0.2
2021-02-28,1.3223210229375655,-0.7082426851503952,0.9298390535488775,0.34106935247814113,0.11614018788642497,1.2364922982515527,-0.7379067804003349,0.901308818971072,0.4254246939439259,0.2,0.2,0.2,0.2,0.2
2021-03-31,0.7328850817981863,-1.0350953828907452,1.0471794895363413,-0.04487951427881359,0.7129800087062963,-0.10606434210497527,-0.6469738841889475,0.35771596805324896,0.462230471659919,0.2,0.2,0.2,0.2,0.2
2021-04-30,1.342169283502882,-0.6982689515001176,1.0533872680563667,0.30057897263023603,0.0438383909967415,1.3125613401058582,-0.7084531956042213,1.0423393983069622,0.32893270232715044,0.2,0.2,0.2,0.2,0.2
2021-05-31,0.6705126945141862,-0.8784085298424966,1.436273753707594,-0.1557005972788934,0.7077492593215675,-0.12768279694102766,-0.5955376978428615,0.49542009139661447,0.42485836415325584,0.2,0.2,0.2,0.2,0.2
2021-06-30,0.604265878523551,-0.8086063371251375,1.6097123180455968,-0.05127814297550205,0.7336897563947414,-0.21661897590074103,-0.5059088133339087,0.4554523363029015,0.5092333270498545,0.2,0.2,0.2,0.2,0.2
2021-07-31,0.7328340706212372,-0.9939041778635216,1.4172678688783917,0.1889967435185477,0.7315672707372274,-0.16965377912285728,-0.566468762410483,0.38187831861370053,0.60731506231682,0.2,0.2,0.2,0.2,0.2
2021-08-31,0.6794744424782798,-0.9827318084965952,1.4267167755120147,0.2664546759960826,0.7364191057963222,-0.1974036708010357,-0.5633107500712043,0.33885941876745457,0.6686565587684803,0.2,0.2,0.2,0.2,0.2
2021-09-30,-1.144602862796103,0.03339437063069142,-0.2294439871246738,-0.23263391453347898,0.7350039885866967,-0.9595648694006346,-0.14350341064036062,-0.37367310163921813,0.4621477140349474,0.2,0.2,0.2,0.2,0.2
2021-10-31,-0.4269230310438933,-0.5925068831428693,0.7120371025498727,-0.06255762219814653,0.8073499463191008,-0.5881340597101041,-0.24890038297728576,-0.23417844198261759,0.6083265320689882,0.2,0.2,0.2,0.2,0.2
2021-11-30,0.6364214780097431,-0.8995208945338098,1.4553289816250858,0.06609738901544804,0.7989336881505452,-0.29365145644145096,-0.40783309584385097,0.015145638652954993,0.6446397108500593,0.2,0.2,0.2,0.2,0.2
2021-12-31,-1.2461782426249037,0.24377649175289104,-0.3068578611003333,-0.23920076621154582,0.6942797125273272,-1.0823430014077287,-0.008437976519494118,-0.4620192143149516,0.4270664621251807,0.2,0.2,0.2,0.2,0.2
2022-01-31,0.28399646332571293,-0.1979763964739885,1.691522239939245,-0.17591542376265165,0.31768898453497474,0.07689498808863944,-0.24603252747542595,1.4165455114989935,0.08223773173520697,0.2,0.2,0.2,0.2,0.2
2022-02-28,-0.29085096739157096,0.014993227621810807,1.3532138642193505,-0.1758643727563562,0.26947249504854875,-0.43704408356740093,-0.033938785097979894,1.1491020068526538,0.04491261638948687,0.2,0.2,0.2,0.2,0.2
2022-03-31,-0.49149085684028326,0.032855741269260656,1.1315167028241768,-0.051310224906212926,0.6364182452250993,-0.7057350649440718,-0.08805465690970081,0.4036168143661606,0.47434800213414896,0.2,0.2,0.2,0.2,0.2
2022-04-30,-1.255968452480234,0.3055939112008939,-0.4653994495705596,-0.09531296460453374,0.7058586274053705,-1.0666036388959774,0.06200254785718377,-0.5765837711100039,0.4490524251835429,0.2,0.2,0.2,0.2,0.2
2022-05-31,-1.221730094942399,0.26301742821259916,-0.34580617292235977,0.04324109068695833,0.6055605748799587,-1.1603687471614914,0.09185662013463979,-0.48705037837924575,0.5200833134516708,0.2,0.2,0.2,0.2,0.2
2022-06-30,-0.24829722914388097,-0.03722328444564593,1.354586500332284,0.006880463844503974,0.425105696321319,-0.4709170101384192,-0.07470648874206552,0.9579407419157882,0.32535070944755906,0.2,0.2,0.2,0.2,0.2
2022-07-31,-0.03823086257548512,-0.11837583235870976,1.5064059077912857,0.050367042433947275,-0.43466467341738546,0.20285892341758324,-0.036267105766063124,1.4017229323442504,-0.23791110592151027,0.2,0.2,0.2,0.2,0.2
2022-08-31,-0.002663608134488829,-0.12850023083978426,1.5304410030038127,0.019493541239280886,0.3595133558515551,-0.2001832162494259,-0.16742487505421008,1.2179068487370788,0.2686113419000894,0.2,0.2,0.2,0.2,0.2
2022-09-30,-1.0616792171522933,0.11229644328946263,0.15548352176536598,0.04331659443006509,0.6658960176893778,-0.8987875632067098,-0.041692945789306615,-0.20045144931774392,0.4910373096248163,0.2,0.2,0.2,0.2,0.2
2022-10-31,0.5154530734944701,-0.6127520137715732,1.542832010680123,0.7025970950336249,0.6677786766279329,-0.1629162054744354,-0.3572114976665349,0.37629907633088455,0.7689709545550825,0.2,0.2,0.2,0.2,0.2
2022-11-30,0.577499229941561,-0.5784363881427469,1.5444400185299227,0.697678394043448,0.6367532651215997,-0.10531509824725879,-0.36744733097592186,0.4404579940820007,0.7286489520349216,0.2,0.2,0.2,0.2,0.2
2022-12-31,0.5462203013461301,-0.36161987854179345,1.5877643974632787,0.24867637123548816,0.2868133876899987,0.3224838109230455,-0.36352951919243787,1.2954968267712115,0.39119388383922654,0.2,0.2,0.2,0.2,0.2
2023-01-31,-0.036839605290385415,-0.6357103618837222,0.6815398495889347,1.414781286592561,0.3881478410373505,-0.2734630732236995,-0.5870212530389451,0.3509148001119312,1.4400583343605842,0.2,0.2,0.2,0.2,0.2
2023-02-28,0.537995018703442,-0.8163792727875334,0.889978051132024,1.464384431064624,0.3477336286529288,0.2511682263482422,-0.7623283205351952,0.5695179591985303,1.5197639017048319,0.2,0.2,0.2,0.2,0.2
2023-03-31,-0.017807022431442204,-0.6548418637777269,0.7812498782865595,1.309394744718409,0.45677835631951064,-0.3048805197828736,-0.5662427619443458,0.3326185530077627,1.3153981011680809,0.2,0.2,0.2,0.2,0.2
2023-04-30,-0.7194260538094631,0.038303567751746204,0.7364043593201642,-0.14383569938549226,0.49259218735778326,-0.8315771969461726,-0.022463325809641027,0.23993912368448134,0.21287755961378474,0.2,0.2,0.2,0.2,0.2
2023-05-31,-1.06590844407876,0.22288685099603325,0.12135453162597817,-0.2271233723870952,0.47576061316153745,-1.102326490297485,0.1242673815781964,-0.20623240949295746,0.12920078834177015,0.2,0.2,0.2,0.2,0.2
2023-06-30,-0.6786739318375977,-0.4952052108030383,0.27219719163899486,0.44060938643133357,0.4826206819700434,-0.8088000436567446,-0.4140054778040833,-0.10485061056319955,0.6185366506760276,0.2,0.2,0.2,0.2,0.2
2023-07-31,-0.6833438146663131,-0.47651592723893527,0.30127427039108695,0.3981359693104805,-0.03487383171887987,-0.6604608892871453,-0.4729150758619722,0.3237798219115098,0.3765963772722025,0.2,0.2,0.2,0.2,0.2
2023-08-31,0.46911696649252393,-0.5308351364364652,1.5169706441362227,0.0609403409891946,0.47852746559688497,0.05492537967153457,-0.4468209545981637,0.8314215611070734,0.3404479039406746,0.2,0.2,0.2,0.2,0.2
2023-09-30,-0.6340835013394923,-0.25355428507529454,0.6728458428566474,0.005142628812405138,0.3970301305949977,-0.7920384167925835,-0.24354813000470887,0.30536777965770484,0.24122771887967953,0.2,0.2,0.2,0.2,0.2
2023-10-31,-0.40565247231893203,-0.5346499780149192,0.7665628772866748,0.32653478862966395,-0.1585081532892859,-0.29058839030851585,-0.5134606793670381,0.8509272988785724,0.22959631957058774,0.2,0.2,0.2,0.2,0.2
2023-11-30,-0.37982019134324246,-0.5585956031887037,0.7812036927362667,0.4504124023991353,0.3831501442486221,-0.5837745099301792,-0.4911563023968807,0.4224915599201678,0.5934999665854646,0.2,0.2,0.2,0.2,0.2
2023-12-31,-0.6832255400981316,-0.3646867314401496,0.45269258493713,0.24489212523675644,0.04737417487653392,-0.7113371352635807,-0.36846854300094334,0.42706623650372844,0.2728823443048304,0.2,0.2,0.2,0.2,0.2
2024-01-31,0.3320869921764817,-0.3799198036803105,1.4961647414958612,0.04934107693183871,0.5382169556448287,-0.12527615345514068,-0.3011094087633175,0.6979254066830632,0.35603114296760635,0.2,0.2,0.2,0.2,0.2
2024-02-29,-0.8577131949986619,0.17353052682304052,0.4419360258116916,-0.27291314635095865,0.5299021622295037,-0.8958835506376047,0.06063483196970259,0.040155519695679126,0.1423998087524558,0.2,0.2,0.2,0.2,0.2
2024-03-31,-0.9453779523492736,0.21482066341751832,0.2705072949656047,-0.3048444351469018,0.4944154874624233,-0.9756606003348818,0.10373539082731364,-0.033581937610492434,0.08744764058817585,0.2,0.2,0.2,0.2,0.2
2024-04-30,-0.8032450380496786,0.22884532372914992,0.44628116529519274,-0.6872042699261413,0.480784422940222,-0.8761642029625093,0.11421395862722217,0.10693273282558628,-0.20463622191379546,0.2,0.2,0.2,0.2,0.2
2024-05-31,-0.7102971084876187,0.14165311026522337,0.6013464278383334,-0.6259778263023998,0.49873749802559497,-0.8055416884895262,0.046947660893103475,0.19621969456984578,-0.13445089062612894,0.2,0.2,0.2,0.2,0.2
2024-06-30,-0.2705410700922368,0.13654867740301704,0.9929091046822922,-0.9066237871054244,0.45236360997630765,-0.48518679192645275,0.058499244800619445,0.5525846969228044,-0.4192771531737256,0.2,0.2,0.2,0.2,0.2
2024-07-31,0.23219645007762116,-0.550441046217027,1.371002234872322,0.1998339748769771,0.5135074838874287,-0.14786509205564782,-0.4303273079887591,0.7037779578773804,0.45659810460229217,0.2,0.2,0.2,0.2,0.2
2024-08-31,0.357068697831067,-0.3590022424337276,1.5116786006435312,-0.036720717063401305,0.5031402325733931,-0.029131843181162985,-0.2980716007104921,0.8329194599183627,0.2817594642554431,0.2,0.2,0.2,0.2,0.2
2024-09-30,-0.07785004934964836,-0.19074561398914314,1.3221231431301312,-0.12448898510496949,0.5191481100881304,-0.33346007867000127,-0.17685159577863735,0.6610586918246917,0.22866091310586423,0.2,0.2,0.2,0.2,0.2
2024-10-31,-0.13441054427731683,-0.19004906353011133,1.2781634869807776,-0.11207534859796232,0.532716941551221,-0.37282886419462746,-0.1724450082085049,0.5980811631486769,0.24717581317638096,0.2,0.2,0.2,0.2,0.2
2024-11-30,0.012364090285647954,-0.23942571660828696,1.3740135342178899,-0.06584307768699804,0.5266330629601171,-0.2741800526396551,-0.20642564116182976,0.6761179913599944,0.2732732288277976,0.2,0.2,0.2,0.2,0.2
2024-12-31,-0.39880941677691517,0.31604265247752505,0.915173829366693,-0.9666455927575304,0.49023125335276546,-0.5523199658439649,0.17465256081564823,0.4469313204870613,-0.3857964672162918,0.2,0.2,0.2,0.2,0.2
2025-01-31,-0.3660029198134697,-0.012198343560097073,1.0777576923614138,-0.3312853994088913,0.5342039826347272,-0.5338912717032862,-0.0646364016406635,0.4749477544271753,0.11470417942301406,0.2,0.2,0.2,0.2,0.2
2025-02-28,-0.32361302765808375,0.18008209176200626,1.0635216149272173,-0.748846335054636,0.5332312720241704,-0.5066566486863763,0.06067565792164818,0.4697223857321373,-0.15029058141770135,0.2,0.2,0.2,0.2,0.2
2025-03-31,-0.37354181014305937,0.2768597306563959,1.0167009325586436,-0.8074761712037354,0.5049953843964147,-0.5404276567860457,0.13933565070436482,0.49479471487275783,-0.25020298543270525,0.2,0.2,0.2,0.2,0.2
2025-04-30,-0.03589280623240518,0.20848967635887633,1.23271051358334,-0.8396881256433616,0.4442201470431489,-0.288640032916208,0.13045882300623987,0.7651400074369447,-0.389739743500737,0.2,0.2,0.2,0.2,0.2
2025-05-31,0.7850481574815363,-0.39363804737094393,1.437629108656356,0.0016320499429420673,0.59910734682407,0.046747410031518485,-0.2400270881381876,0.4827145776073554,0.3445548372558842,0.2,0.2,0.2,0.2,0.2
2025-06-30,-0.06676891573546402,-0.04953848471709818,1.3241734414811432,-0.35859441746321846,0.5372158931439565,-0.3712233596173598,-0.043043842165757844,0.5933317317527942,0.04919561286400339,0.2,0.2,0.2,0.2,0.2
2025-07-31,-0.23647041409932942,-0.09989090215164376,1.186493608422637,-0.14249888188160736,0.5565313460095559,-0.48891212793736805,-0.06183631263200252,0.4705578926007221,0.18804053039298377,0.2,0.2,0.2,0.2,0.2
2025-08-31,-0.36133396304104654,-0.01770357331810466,1.0886836013240313,-0.19329352589318055,0.5535887368477425,-0.5688830482155793,-0.013053451606713106,0.419461745290595,0.1514752887441741,0.2,0.2,0.2,0.2,0.2
2025-09-30,-0.32574907424700156,-0.06937695575534769,1.104940767800773,-0.1217722052620125,0.5201576249073137,-0.546148562901299,-0.05375279224335716,0.5196615341653847,0.16942595612441227,0.2,0.2,0.2,0.2,0.2
2025-10-31,-0.5232896368981884,0.07449110278834639,0.9199179507430364,-0.2759189937126971,0.5525289711369181,-0.6537243474077966,0.026333483410615397,0.3422076377199165,0.11420634082613548,0.2,0.2,0.2,0.2,0.2
2025-12-31,-0.2881194699078475,-0.012198273023650012,1.1029140705310454,-0.4245192231541189,0.6389789343942919,-0.5103069048341786,-0.0342550861405802,0.2398043672621811,0.159556715695981,0.2,0.2,0.2,0.2,0.2
2026-01-31,-0.7080290854322553,0.3876729614821775,0.6083474889762944,-0.8327302908005472,0.5319962870396817,-0.7928713507722849,0.2342082909189054,0.20886331091374682,-0.26546376629580104,0.2,0.2,0.2,0.2,0.2
2026-02-28,-0.5245829871923683,0.22597872775618036,0.924549865776711,-0.5099805367234085,0.6111867745675164,-0.6325399701793336,0.09074064876383334,0.25107019785779555,0.06895859672548002,0.2,0.2,0.2,0.2,0.2
2026-03-31,-0.14119981590323044,0.322743347204498,1.061530739843433,-0.9997222612146299,0.5838564802746568,-0.4230234214199318,0.15982689532301686,0.39587988921008854,-0.2641796334055474,0.2,0.2,0.2,0.2,0.2
2026-04-30,0.26971078298465123,0.10646358076281985,1.324034879280804,-0.6952532001371892,0.6874490143071259,-0.3564240401756841,0.01819667258026451,0.02146037676498836,0.18400302503543756,0.2,0.2,0.2,0.2,0.2
2026-05-31,-0.28222654658625496,0.23434315986704088,1.1083231864619376,-0.6679324198737725,0.6389863975986874,-0.4846507971189457,0.07253142431224589,0.23425868776198788,0.08169529906597514,0.2,0.2,0.2,0.2,0.2
