,MKT_RF,MKT_RF,MKT_RF,MKT_RF,MKT_RF,MKT_RF,SMB,SMB,SMB,SMB,SMB,SMB,HML,HML,HML,HML,HML,HML,RMW,RMW,RMW,RMW,RMW,RMW,CMA,CMA,CMA,CMA,CMA,CMA
,const,trend,OIL_WTI_LOGRET,POT_GDP_GROWTH,TERM_SPREAD_10Y3M,LIQUIDITY_proxy_negTED,const,trend,OIL_WTI_LOGRET,POT_GDP_GROWTH,TERM_SPREAD_10Y3M,LIQUIDITY_proxy_negTED,const,trend,OIL_WTI_LOGRET,POT_GDP_GROWTH,TERM_SPREAD_10Y3M,LIQUIDITY_proxy_negTED,const,trend,OIL_WTI_LOGRET,POT_GDP_GROWTH,TERM_SPREAD_10Y3M,LIQUIDITY_proxy_negTED,const,trend,OIL_WTI_LOGRET,POT_GDP_GROWTH,TERM_SPREAD_10Y3M,LIQUIDITY_proxy_negTED
1990-03-31,-0.04477131473990107,0.0,-0.08644597437552708,-0.039598693575446695,-1.6954768565157948e-05,0.0007613606477716256,0.012936249141686052,0.0,0.024977748996524055,0.011441669040840706,4.898920471125634e-06,-0.0002199879785408998,-0.012633915150401421,0.0,-0.02439399226265826,-0.011174264986528846,-4.7844274551981156e-06,0.00021484662397525643,0.006918588087043155,0.0,0.013358644747466734,0.006119254063124329,2.62004947799607e-06,-0.00011765436727105298,-0.0014284337251495814,0.0,-0.002758068328321159,-0.0012634006775016835,-5.409437574321077e-07,2.4291295276827618e-05
1990-06-30,-0.01917238849849591,0.005070391884026508,-0.6102259357727534,0.5744218620720861,0.0008334191673002164,-0.009363862504344093,0.002131002247613207,-0.002140200555287129,0.24606404565184478,-0.24773497138699627,-0.00035404192894809074,0.004053845032440399,-0.07789697342438136,-0.012926685982004407,1.310954288405452,-1.576585990726429,-0.002172766131363152,0.026028547651198747,0.025529676512571244,0.003686307418358241,-0.3674430765886537,0.45252824592796614,0.0006208641260422833,-0.007478956229512211,-0.02441390693527333,-0.004552743959495187,0.4675479967449279,-0.55259719097819,-0.0007640982561655533,0.00911580721726284
1990-09-30,-0.21448160344367032,0.02570040593621307,1.398120776322511,2.8191233650569134,0.004057412946551868,-0.04709225475493867,-0.03129490104751554,0.0013904923251235957,0.5897795380336583,0.13643110795679267,0.00019772366142414662,-0.0024031241955761403,0.11234806277584274,-0.03302178375438084,-0.6453179389567768,-3.7630845582104158,-0.0053131648750435355,0.06277867923871994,-0.027765105221745853,0.009315699233771622,0.18058226721294987,1.0650486367034435,0.0015006077921373283,-0.017774048710154117,0.09757001268182859,-0.017437594152293453,-0.7868014406857131,-1.9545663084176967,-0.002777702161770658,0.03267976024872082
1990-12-31,-0.12807777230278977,0.4151355274721105,1.302563872092771,79.80385575397493,-0.7846904241963484,0.49948873028070395,0.00812915525544165,0.17908067058524157,0.5461791476025082,35.262771966849705,-0.35968954904129075,0.2469890525591382,0.06588635453552642,-0.24243172260108778,-0.5939343724407149,-45.159885232253835,0.4188181658846087,-0.23113289761050904,-0.01907380242266497,0.04848871410097855,0.17097026299696438,8.808890677773812,-0.07783900243361382,0.03720616203326795,0.05064084000156518,-0.22895446585811968,-0.734900889515973,-43.76787194914466,0.42562093435366827,-0.26418894443479163
1991-03-31,-1.38153242721736,-0.4620346282603838,0.09919845843075246,-13.048730073340527,-1.1710109803223063,-1.9995585250481727,-0.657526772678457,-0.2867467222771125,-0.09287653577149091,-14.047248094590968,-0.564847802879752,-1.0801476038602222,0.573747724882156,0.11297071303614951,-0.10636762591825351,-7.538866160205773,0.5753434029627484,0.7814043798060463,-0.11468872646734386,-0.018422807178056347,0.07917620233895879,1.7259915027447112,-0.1073079668561035,-0.15342395973896264,0.6953687382451917,0.22222744861328175,-0.11593693184311765,3.9918553550801104,0.6243290720775442,1.02122291966611
1991-06-30,-32.76025500673049,-32.82439062080181,-1.0892276979963746,4436.65459341988,1.2113005979352052,-1.7087863987232403,-16.004473923250824,-16.11477687318609,-0.6741211472698843,2162.2479012166227,0.6003114796585736,-0.9379345343427975,14.805002644646192,14.790334865352012,0.43262166985607553,-2025.6217295874596,-0.5051111401620622,0.6495299147826155,-3.7336412069977176,-3.750819121216663,-0.05788666807684072,514.9165727756009,0.16744739878010403,-0.11988879892525454,17.8184632595759,17.882082122080305,0.5325768295618629,-2424.172337976337,-0.6756775241245899,0.8625511129788354
1991-09-30,-17.05142803256644,-17.161661686678578,-0.5286317753186345,2303.9436603260992,0.709835729003311,-0.9092445890112814,-7.144410103186159,-7.2800366778655095,-0.3627682053112634,959.0424834510179,0.31645104422650144,-0.4901420859632524,6.146835861103167,6.157709133410433,0.12268739008522654,-850.2072365443942,-0.2289230341670955,0.20822608069306983,-5.420144574111367,-5.428429589715174,-0.1462490839826939,742.0328224735587,0.2153085861023232,-0.22417082211426775,11.843474484469194,11.923526435028897,0.32721332571822415,-1612.4602967928265,-0.48327306863663044,0.563585828304107
1991-12-31,2.790844275991301,2.7313230699838558,0.03256779285068122,-418.4439047104447,-0.05105892620616533,-0.17087310938292175,0.6673388606997301,0.5513597539750327,-0.14122154687262353,-112.7041748729385,0.01702675390363886,-0.19926491861899454,-1.3838153102030262,-1.3922499529951098,-0.09018883141933877,183.0155174371589,0.05988163463919579,-0.0719702994925384,-0.13487120886543646,-0.12412611765749952,-0.0013682926501772286,16.467891490344915,0.010651194067005959,-0.02850505799024125,-0.5608505836193736,-0.511271342954597,-0.02605570305555029,89.28699941404099,-0.008126718591505407,0.1012423829313398
1992-03-31,2.422905163224382,2.360793904041164,0.030112011669270917,-366.39285212670285,-0.03397546683168096,-0.16945812252696524,-1.655841999047818,-1.7878925005591373,-0.15498664842867232,215.94977865598,0.12474451129656851,-0.19014279773781492,-4.178047156337482,-4.206217569755177,-0.1092538308961632,578.3054966527839,0.18965312786745486,-0.06126628452625567,0.46489082073770394,0.4811654559834966,0.012704480073524168,-68.44436423752744,-0.01796729429614872,-0.03066983757261189,-1.8512480356578902,-1.810357253551609,-0.032283906087945326,271.83909966123366,0.05158192446270251,0.10648444070609409
1992-06-30,1.476534655990819,1.4091680579953392,0.02168282730726368,-234.74029484793687,0.006509349406157382,-0.1871868819080656,1.0795875763782519,0.9625638422610769,-0.12482782480014129,-164.53075917727682,0.007771031819153106,-0.13854716324840707,-2.630983908404923,-2.6505452521325723,-0.09611303563687112,363.08275967110893,0.12346627104747654,-0.032323465126159516,0.1739176937813391,0.18825508202873878,0.020109244737840863,-27.864593323931164,-0.005432941905549317,-0.035471539173851284,-1.2473827059922324,-1.203229755093628,-0.023684071611146836,187.8631468985214,0.025774754291646978,0.11799102413061932
1992-09-30,0.9981504084281527,0.928225169830542,0.03641107871145332,-168.72286966020746,0.026415140313608827,-0.20098545381390004,0.7863358759099135,0.6677375341276688,-0.12001014952767455,-124.09093579869817,0.01998444103569615,-0.14724479295381937,-0.974531660244573,-0.9852399249029773,-0.1516192782168579,134.4599093351776,0.054552365576776264,0.015201223285982777,-0.31003681997448473,-0.2983162703039686,0.11554048102501596,39.43032048787772,0.01453095555847005,-0.04545785893613384,-0.26622894540234965,-0.21677382237478418,-0.017100082966568418,52.71942038997805,-0.015148157947592857,0.1483969555169619
1992-12-31,0.5860380360469795,0.512382849198229,0.015979896463430853,-113.14433737206343,0.04343699610845957,-0.22593397842364626,0.20059168850158815,0.07655679094217388,-0.14786527054494839,-45.119983889863796,0.044208002404551416,-0.18294925523689443,0.0037335128001451112,0.0018366902615371027,-0.10275312966198442,2.520862976577134,0.014155646200504898,0.07434584232492243,-0.04641291423152816,-0.032934151554348125,0.13370971433670106,3.7365098924604796,0.0037743364121151125,-0.03076812379308573,-0.05271852020008605,-0.0012019341712243327,-0.007676557545545972,23.94733942921121,-0.0239956904200778,0.16155386238537392
1993-03-31,0.30156839390391327,0.22957940061722526,-0.024789918432532428,-74.48968594088429,0.05340602076626253,-0.2392788662175696,0.2844019324181032,0.15986096109963793,-0.13786167096896243,-56.497774727072645,0.04128812917350975,-0.17892228171065921,-0.29268607064597735,-0.2928565861177342,-0.14650958342529682,42.80663150728804,0.024554383059239425,0.06050544133481842,0.08468987377227921,0.09769686527019933,0.17525342514167566,-14.336990252141607,-0.0010357682778420175,-0.026736573598793084,-0.35864516130561025,-0.3051843130813911,-0.030790912628888705,65.42030265348473,-0.013451870278628576,0.1463153184652788
1993-06-30,0.12671849608779154,0.06283927345176014,-0.026851103393450496,-50.131454309778285,0.057134956958178856,-0.23882226623534425,0.08404013926418696,-0.03090082498800752,-0.14263799268169203,-28.63789397555699,0.04548656618939266,-0.17858771985212202,-0.2279440653933136,-0.2310984141028921,-0.1459029395865769,33.784337368756766,0.02316909547572908,0.06032571061035518,0.3135749138087892,0.3202795763228834,0.13769790107651037,-46.707052906669794,-0.006918006636407848,-0.02785072877783626,-0.2920737776158355,-0.24196277338014693,-0.02811774004531094,56.19329316477947,-0.014806808275257646,0.14632243220206828
1993-09-30,-0.12490164392540046,-0.16575818437437,-0.05991693827280101,-13.957354651323262,0.05850908340129303,-0.22358919754289966,-0.1727001217673877,-0.26285214037621774,-0.17000845669866144,8.241247804193279,0.04649034108000774,-0.16246226473605638,-0.12552166382232965,-0.1379500803506679,-0.1319876420783318,19.057581343306776,0.022579958492918314,0.05417123464771628,0.3457710155540953,0.3510807418851684,0.14829299848472743,-51.347012761747635,-0.0075613575867591425,-0.028882132890867593,-0.14783206340783675,-0.11282852191310501,-0.019311242650335295,35.511681133051496,-0.01500552764673893,0.13681171836299363
1993-12-31,-0.23767167726459373,-0.2669516037484185,-0.09437974971069614,1.9573630495975323,0.05882908316788443,-0.21890072129551164,-0.29018528974445496,-0.3672923233408328,-0.1978392646774942,24.85093432446684,0.04650833752050169,-0.15665674507737792,0.03639119092487303,0.007587625002770827,-0.08055602581681165,-3.784933741060609,0.022042020547632244,0.04767177059856654,0.2362671091908612,0.2463648790382792,0.07298475058232193,-36.059162409119224,-0.005287126741279989,-0.030457619056082495,-0.0017954598291238522,0.014861125090791868,-0.003791266180571801,14.805160734044732,-0.014335957011489084,0.12764308812221584
1994-03-31,-0.19449473762332997,-0.22704447258510066,-0.059561472645133715,-3.979212156801624,0.05839220725970152,-0.21860055022147176,-0.3017799987113202,-0.37788713970525334,-0.2048239487397321,26.450456588132656,0.046582831982321826,-0.15662710540452174,0.10563169658172163,0.0717106116380538,-0.022268203816420827,-13.299939979509121,0.02129722223714293,0.04826354894593493,0.19702977973400712,0.20804970858766578,0.0021124560435074324,-30.674137153914792,-0.004211055793827021,-0.03187746911482128,0.07992085713748169,0.0878872427083843,0.013665147885881976,3.4527463447291193,-0.014281323207848924,0.1258563636419455
1994-06-30,-0.10107932197717218,-0.13644828367473547,-0.0497778907180072,-16.345173943148776,0.05595054889127014,-0.21230739174220778,-0.18931309750743003,-0.2693748701928547,-0.1923547879575333,11.629365896825238,0.043788110598022345,-0.14884201364170566,0.09103419681131455,0.05754255183400656,-0.023771289140703897,-11.366044332596308,0.021681536501520455,0.04728588833348123,0.11491734873749329,0.12695539120764365,0.002420447462909763,-19.519386715938428,-0.001739631084264572,-0.036079534792186306,0.07913235869182163,0.08713750798410366,0.013592104844679738,3.555861448058027,-0.014264834331265602,0.1258016715131238
1994-09-30,-0.04948029706225752,-0.08553691308229887,-0.07318234467696426,-23.02096934211732,0.05421394791537203,-0.20727670745252924,-0.19196908695985165,-0.27200365060622855,-0.1913820108466856,11.968325790194786,0.04388317869087732,-0.14913726677981784,0.16848447662489327,0.13393435265117623,-0.05993873065013538,-21.406375658178053,0.01909642542121081,0.05468791188632715,0.11409767183458978,0.1261446000683649,0.003066628112862141,-19.40908173453873,-0.001714092179806123,-0.03613326823533592,0.05009949293828846,0.05790931800717271,0.01631892710427831,7.085149128555234,-0.012954249024787054,0.1210797932813573
1994-12-31,0.14082103399453738,0.11833922202572711,-0.04431569483171071,-45.40042705079632,0.04242952214326324,-0.16093115067232494,-0.0103660968765725,-0.07607826116148966,-0.16874144853531525,-9.140171166311447,0.03212335872967027,-0.10233072061885984,0.21766227045285885,0.18655570886831227,-0.05220997660950558,-27.200876187636972,0.0160748589497025,0.06654640628806227,0.11689209991688568,0.12900146616283487,0.004239532157068899,-19.75898291348761,-0.0018386287170002245,-0.03568614677090319,-0.0003505486867160859,0.0026545709816032485,0.010899904778108128,12.779922270009601,-0.009357035536478606,0.10638860923983105
1995-03-31,0.134543980205713,0.11163614577185102,-0.04582585116501536,-44.68696662605813,0.042825069130359564,-0.1626672505169298,0.12206437870346112,0.06729971630622611,-0.13875946949565005,-23.89857546622127,0.023053111342128303,-0.062536630419122,0.16061886005735798,0.12578065091607965,-0.06604793755617792,-20.695719368690416,0.019617256641934963,0.050998311503762495,0.13063176092162898,0.14277973396819846,0.007494019798849641,-21.48101564279004,-0.002353634446895129,-0.03346359045944056,-0.04004456589750377,-0.0416219838845749,0.003701587283103846,17.02082677318828,-0.006166772979695708,0.09242861550117867
1995-06-30,0.014667625377864216,0.018344512930242494,0.019222023923704524,-27.91999621342725,0.03929606974836439,-0.15202417808301077,0.10367205231045164,0.0529522736489905,-0.13043077801535338,-21.402910550542686,0.02258705317006313,-0.06137799195139146,0.1150297988454794,0.09028876389614897,-0.04070029184915055,-14.291643741632768,0.018254883020054537,0.0551952190860201,0.12870998781770915,0.14112955614087278,0.00924041555895211,-21.191134688805537,-0.002387201374087141,-0.03329688073659604,-0.01635728980836446,-0.022351489070820952,0.000847931634448414,14.159378611896429,-0.006083653579479273,0.09364657428036956
1995-09-30,-0.07674374805875754,-0.022885254457104726,0.06051611593635478,-13.322780437496048,0.027425952547285977,-0.1142885495178853,0.06440658208063887,0.03653385181478046,-0.11158096753071484,-15.277905613367455,0.01732514362391258,-0.04490253038381721,0.08478254826034803,0.07645309181651519,-0.027313367435876153,-9.44818964312776,0.014359789147568714,0.0675925058885238,0.13086052828728628,0.142690488763319,0.009496702423651393,-21.538018051527363,-0.002244379909645718,-0.0336804417998777,0.0026561817190439777,-0.014805286653532087,-0.0039045593805606066,11.558119882679946,-0.0038005691795931235,0.0874411557378154
1995-12-31,-0.11845214908886037,-0.04243456558540065,0.06570743243908643,-6.889427520369351,0.02232010103328341,-0.09954749096669802,0.06172273158827097,0.03556875822869228,-0.11096080390912016,-14.861673894564149,0.016923760511635008,-0.04372559817360145,0.06545452623064305,0.06706997928464416,-0.02525896246894877,-6.471532220810948,0.01207649019209835,0.07415747711305239,0.1349236931768462,0.14607091421955845,0.010607352238509485,-22.13379938376489,-0.0021381879451835683,-0.03381813828099445,-0.004533124807975771,-0.015499504473603449,-0.0020492010854556487,12.598628167592766,-0.005254747858767611,0.09152235285595893
1996-03-31,-0.14606061976043447,-0.052364131512688684,0.09525043556280198,-2.272609790260876,0.017867457902452907,-0.08519907501537974,0.04846888112297854,0.033793471818906455,-0.0955489070038239,-12.548116311923744,0.013973669126117394,-0.03416267033669045,0.053555628313056575,0.062446734618064714,-0.012685457130078362,-4.493676427400674,0.010251698753203808,0.08002813097520366,0.12760640055942932,0.14005104416880165,0.01735039397508454,-21.024588607497805,-0.002387832431998702,-0.03316042226708265,-0.0029291987293460727,-0.01728961282769251,-0.0037878865882573654,12.288415156699495,-0.0043894920002245244,0.08880032618992767
1996-06-30,-0.1612834152629022,-0.060393103885436936,0.1372012924923606,0.45329463224509037,0.015975885456674548,-0.07688635713879143,0.02872235801849126,0.02889760362893808,-0.029462643133627987,-8.578880779318958,0.009808609426607297,-0.016635678060388227,0.059463776072317585,0.06573705485520573,-0.02858461298870737,-5.537649224273601,0.010931350223603146,0.07701685721200273,0.10643285999403827,0.12087542397847202,0.05936520795413186,-17.849971149222853,-0.002501390848415234,-0.031336124151997755,-0.003838616773315102,-0.028222789377603127,-0.017094376932478367,11.7830150901007,-0.0014236999249277215,0.07755029440292327
1996-09-30,-0.1757609342823105,-0.07362137372375842,0.13631785933920507,2.5203503264379807,0.0159317754326097,-0.07624096030795162,0.020858639302681392,0.021997202885344964,-0.02924013866751151,-7.423286342734576,0.009673542899927721,-0.015896999172192304,0.0534525741937783,0.06021946567472588,-0.02902995790685918,-4.682125436437627,0.010922770635389581,0.07725194348226928,0.05403408410484383,0.06974315844790141,0.041064368537873396,-10.593444500548674,-0.0014997972267378893,-0.03237644529925259,0.00354335489746369,-0.027945901596990456,-0.0216784659051841,9.99296280146896,0.0010470818888839624,0.06828655760094345
1996-12-31,-0.18135093048320697,-0.07926717201476183,0.14139607466643556,3.268491539407946,0.016090600814129132,-0.07664436840709561,0.0389830565261174,0.040343520196643584,-0.04505401081185404,-9.873833676321652,0.00918240934631535,-0.014698211396293412,-0.02612645173791947,-0.02012067773662575,0.043795879235867634,5.957864680591197,0.013191252553851838,0.07147925570712317,0.025001753165879995,0.0406637013851973,0.07457026767967394,-6.703531799642357,-0.0007032641570840537,-0.03414007072805311,0.0049944187052419,-0.026565655744925847,-0.022900579117113035,9.756970414776472,0.0010784699734512867,0.06807551103189233
1997-03-31,-0.16430475083209098,-0.06246562259821174,0.1340720028979571,0.8876900882928614,0.01583597790788578,-0.07648034380832863,0.05611870041464104,0.057503028776402544,-0.05295735681960356,-12.28979707077691,0.008899950223321676,-0.014451711214869992,-0.08113554223040301,-0.07423776907545085,0.06714247067993699,13.634337478250126,0.014001263032839672,0.07099710173061942,0.00506112752245046,0.021143707645825037,0.08010519131001707,-3.9250472051178495,-0.0003877216859918366,-0.03417945842696498,-0.0005722599004243639,-0.03296932871297784,-0.019942329720267507,10.746060995388511,0.0010932717840987044,0.06864616268867078
1997-06-30,-0.28132832315321454,-0.17944022554847713,-0.001263575112371075,16.610482268050745,0.01829686380765216,-0.08431016526142296,0.04563855933817393,0.04686365518419915,-0.06408726998903073,-10.877833207148493,0.009135430319555366,-0.015303232094790085,-0.0560763526272426,-0.04923251660949043,0.09645853662696431,10.267341365854705,0.01347864455307955,0.0726228628323856,-0.029183594125306,-0.012711173509692609,0.03258256378384245,0.7476206192693089,0.00030933998967820603,-0.03529589713422461,0.02394038972577882,-0.0026942479976048337,-0.001548168603291928,6.903638162034751,0.0002856163843393444,0.07209967748945507
1997-09-30,-0.30169878262764205,-0.2009264864506236,-0.018729995382900565,19.132930415721766,0.01919562912758052,-0.08804460606227751,-0.015539778514211504,-0.018529292657104686,-0.11690126772416531,-3.3427375742868195,0.011994486007228598,-0.027721029538524088,-0.06320590371374112,-0.05673976639568858,0.09036644034831694,11.151211724808501,0.013790376219857112,0.07133678880627752,0.0033519907819826965,0.020378547759920002,0.05513108829955131,-3.461310204992598,-0.0007384699768974522,-0.03183942621398751,0.058635737958085986,0.04034890064460818,0.023572545568174428,2.3352174283133817,-0.0019609126465408295,0.08283489948533723
1997-12-31,-0.2605129416700984,-0.15697826658768702,-0.023304770350666075,14.05063790468152,0.01724752048502046,-0.08026007188911685,0.005555193561441411,0.004439365753353093,-0.11654049131591543,-5.909968352790715,0.010867601319377395,-0.02307117232995513,-0.0981399537230157,-0.09391326144679533,0.09491305181232672,15.47183088981958,0.015411475759892412,0.06489489962089641,-0.014407094709753338,0.002386273977784099,0.06359833943730467,-1.1393698971410764,-0.00023022605725317024,-0.033425284187706336,0.04352476109010643,0.021276943414265257,0.017187202833982715,4.197107971094783,-0.0007056917517524263,0.07726689729637254
1998-03-31,-0.27970973126388265,-0.17507391628613903,-0.04059208831415893,16.760940031590632,0.017173406103424105,-0.07977781124456854,0.007310223666842972,0.0061477858800180595,-0.11499247266382813,-6.155093863798533,0.010861597993199357,-0.023047169305575998,-0.08983747928583526,-0.08611390247775415,0.1024271914056464,14.297958036787398,0.01544996098018162,0.0646490624888569,-0.012311184134458562,0.004379788212923857,0.06586057570630491,-1.43922289064474,-0.00022962239946864877,-0.03351044594917388,0.05258473569761646,0.033209407643060816,0.025050734490391052,2.9225640124940098,-0.001322301129584096,0.08007064287292892
1998-06-30,-0.26982449098058203,-0.16617110961677012,-0.0009469869186359782,15.389095184486166,0.017329664042142107,-0.0799401312207432,0.01848256682315149,0.016261074623583,-0.07209153559454594,-7.705923232330849,0.011064405921898576,-0.023081048163474484,-0.09287418662545179,-0.08885104721703715,0.09019082179893254,14.719342384412682,0.015403824787030259,0.06470084141613205,-0.010044516920909116,0.00655523759445162,0.07524329536948217,-1.7532655051437793,-0.0002401477562039646,-0.03348468524050088,0.057661472550294,0.039794104986156965,0.036403608440611,2.1930937777485164,-0.0015394921488820215,0.08175487617948034
1998-09-30,-0.22526178546832626,-0.12356533193647376,0.0954459924418844,9.448043763058658,0.01713654140179677,-0.07754779064599933,0.036449370039702195,0.03346159121304825,-0.029417019808266207,-10.099068648278706,0.011027804635296224,-0.021925605622850237,-0.0862870552095777,-0.08255042823763381,0.10422630892224721,13.840882424943075,0.015372803884875724,0.06504770526446048,-0.01672288813234378,1.0753181533637313e-05,0.06508061102042093,-0.8476542881434104,-0.000159828296811774,-0.033758890216423185,0.05460363511836104,0.03581697320181672,0.029398451271742128,2.6172574267125692,-0.0013939599565895864,0.0806173289565883
1998-12-31,-0.25037175523700167,-0.14955331782905779,0.12486220540731548,12.428321217706829,0.018127940211333137,-0.0829261917822784,0.04215933461611811,0.03945358949039062,-0.03495759607769502,-10.760709453976306,0.010765898470453854,-0.020527554685938625,-0.04881871756899485,-0.043841637646261984,0.05932697450640998,9.378719628787248,0.013925999924387217,0.07291550733284975,-0.002640646292703568,0.014138125614160332,0.04213129351612957,-2.6476475974065217,-0.00047777848822211366,-0.03197917095099657,0.05666305899366916,0.03831296345121408,0.02978462520403413,2.407518747725567,-0.0015881177556542655,0.08160915533195687
1999-03-31,-0.25270973009399794,-0.15141308510662382,0.09696359134849585,12.734044921478288,0.018024033308150132,-0.08299200029622614,0.04683042562654061,0.043118513373691096,0.013299223375481834,-11.345011829140967,0.010980651341633618,-0.02018199303080688,-0.04426078859813979,-0.04020497170267852,0.11477748920741407,8.779055157565834,0.014126770861050538,0.07301767441909009,0.002881307374024801,0.019109136334801567,0.12971155142282417,-3.4422564216229663,-0.0003573327948256458,-0.032091448931593526,0.060171340207960805,0.04210926321022229,0.04301741751886757,2.0606162924917997,-0.0016733105928642327,0.0835642478102717
1999-06-30,-0.25129301660740705,-0.14998288875285484,0.09260422300685955,12.523709423220826,0.018010418844510743,-0.08307587681811336,0.016554243663343123,0.011331036888361075,0.1036396937453507,-6.780478496918635,0.011474906501293208,-0.018763729315417116,-0.03440428237812091,-0.03029781057221361,0.08437633136422398,7.318922207653547,0.01403816077358788,0.0724265942296401,0.01483669542686476,0.030895000125801667,0.093887294705027,-5.141692372988546,-0.0005080951756899918,-0.03245065689127301,0.06476992641397669,0.0494681462862321,0.037097399586393784,1.3058164701590163,-0.0022471544735739512,0.08480927719662038
1999-09-30,-0.21624889900521022,-0.11063559584109137,-0.021923967859755353,7.791331639520557,0.016097817226235617,-0.07897601320024979,0.0007595978838439883,-0.007105787521125636,0.15569519829577508,-4.6215109590680274,0.012474783689555364,-0.020889612617872207,-0.015504857844491508,-0.00918189920079423,0.022788147544288883,4.770485225362001,0.013026574822915032,0.07459449450421152,0.021043591693276874,0.037321660277106164,0.07552314325718856,-5.972206826214846,-0.0007402213408722224,-0.03205619159021021,0.06449134167069118,0.04901596716448916,0.03768642338664838,1.3476980592791548,-0.0022022380479871976,0.08471602377190651
1999-12-31,-0.22761039549484263,-0.12438396545396037,0.012472528120431951,8.888419674794774,0.017346698566190616,-0.08465306934448352,-0.0028185349842633966,-0.011491365803263478,0.16566989664141996,-4.282220670777858,0.012892399184141402,-0.022735584255272376,0.017864048451691164,0.031110226439326625,-0.07947911019400138,1.5381864106717444,0.009394951714719487,0.09116541058969124,0.05550601714639761,0.07518350985209885,-0.07114357149787828,-9.681676174612967,-0.0031462864349481854,-0.019769093678112807,0.0768133137345217,0.06492241479332317,0.019594440683335115,0.23930427269755494,-0.004052112153762881,0.09138124563841729
2000-03-31,-0.22206820105142835,-0.11785794226444796,0.0002601609217995357,8.279801975190384,0.016840820893983442,-0.08254395354232331,-0.011179099001229952,-0.02163560891454127,0.1836913709690235,-3.4061342337136895,0.01376924948757406,-0.026403746289280702,0.020494505317695234,0.03419286191244079,-0.08528803038925721,1.2473323898308795,0.009160237005516709,0.09214240504200022,0.07673810424691625,0.09738952635138733,-0.11910425000617708,-12.362627986164672,-0.004127132233883161,-0.01622566828815929,0.07222710564938191,0.05901865497048693,0.02567086379213873,0.6352350661971037,-0.0033507473384733364,0.08878100775609363
2000-06-30,-0.21861383387984534,-0.1163880352490459,-0.04583775940859346,7.3400329856119315,0.01769635037258469,-0.0872213275536425,-0.012091075672080053,-0.022128365664247706,0.1967017859324744,-3.140660910986074,0.013548998621759236,-0.025112388087032565,0.019318923868102893,0.03369465088573737,-0.06986928425362741,1.562508722193403,0.008873601334793927,0.0937012288485895,0.0719123208704191,0.09351798012643799,-0.08241748220983933,-11.47250526980254,-0.004450875290730551,-0.014114559991415586,0.07007641411009621,0.05517828128688045,0.03481148583548374,1.0092363771289836,-0.0029472650681701632,0.0882788865746811
2000-09-30,-0.21119452662080285,-0.10925052210625363,-0.06957874188923328,6.564069658984702,0.01742363351800324,-0.0845369649376173,-0.012107539722748594,-0.022144045447994594,0.19675455485576968,-3.138997264223797,0.0135496319990304,-0.02511844323404379,0.0027619139014351188,0.0177336287529729,-0.016897701883531593,3.3027235346729227,0.009480747113896761,0.08772116307247375,0.06607460522312007,0.08778734974386466,-0.062297941456996006,-10.781800599544061,-0.004290940065030269,-0.015943628082207215,0.05585841784847914,0.03840021946812794,0.062014387808187174,2.185499533630608,-0.001124252731550245,0.08068592039834688
2000-12-31,-0.2106265581385974,-0.11509772314593518,-0.11888367086873342,6.16499162361567,0.019405888172421802,-0.08949276680550763,-0.012132536456697318,-0.020998206555953757,0.20474478661370796,-3.086483784589691,0.013196900189495474,-0.024226789758112613,0.0015424400073232737,0.02843606092182788,0.07664842169825042,4.082438637705893,0.005782140288147101,0.09694021362349035,0.06067994351674698,0.08706496997953739,0.021464412401501324,-9.550901148477942,-0.005964241570231244,-0.012981593204069332,0.04906520397602844,0.034423002896637814,0.10969088209577754,2.9162056603125652,-0.0015277381313445494,0.08048204924505101
2001-03-31,-0.21052038764516,-0.12499545026115078,-0.06681972041539241,5.700491102707983,0.02242393704413462,-0.09646142651219397,-0.010453018649765534,-0.008148249668212326,0.1640733539832437,-2.8736810833393363,0.00983713541780078,-0.016139238928746955,0.0011677993927992547,0.03786495527268248,0.02300131015951199,4.583750127620903,0.0028218477427068957,0.10371812081260888,0.058621507693510544,0.08643248028920193,-0.005121394714774482,-9.140245670577258,-0.006424637065920469,-0.0124914929765389,0.05442273933024366,0.05037644162210786,0.11867782670276028,2.4982104515627777,-0.005105731407574035,0.08785514458293853
2001-06-30,-0.21027889730955093,-0.12361942756002285,-0.06935397607123803,5.722943612088295,0.022112833181814787,-0.09574102954858633,-0.008187264939723132,0.0011804616475102054,0.15052724330921224,-2.8854034164611297,0.007857516247524943,-0.011301239406102783,0.0011196063334648907,0.037569976056728606,0.02356275589331289,4.5779878663156675,0.0028892868229412404,0.10356363859160077,0.058854067355730275,0.08627246612980449,-0.003738351695892541,-9.21137845891958,-0.006333397336349392,-0.01254450123239988,0.05958502836942455,0.062377304409945,0.11981243186390188,2.041908631301895,-0.007430944396277206,0.09315901700771524
2001-09-30,-0.21945941587878331,-0.1375621026824044,-0.0927221197910156,5.8783712632283525,0.02392476536499978,-0.10617582683562679,-0.00964453563124324,-0.0009774683533394627,0.14781226016368118,-2.8540688986546248,0.008153864625906442,-0.012916628960944941,0.0031554685802408985,0.04067345232239952,0.028981736603267413,4.545241024944174,0.002489727584646365,0.10588654192127547,0.06201273444827023,0.0915111159488128,0.022867338484665448,-9.061417316976284,-0.006706199260565589,-0.008320704337188938,0.07945530843860747,0.08508193105908655,0.13229340823848965,1.5534265737100534,-0.011105763582384175,0.11084988554327721
2001-12-31,-0.21394737788811785,-0.12988384332503797,-0.10023296584622716,5.729788463142923,0.02315363789581665,-0.10088596491077753,-0.0025795941190075427,0.008527098408109234,0.1421452207648849,-3.044932198743747,0.007089733167345182,-0.006046837730709822,-0.0019843919493367917,0.03348057033260311,0.03649484104917781,4.683212756043512,0.003198534950828068,0.10096853330578458,0.0601952215459891,0.08884839067032216,0.03333043490976272,-9.047332397609848,-0.006652575099455292,-0.009736453399893713,0.08122894589901031,0.0868052164810077,0.13290961781330468,1.5255555448064653,-0.011365348681653665,0.1123781736091954
2002-03-31,-0.21378841919911562,-0.12950894048111283,-0.08834143961346437,5.673310236802479,0.023045453647299544,-0.1008702595114595,-0.0028947440998425005,0.006571739552968666,0.07183142118946684,-2.6812883888982535,0.007692658885478018,-0.005545169109573264,-0.0020285377343429727,0.03338220126673854,0.03338899750919246,4.697777320103465,0.0032268353451856313,0.10096195242935888,0.058337962007953215,0.08663896734844079,-0.06689533164464882,-8.69925622558145,-0.005907334856573577,-0.010270473897888228,0.09072770465037819,0.09299936917304918,0.1186740394591792,1.6705445238236398,-0.012325993432399426,0.12044367590222338
2002-06-30,-0.22435525278585833,-0.1404629484777998,-0.16465645228119144,6.390477653568038,0.023041387993792403,-0.10577698773070884,0.0013568182335602385,0.010805823103309367,0.0973354132659627,-2.9184952574100826,0.0076495444466007385,-0.0031957846819619224,-0.0018128337788214323,0.033606826569961015,0.03498410528424051,4.682794113141969,0.0032272570645493696,0.10105945342488819,0.06573683939838994,0.09463550024257683,0.01397705063041703,-9.410107761259992,-0.005581677625100019,-0.008766226887353457,0.10453900874875562,0.10187106037997035,0.1310898332106943,1.801267597112966,-0.013311754191068703,0.13255909512317582
2002-09-30,-0.24013283101019195,-0.15850284299562004,-0.21966552847001566,7.568855258130106,0.023566096014182292,-0.11320986570919678,-0.003678751665502617,0.005177093216252169,0.08040535241948131,-2.5846790467077816,0.007871639709625441,-0.0059488491324160495,-0.005691252607724814,0.02916281299329123,0.021424276751689782,4.9766831630177455,0.0033493441768977362,0.0992747801033881,0.0698874306789356,0.09934381924266945,0.028716930928229474,-9.802355302802841,-0.005490486563742587,-0.00790405723442093,0.10036885813381444,0.09899955535900888,0.1263030697588901,1.7927098832710258,-0.013015396610774367,0.1289458498108004
2002-12-31,-0.22823160559815184,-0.14260895850995176,-0.16323588823077717,6.523265043811212,0.02226560849151137,-0.10701659539675874,-0.008513383560237469,-0.0013101182127518663,0.059362613723839414,-2.1822522389871795,0.008445701213949386,-0.008777523917838296,-0.014300808938930562,0.017684565754358856,-0.019892793065436804,5.738162240691526,0.004275852089684919,0.09487946838773814,0.06113844481434787,0.08878364592354526,-0.027070382210633733,-8.93343192243147,-0.005048091242916849,-0.010029647753477165,0.09343164979469051,0.09250096080170858,0.11463084028432492,1.9588427879357455,-0.012278287828714294,0.12307567737127156
2003-03-31,-0.22811834112835103,-0.1424633620686934,-0.16305425654697048,6.513626066318984,0.022256502196075206,-0.10696242567461679,-0.009747735668716919,-0.002914265969258977,0.05722186432183338,-2.082648891314715,0.00856490876545492,-0.009457740162234718,-0.022984289180139943,0.006547569158547939,-0.03364897289096366,6.482332135648917,0.004951831489280122,0.09082163221552582,0.06041389981524075,0.08792940512870968,-0.028000752323684104,-8.862509121814917,-0.005040465945841928,-0.010173556510739664,0.0826904880498704,0.08195567012521159,0.10000817527275234,2.2745862409049917,-0.011074675501513746,0.11415100356413757
2003-06-30,-0.21070652443841914,-0.11980744800874399,-0.07427745879775248,5.053714028696032,0.02053827594559327,-0.09761731467019205,-0.0047085808664598956,0.0036973322233595004,0.07989668487191492,-2.4839297256256447,0.008002068413864055,-0.006438251316302799,-0.025654893768295797,0.003079140103050049,-0.04750781374312426,6.707808029629958,0.005209762405421295,0.08941394696492448,0.05131586966692026,0.07711725255433739,-0.09637977850250774,-7.984003551921519,-0.0047346553313534915,-0.012607587018395516,0.07362140036659957,0.07248142243906797,0.0836071713646954,2.606058988442633,-0.009983366904426094,0.10664991534074002
2003-09-30,-0.20514033378472898,-0.11227159403435816,-0.08068656422424987,4.561033628405126,0.020019560653394133,-0.09504475883584658,0.0018062126899035195,0.012657419730326212,0.07522322848003796,-3.0380072489683125,0.007286448093121411,-0.0029396292464734983,-0.02877911030239334,-0.0011383031536558823,-0.043718155167530415,6.985798880814517,0.005492903840835978,0.08800519651570671,0.04578205051477813,0.0703698061625517,-0.08296227068489224,-7.439904439952685,-0.004605520880553965,-0.013552706536061623,0.06993469157959024,0.06825995262489246,0.08037052429620475,2.7764268365630635,-0.009474508005847882,0.10369567991986725
2003-12-31,-0.199546082336116,-0.10587280332899583,-0.10124164683748864,4.087430861815653,0.020101509775715464,-0.0934946638921862,0.003101987675348721,0.014159262526620624,0.07099318501372459,-3.1401375627737633,0.0072741180611671265,-0.002459161637567878,-0.028431602467938657,-0.0007414874287962649,-0.04501133482323368,6.956095370903933,0.005499120814822721,0.08809703528691715,0.04456437929689176,0.06900161382883166,-0.07775134973186958,-7.316722314410186,-0.004693043807539587,-0.013599983377460805,0.06975120679538478,0.06807126595851279,0.0803397001877462,2.7829661913789234,-0.00945379573644787,0.1035491001070533
2004-03-31,-0.19776881446312938,-0.10398438702392633,-0.08407644975260192,3.9492799709554296,0.02013813340498562,-0.0928632115168846,0.003604439011819988,0.014684704808678305,0.0750685772076868,-3.1754200294311947,0.007277011856193657,-0.002243108086448293,-0.028356072939656567,-0.0006610608226227427,-0.04426523619925306,6.9501459394821055,0.005500835354471081,0.08812308373980911,0.044513292405456435,0.06894552397720541,-0.07847764720833646,-7.311705417377269,-0.004696539807097396,-0.013606869444692558,0.0676354888789557,0.06621472345995143,0.07666323761617352,2.8305330082443394,-0.009290760267178089,0.1017872476891915
2004-06-30,-0.19626570039327426,-0.1021376793897813,-0.06828830136613859,3.8412631637799906,0.02004023334314306,-0.09201284075997311,0.002421260130088179,0.01325889211391476,0.06398247362665004,-3.0972271029007095,0.0073649834218179715,-0.0029783976917755707,-0.031024793704993666,-0.003945562806556793,-0.07273385854283647,7.143998715136609,0.005670180500484338,0.08663663430239478,0.04559798115717458,0.07023948869605462,-0.06242060012755737,-7.406373563717983,-0.004696711202715009,-0.013278203527475633,0.061143595976231674,0.06062056286402919,0.05803709745416739,2.966562089491311,-0.008790313373321534,0.09629262645322652
2004-09-30,-0.19705011633203703,-0.10278798433230449,-0.07686924608456053,3.898072051692993,0.019895657816603303,-0.09204470321404419,0.001616719053705075,0.012623336458278928,0.05552562795735024,-3.0487054991355187,0.007240825170165582,-0.003120681966604331,-0.03095514073922312,-0.003887360009934787,-0.07196934403699856,7.13883911452299,0.0056832660227117745,0.08663826031397201,0.04637101109257119,0.07104431369973717,-0.054074532401536125,-7.484508109530238,-0.004539229990483992,-0.013395054361104056,0.05551756374531609,0.057428441355750176,0.03766685521804981,2.930757650277868,-0.008749826368138081,0.0913259405653461
2004-12-31,-0.1944883135564272,-0.09932433174399696,-0.020744546557996568,3.6669604130955302,0.0197010216100139,-0.09097379397156515,0.0019540449716553923,0.013079991802470759,0.062212504308892316,-3.0779319324108187,0.007212376248432738,-0.002956938784223927,-0.031002299920494487,-0.003951044652093462,-0.07301701256292659,7.143113723172546,0.005686776532449554,0.08661901882327405,0.04580523263379003,0.07034034666394105,-0.0710297672683619,-7.429120938582488,-0.004529074988446836,-0.013477032547992214,0.05193043533558254,0.05413393260603821,0.012183653347090054,3.0269918325422,-0.008555137398166062,0.08808924027789893
2005-03-31,-0.19523950377497046,-0.1004237200718961,-0.021208687385398033,3.7358227241146587,0.019768519023626353,-0.0912624466869704,0.0006907186043660562,0.01117865777603824,0.060749282648517276,-2.962785852350185,0.0073500431803365015,-0.0035376584355697963,-0.02985225601349593,-0.0022753930461418045,-0.07238924065843476,7.037597336702349,0.005586787727566907,0.08704790430755327,0.04658208065560952,0.07134275970524026,-0.07148887183278284,-7.50280487100677,-0.004538190152207564,-0.01341208207591115,0.048597384553031274,0.04959895709092965,0.0015111430095568821,3.2463868745211104,-0.008080962167161818,0.0853685476954802
2005-06-30,-0.19451977519496527,-0.09926710260122242,-0.007118695832162163,3.6622518602337686,0.019635307427175085,-0.09088655901405324,0.0004770609589179297,0.01082104869637892,0.05710088082026053,-2.9405558012975375,0.007393047293187596,-0.003663028942771829,-0.029171476407269595,-0.0011882111618038303,-0.05880036991660158,6.968155972477499,0.005462527681814371,0.08739642209662711,0.04666199641528052,0.07144937182316573,-0.0690756898214861,-7.510833046078794,-0.004546736375054895,-0.013396118986485598,0.04580708673557368,0.04390264619688679,-0.01942392823317396,3.610497993444471,-0.007379692573244317,0.08309918859417074
2005-09-30,-0.19222865921595692,-0.09550070356143804,0.0046183662524182535,3.414309031042153,0.019218947135073106,-0.08986425601976974,0.0009548744124493943,0.011653311235855262,0.05953812283238177,-2.9941634551081924,0.007294592595710159,-0.003415045542172756,-0.02870684935128674,-0.00043079237517642735,-0.05641697485826182,6.9180934577648525,0.005379738382180275,0.0875984968231646,0.04452539240364019,0.06860216000274191,-0.08145185487320672,-7.29051083219669,-0.0043482251220459955,-0.013659774307564078,0.04280649035648973,0.03593634869612455,-0.033276438884121746,4.1735691851412575,-0.006283330911544268,0.08092294018091575
2005-12-31,-0.19149456881676813,-0.09419136337862467,0.014097761975410494,3.3151362500303514,0.019061877178622805,-0.08965701174569508,0.0003682893858710177,0.010504269246919568,0.05243675424203985,-2.9088674543802227,0.007439710835226238,-0.0036259126636354706,-0.0283821923956904,0.00014074894756725665,-0.05218593704155757,6.874642012979779,0.0053117566064583375,0.0876864130076971,0.04365679035136346,0.06743571388503436,-0.09541540161064249,-7.188082797335928,-0.004246294551653752,-0.013643737264729882,0.041096633393495105,0.028331120340029985,-0.047462578228386024,4.785359610704083,-0.005203248081267883,0.07984295497344668
2006-03-31,-0.18816306889384898,-0.08864459634468135,0.011449844579736083,2.926894690704307,0.018489638752358113,-0.08851099867631333,0.005361377317634557,0.019474893229164757,0.0494911638608294,-3.5263347015541457,0.006437549131875681,-0.0015756289473878762,-0.027686709018746942,0.0012866869068773603,-0.05275621776862577,6.7941631771359114,0.005195049382351873,0.08791854292094244,0.04108456855142379,0.06402769719547981,-0.09239166845134354,-6.912373231991692,-0.0040327664538386656,-0.013782932354419178,0.0396247223083292,0.022543714056049165,-0.049608748968027576,5.2385864548564935,-0.004366641948934266,0.07897813345255167
2006-06-30,-0.18830749992625959,-0.08888745042032006,0.010906962024640861,2.9429448308974075,0.018519857553038692,-0.0885805490101521,0.0035530250969517223,0.01623663552334266,0.04364206245944778,-3.3158444748257865,0.0068579873574656685,-0.0025586955540491158,-0.024437175274517935,0.006701951299495479,-0.04028682921586419,6.43502416135887,0.0045259858186756305,0.08945083173911147,0.0417499739080693,0.06492100696476652,-0.0885295096687399,-6.981927245103657,-0.004115306734351587,-0.013672346826934714,0.038706102590093806,0.019213713397969543,-0.05079072567273803,5.495322853332281,-0.00387202635692707,0.07842723700782629
2006-09-30,-0.18671948369669839,-0.08611441154362556,0.02555510853246128,2.7327213717583554,0.018180630734530513,-0.0880854290720182,0.001348720010561428,0.0120163727053925,0.024804809502008397,-3.0028980189734846,0.007401607978429792,-0.00340837669895812,-0.02342714644641059,0.00844331152790831,-0.030875590928948184,6.30247598512255,0.004314770128553627,0.08975451162304024,0.041202598908190696,0.06419605527195134,-0.09480414658694752,-6.9176766159341465,-0.004050404892054776,-0.01368161757645785,0.03930888390901558,0.022273918839819173,-0.048470329474526355,5.242976017164598,-0.004327846010053799,0.0787340612370113
2006-12-31,-0.18138530667977099,-0.0771858038081937,0.01746880851983469,2.0845610041393874,0.017198139685302826,-0.08628766858934325,0.002358820700476015,0.01384934164746486,0.023361327489826316,-3.13353321627894,0.007186152546542229,-0.003003057376904224,-0.021202620862039105,0.012125912846496606,-0.034271200477544686,6.034182218951391,0.003913830338665929,0.09048224591573534,0.03814236655062912,0.060170483702836224,-0.0896971584813524,-6.578073190824962,-0.0037530352853674793,-0.013852391761080048,0.03986620064904769,0.02475379359666761,-0.04912503166323401,5.042864645367014,-0.004696623012607293,0.07901547681515185
2007-03-31,-0.1787105174824459,-0.0727889110940627,0.017566778183913227,1.7844039128863043,0.01666724202065308,-0.08505949893185395,0.003753312437851233,0.016292081865180327,0.023084475053416775,-3.296724202999328,0.006876470333219907,-0.0022751237831430816,-0.022171429154090563,0.010547646428768813,-0.034339517527554236,6.1423708595697795,0.004102870524288613,0.0900470925789818,0.03605277947597409,0.05741906646904484,-0.09136639784676419,-6.354837719442113,-0.003512526819173265,-0.01417597737729303,0.03928472815151593,0.022719918249451375,-0.0481652571514287,5.199587654586259,-0.004389962757752146,0.078685570910324
2007-06-30,-0.17334059797346715,-0.06397104174155124,0.01870068092113179,1.1964674768173948,0.015573221359435676,-0.08241401595473413,0.003393046914760818,0.015665392691178115,0.023084516824560235,-3.255948348939783,0.006958000495004771,-0.002476676093295589,-0.024326471087372296,0.007038446760406955,-0.03485777462838046,6.377405725062737,0.004534845935115681,0.08900828108499356,0.03583787889529754,0.057135009741767225,-0.09155362213622335,-6.33216235303694,-0.0034868185718516524,-0.01421328970996328,0.03821063818307119,0.019493416849241576,-0.04629440870650313,5.438930585264418,-0.0038977353399218804,0.07803918004461884
2007-09-30,-0.17328166480427465,-0.06386935584714483,0.01936306246202327,1.1872136655855192,0.015562958259305813,-0.08241245612870221,0.0014988841599969853,0.01195334218280189,0.0028990046215337283,-2.927859949739191,0.00736753775469532,-0.0026471844603084818,-0.026065092954827226,0.00408899183187481,-0.05452168921649056,6.647024840110269,0.0048284026496221814,0.08897713899763952,0.03467835162989371,0.05566167752338064,-0.10598809327461949,-6.180992217328153,-0.0033883891267919423,-0.014037525278078757,0.037641890495877454,0.01533118385006652,-0.04784079446606664,5.802994169622918,-0.003282726075509082,0.07787797630619878
2007-12-31,-0.17128828560514678,-0.0622338188404526,-0.03561555530655933,1.549601978285598,0.014947305687135,-0.07582064942645507,0.002538702523542195,0.012584450968178762,-0.015727261619831,-2.7885818996698415,0.007143208083337871,-0.00010545777515184202,-0.026885309450484417,0.0033882527531941737,-0.030186627799350187,6.488758809230799,0.005096570186297013,0.0861151984161926,0.03466643432494654,0.055652257837966686,-0.10706999641523864,-6.1742691238411025,-0.0033929370985614164,-0.013962619069237866,0.034973434696576634,0.016822976077536442,-0.04155439315222221,5.485113178433981,-0.003440854923948077,0.07552640878254079
2008-03-31,-0.16874807604334566,-0.0597709460618453,-0.10155914211873732,1.998396434147939,0.013979586706544256,-0.06716281720745443,0.0029016071380105666,0.012867199262764023,-0.02139103365509425,-2.7470162607720723,0.007048454607929497,0.0007628399986331254,-0.028486936965370187,0.001781611143850081,0.015213774885175411,6.181856881280384,0.005748200356970828,0.08028816749427829,0.034762566062091944,0.055734025230977854,-0.10149664535880565,-6.213321762275992,-0.0033609108840379144,-0.014364424151985676,0.02570519488968144,0.01746666967110113,-0.0230836293895693,4.81644687513565,-0.0033086586980049897,0.06768620935539069
2008-06-30,-0.1670700938854812,-0.05740944524229609,-0.13358895761992387,2.121572884687166,0.013276693669743293,-0.06289148062312303,0.002466548192204378,0.012351486746250376,-0.015686454958713094,-2.7701111659932773,0.007189929695853407,-0.0001263167473755119,-0.02877191832929484,0.0013704446876955656,0.02098557305444859,6.159688401393675,0.005872380149805485,0.07953593586336365,0.03477462516119901,0.055536310627704075,-0.08210286149455961,-6.305516129997006,-0.003155705152552161,-0.015727873482257407,0.01860260591474766,0.01609017358769102,-0.008998147292693676,4.480829863279823,-0.0028995978460484217,0.06181321997990309
2008-09-30,-0.16648462091779667,-0.05625682912559575,-0.18176800910074467,2.1673768698796123,0.012928740814523068,-0.061262127101746666,0.0019175172502264009,0.011463756018355073,0.012294309100616954,-2.794885516991036,0.007431270194373809,-0.0013024498199060174,-0.02953303437003741,-0.00017555188104982896,0.08852490139009528,6.094552606339269,0.006347678280327515,0.07732074074869812,0.0347881303502148,0.05551561711742936,-0.07484969106973496,-6.3156750761414395,-0.003131008940220632,-0.01583920685740313,0.012437778943164664,0.013885435936629312,0.013293686593871448,4.277938889443137,-0.002371945836638933,0.05683158477522996
2008-12-31,-0.14992863084467656,-0.036352106171038186,-0.06544446131920942,3.8426069108559187,0.006253949728583894,-0.014645321185014434,0.004426895661701089,0.013979894410508798,0.024420727028167204,-2.616020871333376,0.006666798170662863,0.004150139180298525,-0.034317028411626746,-0.006085715135744641,0.05277594500390966,5.579250451505866,0.008366258688178136,0.06323940599417562,0.03470487820557899,0.05551390858988345,-0.07076561900434768,-6.243253720650938,-0.0032474911494371496,-0.014861317073205,-0.013425080129871116,0.006541926749747385,0.00033653861512907414,3.3027289228298655,-0.0004809105590876945,0.035229540593912805
2009-03-31,-0.15542577912868535,-0.045188169571437,0.05728413587787395,4.902860368016469,0.006203973745543939,-0.01077879385831685,0.003983824459603477,0.013080922288144184,0.03719316137741149,-2.5021540325948,0.006661482551245385,0.004629200375439202,-0.03572276167166969,-0.00829223294438917,0.08333865604301902,5.842339829391326,0.008353802265840803,0.06418078219167057,0.029907448780261234,0.04967444041672213,0.00769742351276725,-5.5964624823117255,-0.0032904522157566696,-0.013104299489626247,-0.017080514832915512,0.00839261082043597,-0.024617484301647365,2.888616636718922,-0.0005406388457336982,0.03179066687162661
2009-06-30,-0.15382255271636677,-0.043407201809462795,0.08268649893756036,4.423854001032406,0.006708367184698124,-0.014094560822169032,0.004312473721494274,0.01359783864436183,0.04394807370964271,-2.658551456897983,0.006829461543024055,0.0034496455123448587,-0.03521251694142537,-0.007740661300025951,0.09123252523292241,5.696662813487362,0.008506145096222339,0.06318616253967213,0.02894317468864224,0.04870035751907579,-0.003041092383305646,-5.429884607154649,-0.0033975757749616646,-0.012376430983622363,-0.017861387940112244,0.008537388040035164,-0.026603539071563584,2.8206689235808393,-0.000512042784844026,0.031087538098245427
2009-09-30,-0.1520380646756209,-0.042073361746914055,0.1328252484015684,4.146887879388802,0.007107164138630521,-0.01508084508083963,0.004433682485586193,0.013679754650695429,0.04790294393439946,-2.6797913695292532,0.006864776293292592,0.0033534166379360283,-0.033985495992018916,-0.006811305773844197,0.12516369977026534,5.508380139579583,0.008771725219520079,0.06253789832930141,0.028175581370171912,0.047960411717513696,-0.020549480635566678,-5.322526302719872,-0.003491709246904822,-0.012201791959610667,-0.020457370175895627,0.007837690570803848,-0.016525483552558257,2.6863084619817714,-0.00017161268681982405,0.028882169396310595
2009-12-31,-0.14946466436493905,-0.039001242448741744,0.14120084275241795,3.8672849459354515,0.0070628629725608995,-0.014511617061019465,0.0027934392865824496,0.011694642585673572,0.04220642101718772,-2.5011373372864965,0.006898747749407351,0.0029578730806640655,-0.03677069735017301,-0.01013022468790995,0.1161598317484124,5.811132584530462,0.008817809569613812,0.0619313837010872,0.02952058750367427,0.04948833721869192,-0.01625883943972357,-5.474114189922983,-0.003480149310695886,-0.01205308196134017,-0.020580104682766633,0.008047602929757182,-0.015269603251717724,2.6496936297974503,-0.0001516292040738568,0.028741463856691515
2010-03-31,-0.14767057376915763,-0.03695080868111334,0.150232856758501,3.6683717157465536,0.0070768476788830035,-0.014208859719818024,0.0028476426027793616,0.011757464028503962,0.04247196057208918,-2.5070950439007436,0.006898857566774934,0.0029686906751360052,-0.03621787926373007,-0.009499498770136054,0.11895571364437636,5.749739515627936,0.008822594876012821,0.06202223484946279,0.02822314394040515,0.04805221327490024,-0.023635642893674317,-5.322808202333155,-0.003519313324058262,-0.012137998706634135,-0.020513401936336904,0.008687163605178367,-0.012137504277128671,2.571099008081514,-0.00012690200360502134,0.028698824707264474
2010-06-30,-0.15163637136046276,-0.04144774697706155,0.12543847138475892,4.090663144570656,0.007046715962160726,-0.015043499295603642,0.002632258134223844,0.011511796452694541,0.04116716713071363,-2.484537543723126,0.006898281742169313,0.0029169025454244537,-0.038811255362502226,-0.012438136175689438,0.10266322522187886,6.026616176761414,0.008800906993545632,0.06148760395791374,0.028209002778228385,0.048036508124535214,-0.023735889427873715,-5.321198650200553,-0.003519748676403156,-0.012139451115813554,-0.02045668302569621,0.008830815039943141,-0.01137628216027938,2.556384987224106,-0.00012356620192619127,0.028725713801377985
2010-09-30,-0.14786255265145792,-0.036783887283950795,0.12934847507100947,3.6410982043958215,0.007006995099548377,-0.014625857076009382,0.002100529426197334,0.010831612217764635,0.040608937555908914,-2.4204075020806264,0.006908409562459463,0.0028397717663695807,-0.040931552781151334,-0.015046884167224906,0.10046787941425486,6.2788852918195825,0.008820733373828141,0.061262957463165284,0.027524525622134158,0.047255106897299524,-0.02448357351301352,-5.239724714309104,-0.0035307775023070216,-0.012142622098292583,-0.020406120559425187,0.008954803066326629,-0.01125007900038322,2.545268138964371,-0.00012821714468010817,0.028751745369335727
2010-12-31,-0.1432537923104094,-0.030678150644994916,0.14014075997477562,3.152530856118819,0.006675724014176451,-0.013115325194529967,0.0032558209040654835,0.012407565531843814,0.04306617008538058,-2.5439002953952947,0.006813672573261599,0.0032580296407942267,-0.041792243417711955,-0.016182521014088923,0.09842610180699199,6.370069057657727,0.008881297317031956,0.06098535860842765,0.02610327959850489,0.045555615825084425,-0.02886151037905677,-5.086777919384373,-0.0034911405345248846,-0.012386932809339214,-0.019735439525661258,0.010273482450362312,-0.010631937723766001,2.4440968942974632,-0.00023034518847391079,0.029161667140322093
2011-03-31,-0.14249111049686647,-0.02977448168092351,0.1506358846656749,3.0727172728502388,0.006673041800988258,-0.012936449807364902,0.0030470018298111726,0.012156116379203719,0.040382167849918986,-2.522299487811016,0.0068165278769704565,0.0032011410120127,-0.04261639144457182,-0.017157113412513143,0.08698060480528717,6.456495941551698,0.008883017786354752,0.06079649115622108,0.025714682773777083,0.0451133522054993,-0.035298827112221924,-5.0435178259083715,-0.003503282841092157,-0.012427726380085791,-0.019412710805106596,0.010843394147586337,-0.008207578827771223,2.39954171184387,-0.0002591127725873809,0.029365891593213744
2011-06-30,-0.1429145795334239,-0.03024484656207396,0.14343496004697495,3.116770214121968,0.00665395038505791,-0.013000394505062572,0.002384793121520649,0.011423283616445542,0.029332024298408393,-2.4549986897152616,0.006789575986573643,0.0030800308673847106,-0.04389003592876604,-0.01857273260497314,0.06525927276683696,6.589448579021518,0.008824765110891475,0.06060975752390358,0.026295751025782663,0.045764957843469865,-0.024529766696594693,-5.108864064767916,-0.003465913659561587,-0.012398421555014015,-0.019759016946917365,0.01029752075706642,-0.013423254644565008,2.444232412786747,-0.00026009917668467787,0.02914311079759519
2011-09-30,-0.14736616693730997,-0.03584811322490095,0.13687754666672758,3.5852115453339803,0.006745374196992183,-0.01403998846120656,-0.0004057660249452153,0.00783652819202246,0.0250101666378119,-2.1626509530143787,0.00687189695476084,0.0023217294027503346,-0.045785150636019914,-0.020951368507217072,0.06248029696070496,6.789065134658939,0.008861181287303647,0.06017765754171053,0.027851544142037988,0.0475957213409782,-0.02214731702261487,-5.278889331362256,-0.0034412669585202897,-0.012256449116166461,-0.020505856697091922,0.009004419796933498,-0.016046957823844053,2.5393334236550715,-0.00018963539728500463,0.028670680989107286
2011-12-31,-0.14325192558228309,-0.030099103183889,0.13156197330525865,3.11962725792403,0.0064359971948285775,-0.013038859031985997,-0.0001420243224834112,0.008222130750385494,0.02464819658072637,-2.1931879596165844,0.006848360067356279,0.002397241954613404,-0.04535534400705477,-0.020354471478645473,0.061929377906157566,6.740555285056922,0.008829711732782136,0.06027956447084096,0.027216145437538038,0.04681842137136804,-0.02141905572951386,-5.208601998544274,-0.0034244675119571313,-0.012306162051726159,-0.020620054977801405,0.008775124637915913,-0.015867947587825507,2.555844018457449,-0.0001677430745221454,0.028600402437807
2012-03-31,-0.14196999589161402,-0.028100214885305116,0.15931992060782385,2.923164787060558,0.0063540517158210495,-0.013266379352900672,-0.0003239064189033942,0.00790751262531041,0.02079928552184533,-2.1627090934207462,0.006864195957260959,0.002424790530191801,-0.04525588145052718,-0.020201458656330166,0.06408843811498491,6.725486618874273,0.008823639106428843,0.06026160912572543,0.02654903410006066,0.045985327858998386,-0.036490413979487483,-5.122567452281436,-0.0034134637068681272,-0.01214575947650512,-0.020730839187819275,0.008458792992722498,-0.01673136064135007,2.581769953267726,-0.0001378986258429924,0.028542249625973525
2012-06-30,-0.14263836785831183,-0.02907711347936148,0.15106019311128357,3.0037455517460545,0.006400719119621655,-0.013358148499737751,-0.000508389042698497,0.007619533337147008,0.018483564428325588,-2.1391596497167007,0.006880326596848559,0.0023941858689001385,-0.04554074242837686,-0.020614344618510298,0.06057221586949374,6.759604482210827,0.008842863200897668,0.06022375733304022,0.026585636270940908,0.04603114016634933,-0.036017657831837996,-5.126663685805682,-0.0034141207028621982,-0.012145779632315869,-0.020546611458524718,0.008976401544392098,-0.01480409530880407,2.5401809186520223,-0.00018885077780781754,0.028641570163233838
2012-09-30,-0.1390353540623175,-0.023893769457985346,0.13097238692427776,2.6016891524784453,0.006083762091771112,-0.012412445554267647,-0.0013418135304574137,0.006357581362214696,0.0230353349996584,-2.0433876977254584,0.006967847445686911,0.002137841063332459,-0.043952789258573176,-0.01834548128520814,0.05169069829601943,6.58299646496805,0.00870688639332283,0.06063007518242997,0.024813418935637818,0.04382534295613802,-0.025133892451914785,-4.9349068370111695,-0.0033561168659284987,-0.012295697065447617,-0.02042755978042528,0.009247640483691607,-0.015346926258805257,2.520779666445272,-0.00022061076002441712,0.028712441821899692
2012-12-31,-0.13924531684416533,-0.02422123227875552,0.12805952084659358,2.6232268979333564,0.0061147410192367736,-0.01250253094191347,-0.0013167589926424005,0.006398354923304856,0.023344870443593436,-2.0460549328911872,0.006963765587538853,0.0021495797006508026,-0.04312863668441317,-0.017067819397573826,0.06330034781060581,6.498840374668799,0.008587150168336482,0.060978515031790276,0.024150585875066508,0.042940954055536176,-0.03770536247118893,-4.870758400450204,-0.0033015761260544608,-0.01243921733462036,-0.019845023701452323,0.010466572050081936,-0.014203919254918432,2.4375987299851474,-0.0003733177358944646,0.029081917498795753
2013-03-31,-0.13612965499804044,-0.019645203493825997,0.12879388342981515,2.3011369964211994,0.005782170823497492,-0.011378638751122504,-0.0012143719798764928,0.006555313196020637,0.023370883478033972,-2.0568588391793488,0.006951051405702631,0.002191574031315017,-0.04293250654749584,-0.0167814615526749,0.06334610310935661,6.478611119779423,0.008566697276877372,0.0610478257512995,0.02301009523110488,0.041485306926939663,-0.03802345047005865,-4.754752551588605,-0.00325080150941304,-0.01261651653913187,-0.0190310226198832,0.012073378622511477,-0.015052925187989778,2.331802545271785,-0.0005757328516024395,0.029605787217550052
2013-06-30,-0.13562279818365328,-0.018896309732879427,0.13284747295220714,2.253065791058895,0.00572670514961007,-0.01116053926748845,-0.001175768376664718,0.006614147929512626,0.023651757897306756,-2.060571643769318,0.006946230303425732,0.00220993917848361,-0.04270429789928203,-0.016445766996317064,0.06519466369936587,6.456999084030619,0.008542240417849343,0.06114443624416034,0.022451864398966313,0.040755013445107596,-0.04392020377339238,-4.702074586015556,-0.0032256161907710038,-0.012737543583031448,-0.01903910775794909,0.012058675607272511,-0.015063757430909262,2.3327238366683107,-0.0005738924160935159,0.029600412064365582
2013-09-30,-0.13469806875382986,-0.017595606029193966,0.14010853357705996,2.167012163573989,0.0056686465219325625,-0.010827938631423686,-0.0006605540052540818,0.007356513260440956,0.027465396094207183,-2.1084815554873275,0.006906056089950079,0.0024205814255922518,-0.04358533971577706,-0.01768082060840192,0.05821961870004463,6.53902770324766,0.00859562443315178,0.06083396089177237,0.022069613730256236,0.04026479816546327,-0.04758694518149789,-4.665467047552726,-0.0032244460547257944,-0.012797365949878448,-0.01976411087912864,0.010809734220480023,-0.0167892534384805,2.4087759540742795,-0.0004305862113279198,0.029114025324776457
2013-12-31,-0.1340498635066084,-0.016797497819137225,0.15804914657961122,2.1173663637694577,0.0057079561434247965,-0.010656372011070296,-0.0008560203367464048,0.007119204336635105,0.02246837094551192,-2.0941969213414278,0.0068969733052203185,0.0023594778287832755,-0.04372302114115774,-0.017850696297032665,0.0543675037495488,6.5496442678935916,0.00858699513380565,0.060798467961256944,0.02218109434541702,0.040405789978361015,-0.04371529999119426,-4.6752624431200545,-0.0032116092726446393,-0.012787587829837362,-0.020020443679550592,0.01042828186759985,-0.01919504591084715,2.4302987738287176,-0.00040096204730484883,0.02893749873800501
2014-03-31,-0.13361731100567223,-0.016243505099530382,0.15754187528270897,2.0793159882911523,0.005707562133401591,-0.010523603288317413,-0.0012554941680324731,0.006606151871403682,0.022874569379231033,-2.060106308332992,0.006901361047505566,0.0022192034442570807,-0.04367698823121401,-0.01779177076630111,0.054312635624668225,6.545577631183594,0.008587023689152946,0.06081229824162924,0.021521207525312554,0.03958928645417148,-0.04275239830372244,-4.611861502908022,-0.0032416059247772,-0.012874669669419631,-0.020465550094538633,0.009765157267404498,-0.01939715521476774,2.4679398636900305,-0.00035286647885222525,0.028637807433996326
2014-06-30,-0.13323661060909756,-0.01574773269586178,0.16129044508885343,2.049654199886271,0.005708381299825571,-0.010382841854561444,-0.0018971275035265878,0.005778383964751652,0.0172531632447511,-2.011994702455155,0.006906694895140749,0.001955148882547686,-0.04396693783784591,-0.018169746135849752,0.051412829121820186,6.568288704613639,0.008585916712305613,0.06070693727144188,0.021561354556276714,0.03964085533889774,-0.04221330801535485,-4.615334217112708,-0.003239281173247913,-0.01286742985226256,-0.021108598701675675,0.008893089536514314,-0.021165065060783958,2.5133059739741612,-0.0002997498735310936,0.028194576385432005
2014-09-30,-0.1334137650556796,-0.015985053468704328,0.15879266708579032,2.0630243665282566,0.005709427296712173,-0.010452315062168486,-0.0030122763951645638,0.004298802017256526,0.0026983424955406583,-1.9312250732436214,0.0069251919627344935,0.0014684110987982022,-0.044507574107701134,-0.018894657828303088,0.0437087332259836,6.609316976782494,0.008588173312489497,0.06049858571189176,0.021607942402115932,0.03970199311136374,-0.0413761779120776,-4.619230126981646,-0.0032367855207257445,-0.012858622485023861,-0.02164546119322126,0.008210067330033072,-0.024032849876062194,2.545944597007873,-0.00026226965511492225,0.02781776692342147
2014-12-31,-0.13222096912774584,-0.014375311789604498,0.15263339392318448,1.955975734582799,0.005682152053775516,-0.010079045869652666,-0.002559710569510036,0.004917559170743004,0.0004678227684845247,-1.9711621079837593,0.0069092226657304886,0.0016318786748250884,-0.0454307534742457,-0.020138134359976582,0.04850618233881004,6.6923739387629615,0.008607578224997461,0.0602162305138096,0.02128418438161966,0.03929123692887946,-0.03945127031515919,-4.588430723911524,-0.00324650372456266,-0.012898116207665568,-0.02208481745646907,0.007547743871510546,-0.02269501026871002,2.582430377062597,-0.00021016777366258973,0.027523139275546615
2015-03-31,-0.12966333152753032,-0.010866700604316583,0.11110103036208537,1.7070237905818517,0.005554893037174117,-0.009288586431050272,-0.0020206995567930274,0.005676630564572208,-0.008007077016042089,-2.023565286730559,0.006875046286178533,0.0018240916730334357,-0.047214626949487776,-0.022576400398483198,0.0776121681064841,6.866099945255715,0.008692830154742112,0.05967732606623219,0.020551968947257915,0.03837452071151794,-0.02594602584268734,-4.515098514356971,-0.0032485900754294947,-0.012987754132790559,-0.024045204844490596,0.004126513931444828,0.0005528984698040368,2.790731664175802,0.0001388393005282071,0.02626330421907976
2015-06-30,-0.1292088835302345,-0.010219144306511578,0.10582576262522714,1.664453509926095,0.005526716925943426,-0.009133723483259342,-0.002102248619135396,0.00555752957497954,-0.00706059478628752,-2.015889465430262,0.006881278108737347,0.0017924219180740376,-0.04725284667171709,-0.02263067068594951,0.07805620252154133,6.869679188660055,0.008695119064072753,0.0596645738362456,0.019916179295226422,0.0375507592033715,-0.01796368278679777,-4.454663682653255,-0.0032468058826230525,-0.013075508164270824,-0.02567678269437829,0.0012422848637402113,0.019767806067728346,2.965350567331576,0.0004482912265625015,0.02521254382700622
2015-09-30,-0.12967156740274874,-0.010993389508323816,0.0667485963415109,1.675795506827459,0.00550180366627234,-0.009345194680751092,-0.002495559707256034,0.0049340819137762715,-0.033343375322552465,-2.0035678013545883,0.006872501825800064,0.0015970369738906938,-0.047426240964052194,-0.02292311959550343,0.06294586465012125,6.87375693221801,0.008684896266919808,0.05958653995094882,0.019964576646781428,0.037644436988067166,-0.010209554329015094,-4.454481647364176,-0.0032349501452808528,-0.013069713616965904,-0.02645652312453295,5.449322627145856e-05,0.01901394532179123,3.0260005743405607,0.0005504590036480047,0.02468307294781734
2015-12-31,-0.12858142663215033,-0.00944932643498388,0.050200907172979196,1.5693982785760354,0.005473724627924526,-0.009109566566219746,-0.00327898224551767,0.003789353248236621,-0.021948666945268827,-1.9266169830341753,0.006904346252425638,0.0013881609440784708,-0.04798253150068741,-0.023707742910227345,0.07144011501476666,6.928024638534734,0.008698057054006858,0.0594703265807496,0.019452681927843947,0.03698411943657186,-0.0013095186839778936,-4.403959241701948,-0.003249036136383049,-0.013085091705405937,-0.02701984779307179,-0.000986992485681138,0.025056889615288725,3.088782784551847,0.0006518106557347235,0.024328508683423872
2016-03-31,-0.12848495784670358,-0.009306594171512498,0.048626069300362305,1.5590460045297092,0.005472204444037257,-0.009102797159458397,-0.0037323966136812306,0.003086275864759889,-0.014457462550546946,-1.8763500942287403,0.006919336517201862,0.001333481675489747,-0.04743661925367734,-0.022904973561575205,0.06253785257987175,6.869668623633726,0.008690730261775496,0.05950480397263933,0.020188501321730994,0.037952403883804636,-0.013607315780464686,-4.479503247434282,-0.003222023964897057,-0.013158315327920446,-0.026690075751734692,-0.00025978365234684996,0.01967987766811688,3.0411494598581164,0.0005796405939400228,0.024519052280570372
2016-06-30,-0.12831542818825514,-0.009018145744720141,0.049214276956181434,1.541622888727188,0.005456883828283472,-0.009073263853796842,-0.0036885225090820804,0.003165276608304814,-0.014346985864489036,-1.8811435634807232,0.006914451396863837,0.0013432760464414139,-0.047433884402445975,-0.02290035601716201,0.0625476597004598,6.869389716002759,0.00869049120400786,0.059505260165355164,0.019755144032428253,0.037327089411071365,-0.015955083658588276,-4.43971305224805,-0.003215339543839681,-0.013136767331331279,-0.026518633342689533,0.00014461599339617653,0.018092000138743982,3.015027116739798,0.0005349485493498376,0.024617490681329048
2016-09-30,-0.12818376039329935,-0.008723757963073678,0.05854894750838724,1.52991291297263,0.005426985076892358,-0.009028925302389293,-0.0033664068256964623,0.0039423036215999125,0.008017286687904879,-1.913676690131404,0.006829515982854439,0.001473124889945949,-0.047490502526932446,-0.023025626596920402,0.05851966901060958,6.874339101925633,0.008703056888948742,0.059486791740212604,0.01956386700289262,0.036986197767547066,-0.03181417557531125,-4.427572684390524,-0.0031963361227920675,-0.013131464791387356,-0.02662352029141392,-0.00010523716208407676,0.016106454486129747,3.029473254968516,0.0005665521532433168,0.024553398001470363
2016-12-31,-0.12774405326859792,-0.007939132841786543,0.05730186870549697,1.4743517306563327,0.00538261236416473,-0.009049112278884717,-0.003020829275045282,0.00462732885548173,0.0072730881032862715,-1.9619365333562555,0.006783116026677793,0.0014707695039770992,-0.045581055143665325,-0.01966387710565854,0.05295385062915556,6.636014162235121,0.008518342267676275,0.05938827617482929,0.019556854877637926,0.036976311890279716,-0.03178643861300624,-4.426828195860585,-0.0031961802442685133,-0.01312999674837973,-0.026478133104379496,0.0003963111736218498,0.016673537255066043,2.9947459093140654,0.000500873525220721,0.02462102824554584
2017-03-31,-0.12761389141685323,-0.007676682137857626,0.06558216920704399,1.4575185786463867,0.005395976822522662,-0.009146576538795508,-0.00314331382556438,0.004343425350041471,-0.0009513673407793897,-1.9432153823679115,0.006773720314558474,0.0015684652692059295,-0.04587151590553849,-0.020239921923705426,0.03458370078917645,6.672829183347785,0.008487668271729426,0.05960427959161447,0.019535953885890047,0.03694296904005782,-0.033040766041868806,-4.424787484926636,-0.0031992810197938107,-0.013115005246675644,-0.026525552230316052,6.072950855966048e-05,0.013351007321084631,3.0191979382336758,0.0005351476765028885,0.024622119376170485
2017-06-30,-0.127365080846688,-0.0072724664550579705,0.06540871262855008,1.4319625936862148,0.005379702313701092,-0.009107215934587942,-0.0032541455107836363,0.004152564886072164,-0.0009120349354373917,-1.9312086177894405,0.006783179997255589,0.0015463455501739832,-0.04645221356741012,-0.0211762043414466,0.035012168090212806,6.732100587841644,0.008524057277456169,0.05951613321987343,0.019405270496171488,0.036760497615818295,-0.03287324753182364,-4.412385194456023,-0.003199558983596282,-0.013109911556009506,-0.026784514504503393,-0.0007706954886385426,0.011777662323025358,3.075546107406446,0.0006279188019044401,0.024501954141791082
2017-09-30,-0.12663210256806345,-0.006073294969158654,0.06198546924355686,1.3615279253411199,0.005277006773477847,-0.0088089981653602,-0.003112133963323723,0.004395763853245439,-0.001577237417043313,-1.9453904842225165,0.006760466426542008,0.0016112830172689081,-0.04640346459258605,-0.02109695800499744,0.03478442194180023,6.727438221712736,0.008517366407829676,0.05953558640622596,0.018802624258444787,0.035917966116681604,-0.029852745021220737,-4.358080167541119,-0.0031614976150225738,-0.01320816408327066,-0.02725449927283134,-0.0018164958634763852,0.013425678699617326,3.1404299755401257,0.0007687830267909073,0.02421555413557216
2017-12-31,-0.1260213034649569,-0.005000785839393833,0.07116504275983282,1.3064104216951173,0.0051666370570722445,-0.008507768743250542,-0.0035466947138796043,0.003597826504094925,-0.007644749429460898,-1.9042833646345256,0.006848729598632248,0.0013720560322725485,-0.046493178028196455,-0.021253472532430182,0.03342269064650913,6.7354841586970835,0.008533284074589694,0.059492144045157784,0.019187020065851747,0.03648840915844433,-0.022558033415093603,-4.389403376802994,-0.003196483822254314,-0.013128156894069931,-0.02777188298711669,-0.0028470927027925996,0.011162542178208432,3.1994707043446975,0.0009192797673996776,0.023878127736750746
2018-03-31,-0.12625662938201665,-0.005439121065080713,0.06449198258779543,1.327744695534855,0.005216095918892676,-0.008625722429315738,-0.003510706379964321,0.0036685933732203547,-0.0066515620249784566,-1.907747244178272,0.006840178438522574,0.001392485572116628,-0.04681836131028824,-0.02185450350857745,0.024162204387874326,6.764731033932443,0.008600356793902149,0.05933245086202279,0.019033430545860836,0.03625215277379362,-0.02765328938068422,-4.377290922542293,-0.0031796402951045485,-0.013157078866397278,-0.02842064986154785,-0.004096670221834839,0.002943554420217444,3.26718816838548,0.0011145234676985386,0.023442196941566303
2018-06-30,-0.1261731425192314,-0.005254540777678282,0.06722044342378079,1.3152787552308745,0.005203220198406788,-0.008657512067994309,-0.0032004026459895797,0.004477750177311178,0.004628142700247631,-1.9628544228095304,0.006773390726429592,0.0012784234018051357,-0.047040306845308445,-0.02233503342399524,0.016999527119927058,6.7971559525915195,0.008633004700574395,0.05941743143000476,0.018693984492922925,0.03572109644910641,-0.03727986993642885,-4.340773752818918,-0.00316558700428569,-0.01299141170172243,-0.028561122917118743,-0.004581367397626115,-0.0009355165131587861,3.2991952078231477,0.0011893358135810434,0.023373803359497968
2018-09-30,-0.1257656473733054,-0.004454315583004914,0.07618901122798347,1.2711265412571642,0.005125379053320596,-0.008568709194554243,-0.0034677625399552247,0.0039011345901464782,-0.0014354911867266956,-1.9305546228827202,0.006834618338772429,0.0012064524128579527,-0.047432232996558576,-0.023095345905658315,0.008394583626001487,6.839047826353642,0.0087059422095269,0.0593351547813979,0.01873659397222962,0.035786917180278884,-0.03629299626458147,-4.344526306254058,-0.0031692480813170837,-0.012993321691928432,-0.02870040252772144,-0.0050160430577253015,-0.004195986793310976,3.326973261710799,0.001258314848321409,0.023300327672427065
2018-12-31,-0.12797200869564937,-0.008338484560484112,0.05666146080979996,1.46173221945146,0.00556271390262461,-0.009796813471310709,-0.004542981476638482,0.0019222386306906876,-0.010729039957046046,-1.8332023560249011,0.0070722467212614,0.0005493828967763365,-0.047297964708689404,-0.02286046548505285,0.009588306938794245,6.827517800468813,0.008679769281342361,0.05940873132969931,0.0186370517298867,0.035638661177391846,-0.0373500855829734,-4.336744923618358,-0.003158529199400982,-0.013020180355040397,-0.028484703779424327,-0.004575429283737085,-0.002371910741225398,3.3023922383281437,0.001186877860405011,0.023441745348100396
2019-03-31,-0.12526903249371912,-0.0037490051303069316,0.003611389393789552,1.178498965560631,0.005125028259413807,-0.008883714852699376,-0.004437649105157531,0.002112446326206073,-0.012757127250111243,-1.8448620535828593,0.007052498680595709,0.0005912533261882499,-0.04856298891350365,-0.024990273508780917,0.034490794913031156,6.9591584247078835,0.008880165869539176,0.058992572461465095,0.01811850230158256,0.03490987732854191,-0.02605911949716529,-4.287621969348535,-0.0031176268973460556,-0.013064557451017889,-0.02904391728690954,-0.005832349797483724,0.003982445356646306,3.380939280431108,0.0013822552710019299,0.02309764155967312
2019-06-30,-0.12485901763823166,-0.002957933075648926,0.011755382877519784,1.1436475246382203,0.005004731552602352,-0.008594692273362506,-0.00464571765186055,0.0016919002711155724,-0.01646294144720808,-1.82587818427426,0.007118152773942663,0.0004335571302382017,-0.048761738767051525,-0.025371091482897498,0.030486710012476367,6.975889537734883,0.008937819262755319,0.05885422675585415,0.018167147052493664,0.03498702827275008,-0.02474199748636059,-4.291032631262597,-0.003127207602359652,-0.013046003564662845,-0.02954615704926742,-0.0068040100515433825,0.0033235849086717707,3.434829962594868,0.0015512066917822028,0.02275893051700145
2019-09-30,-0.124898017421906,-0.003028372037778782,0.011812367408367098,1.1472195351192824,0.005014393102950766,-0.008618362094700448,-0.005407223861819694,0.00024408395992186102,-0.01546019362140412,-1.752382167630548,0.007325947007909977,-7.596577344691683e-05,-0.04828479778085408,-0.02451606299810015,0.029780542847321775,6.932507624156626,0.008821385355924216,0.05913908325615541,0.01824294252918967,0.035099615673633226,-0.024878978594800844,-4.297194390618797,-0.003138825262886967,-0.013023199658381508,-0.029375170359821103,-0.006484232304452561,0.003037637060905904,3.4171777295396706,0.0014948334965847986,0.022875673850852304
2019-12-31,-0.12363368976844845,-0.0006677683611560241,0.020114692437118484,1.0319924590866614,0.004664145276364811,-0.007799522473978778,-0.005021385822119689,0.00100366788847972,-0.01310870622391565,-1.7897140178514759,0.007209057718681669,0.0001984577513169131,-0.04856641887261046,-0.025037814050322644,0.027912322573727576,6.957967726947492,0.008898349158083222,0.05895949299801036,0.017871174186816302,0.03453447112430746,-0.028018064851080184,-4.267922973765985,-0.0030722892708931753,-0.013144795519986388,-0.029573838524480964,-0.006847499703403587,0.0028767326188346215,3.4367854646979317,0.0015612386800850204,0.022737960883816792
2020-03-31,-0.1263960753557826,-0.005919563708640424,-0.009265243827059462,1.3106283148837918,0.005349821889456505,-0.009082654940108029,-0.006430110675116034,-0.0018683048139137711,-0.027731666483327953,-1.6367194194755452,0.007606097063615566,-0.0005598674089231059,-0.05144177328655232,-0.03045114076497601,-0.0027814544648120526,7.245185017433924,0.009598839209497742,0.057655266513090955,0.017241290781194983,0.03357820881827762,-0.03567921656895051,-4.2139199736706425,-0.0029823511319627843,-0.013238901604360472,-0.030185548303368483,-0.008056958390360918,0.0008740380669050548,3.5045002426310323,0.0017808743372809256,0.02232568336073739
2020-06-30,-0.12468005892332379,-0.002627369058242239,-0.11356442819824177,1.0095286442245819,0.005202159462784849,-0.010189314173715104,-0.006074386825780836,-0.0010512485264167935,-0.05180504688009898,-1.7116150483369301,0.007559589249553347,-0.0008140255518830647,-0.0517602691239977,-0.031048890379758057,0.01633099596659195,7.299838893642403,0.009624680570422733,0.057858155138286016,0.017046582461996113,0.03330880722054999,-0.025709545094917918,-4.18913313087888,-0.0029785427491835627,-0.013130031455896874,-0.030317300038749585,-0.009133882735164436,0.014488519776591274,3.5944096916439947,0.001940848842198587,0.022354940495584612
2020-09-30,-0.12330681775935291,-7.423275255288804e-05,-0.0839935971393869,0.8731586711127485,0.00488152970374526,-0.009535989930456581,-0.006308020532532303,-0.0015164687003579498,-0.05653312024775882,-1.6864069983794505,0.007620918229681025,-0.0009362058294400076,-0.05265703992205047,-0.03270084095714191,-0.0031379742763178982,7.387977896525174,0.00983051689005666,0.05743846529022711,0.017312568662745553,0.033709764072640334,-0.018762912602490158,-4.211658941223203,-0.0030151108841144393,-0.013076370874687758,-0.0307020143791254,-0.010272230480793329,0.015615645745537624,3.671450324537767,0.0021303822402571823,0.022151386703198297
2020-12-31,-0.12095491668238093,0.003866219872515822,-0.07424749882785939,0.6570477681120815,0.004409098449160083,-0.00815888383769621,-0.0035168673917087235,0.0033609076038336673,-0.04467176097483231,-1.951308829562453,0.007001814202638926,0.000848370957685669,-0.051929188120270364,-0.03148878865399163,-0.00012825177279980398,7.321369195930808,0.009686514867307577,0.057858504825514336,0.016339985081963784,0.032329032079983645,-0.023133219598706883,-4.12759154326326,-0.0028999623133606246,-0.013384037329332556,-0.03098511453509128,-0.01083116964816614,0.015391344545717731,3.7044844540760757,0.0022234523370375735,0.021965357992018843
2021-03-31,-0.12019546005262037,0.005175865343085755,-0.061379205629894594,0.5847138650215546,0.004264544259914616,-0.0077808124781733635,-0.0021057597907017736,0.005912356122365795,-0.021251568764234806,-2.09089198510384,0.006698900933187327,0.0016438678941036317,-0.049911463970412684,-0.02803313898869792,0.034176787286264575,7.130156512522041,0.009309432689250944,0.05884314804107571,0.01653709744557476,0.032614639029769694,-0.019344158330194705,-4.144904934490694,-0.002920238339234314,-0.01334176555844853,-0.03042787866329723,-0.009847045989537983,0.020280522379609933,3.6506201473107405,0.002058572693295452,0.022347176412115477
2021-06-30,-0.11980113580083533,0.005872236041827138,-0.03644815274580103,0.5503387409092302,0.004240821561661386,-0.007703485405875621,-0.0021793853062687667,0.005776471610235595,-0.02584760928751199,-2.084246597737027,0.006705570091941178,0.0016231623686776202,-0.05009563627974481,-0.028356394407850406,0.022510317369815028,7.1461375448297195,0.009319764268483776,0.05880917317467078,0.016629087590809378,0.03275694919778397,-0.013057466313106447,-4.152357710868936,-0.0029175252832217614,-0.013349382443825893,-0.03042043571837252,-0.0098353841541527,0.02048090127264851,3.6500831117917962,0.0020567580033058826,0.022352401961596345
2021-09-30,-0.11988204246603748,0.005739463069352338,-0.038347487987247894,0.5557314575702597,0.004249872051689172,-0.007750396586929359,-0.002535246730507909,0.005188573134568065,-0.034091648634702716,-2.0607508280650277,0.006750775634815847,0.0013986107969758829,-0.05001581057104319,-0.028225587709709683,0.024390004922339274,7.140811656737016,0.009311025511718697,0.05885480816400473,0.01679225522624585,0.03300396567684234,-0.008625013149925663,-4.163241842709968,-0.0029225555496275955,-0.01329951390244841,-0.030548375115232642,-0.009999673623005873,0.017878755417261766,3.655994799834358,0.002079962476685961,0.02225887679084956
2021-12-31,-0.11921296248423617,0.006834053892304611,-0.034117725593763644,0.5167803195206283,0.004157034869642578,-0.007272875662972162,-0.0031606763234153963,0.004170898342034459,-0.03788131879490288,-2.024904613350274,0.006845147831582725,0.000926337310504286,-0.04994812236360068,-0.028114850136949462,0.024821143997228793,7.136864738607872,0.009301773703602799,0.05890263832531324,0.017845256488219812,0.03461879747918618,-3.367795801692393e-05,-4.224141843326097,-0.002982393200637552,-0.012835684912492026,-0.030242594054745234,-0.009634401428314912,0.020337243328058217,3.644080239098686,0.002029756498704856,0.02248541776793011
2022-03-31,-0.11980642314231638,0.00583149772923226,-0.03825980860602703,0.5457542694661093,0.004229669527460572,-0.007686803232708484,-0.0035190872788932463,0.003573111969495149,-0.04013607675565075,-2.0075903388973226,0.006893942240819461,0.0006599620207343725,-0.04897453103514551,-0.02646844608451027,0.031716689107536944,7.0892990683729575,0.009184881751414164,0.05957414331509651,0.01760252993510522,0.03422618425875157,-0.0024325928060311497,-4.21289903627791,-0.0029748522876313016,-0.012932727597194358,-0.028638603401670855,-0.007763121042259549,0.02780531191586101,3.590050414880311,0.0017838678580546022,0.02367302828520485
2022-06-30,-0.11935841098875256,0.006249740022627886,-0.1145628138062561,0.45804722429746747,0.004108625931713581,-0.007473280731090191,-0.003560784569893348,0.003530464039916073,-0.03235591270043114,-1.9984045421820076,0.00690624583080677,0.0006415717296951114,-0.049080780594947,-0.026566541202902753,0.04964846208125719,7.109839423369128,0.009213299634104836,0.05952320463059188,0.017445422000486155,0.03410754100533298,0.022317410212390164,-4.186164688478257,-0.002939015985126657,-0.013005228762438696,-0.028281179877118617,-0.0076584189821278575,0.048688863853831824,3.6192803519506334,0.0017795500633906371,0.023978875529657585
2022-09-30,-0.11963411795816305,0.005760866130988417,-0.1224945715177445,0.45426129216515465,0.004127233395644439,-0.007745067009887872,-0.0034495609969167388,0.0037134397368902583,-0.029368684617592188,-1.9968015377634871,0.006897580576148058,0.0007525253672269564,-0.049383713729433724,-0.02710874025280439,0.040833236787024614,7.105658677537634,0.00923307391887875,0.05922559826485491,0.017260367237215104,0.033737895042407415,0.01456115319491032,-4.191984604668222,-0.002951304283379189,-0.013138059405540584,-0.028616315446232422,-0.007867269476136028,0.04163899041739108,3.607865385867539,0.001797924146604974,0.023708499046723393
2022-12-31,-0.1195631215326221,0.0058830054240019344,-0.12335251888525371,0.45072997344540294,0.004112856998223443,-0.0076830091563050915,-0.003668289611837258,0.0033406367389533266,-0.02689762473244345,-1.985948702663958,0.00694371250418903,0.0005545994747915037,-0.04789688847089174,-0.024549864773159194,0.02269553075967219,7.031753624223294,0.008934451459431862,0.06051642169143328,0.018351772873453655,0.03548772561024841,-0.002122935183595794,-4.241157540454822,-0.0030835753820691136,-0.01248796181546282,-0.026574487134921793,-0.005531540146471362,0.033269182699534286,3.545560196297033,0.0014492958543656468,0.025246668188253864
2023-03-31,-0.11896776885727187,0.007020669072201433,-0.12494510509664612,0.4167556489428848,0.003930288662219069,-0.007122074726020337,-0.0038439092712502176,0.003001589023115136,-0.026371682906159998,-1.9754898410097956,0.006999444851641605,0.000381804675954204,-0.04988224252892913,-0.02833446099617141,0.02792461097382807,7.144256253215611,0.009539281523905199,0.05866112915834125,0.0183083810203069,0.03541500980359821,-0.0020370065420885646,-4.23920100965517,-0.003074028634656246,-0.01251449410081188,-0.027416241114390793,-0.006604081550494018,0.03636364842118492,3.581414114118988,0.0016392718364966418,0.0246134075798321
2023-06-30,-0.11816953391045093,0.008621520842131839,-0.12427435296839026,0.370641723898057,0.0036458460731139276,-0.00633150119095186,-0.0038745241424311128,0.002939012595569952,-0.026385958192885157,-1.9736025328903264,0.007010785535618606,0.0003500351245046991,-0.051035853376386775,-0.03063969470158467,0.02689620616811641,7.210226865698458,0.00994753187517035,0.057528443064086277,0.018480220573774506,0.03571064010088715,-0.001669575923886427,-4.246445946004901,-0.0031192796846524935,-0.012405260870821016,-0.029240805789815996,-0.009051586212528363,0.040661958575220945,3.66851308963661,0.0021147840710333578,0.023236275966328983
2023-09-30,-0.11890249036117717,0.007124464306969576,-0.12466258675605552,0.41436644842687737,0.0039252812233290515,-0.007070434331106989,-0.003982230934854651,0.0027135531220239557,-0.026415811444279895,-1.9666920969919046,0.007053590142146892,0.00023598374745846166,-0.05046946913189474,-0.02948786078184891,0.027216627648856028,7.176814907210592,0.009733132507383665,0.05809434177332521,0.018828152103232132,0.03631196557298304,-0.0011281972538349353,-4.261313081148036,-0.0032186149928367927,-0.01218138903319464,-0.03071866109063926,-0.011107923155914086,0.04335772060852506,3.744973738235875,0.0025361950836451023,0.022119277860249212
2023-12-31,-0.11822914847754507,0.00887094344396197,-0.0905845439624891,0.3880106307375287,0.0035230243671480637,-0.006194039790748626,-0.0036904573747484053,0.003491526385054969,-0.01291877827421703,-1.9810259153739076,0.006874107045162407,0.0006344402912122211,-0.05015623261097167,-0.028679543277893935,0.043261904075517006,7.16501727675177,0.009547008642029248,0.05849832118439331,0.018590986538528653,0.03580214446776487,-0.01763648221531205,-4.261428631345695,-0.0031028580625086562,-0.012372508107957585,-0.03155213190366956,-0.01225072637838749,0.036642302023613,3.780775824719798,0.0028022749644241785,0.021472551540013513
2024-03-31,-0.11732437735068661,0.010617350403746418,-0.09974567296645946,0.3360990543791587,0.0032282505100909385,-0.005322616737980074,-0.004628701967852016,0.0016497149768293186,-0.0040359186661194394,-1.9243066688474024,0.0071933903694417645,-0.0003110076915034313,-0.05029243007883986,-0.028941609240454927,0.04465321844742195,7.172768938055275,0.009591053859673297,0.05836822882024752,0.01837832815322679,0.03544518508296296,-0.015008937728269348,-4.251942784379522,-0.0030526176711255654,-0.012506551528030315,-0.03241443428421468,-0.013449346139728282,0.03922142968986212,3.824929650903345,0.003047783716292154,0.02082102637153557
2024-06-30,-0.11711267978115478,0.011092662569326823,-0.09535120339356984,0.32555033017623886,0.003131937735091238,-0.005087663324234155,-0.005040094360374337,0.0007044528843946227,-0.011722934455930577,-1.901220325633097,0.0073869447169976525,-0.0007901332025732808,-0.050776905306608625,-0.030024699535413316,0.034456221333401774,7.196456030009311,0.009810139604306949,0.057835357032801696,0.018629005917126754,0.03591973973628817,-0.007842901523744433,-4.258238706023559,-0.0031413635264337996,-0.01233189348953234,-0.03368063054620407,-0.015204495308517248,0.03526993100545133,3.884425795604434,0.0034349318300390757,0.019850978849486403
2024-09-30,-0.11676945226476458,0.011797113243672344,-0.09414375531694036,0.307265439944866,0.003004992769357147,-0.0047408173803689235,-0.004509090311544224,0.0018163907999931644,-0.009956531682654809,-1.9317326521892402,0.007181909447455301,-0.00022671193117723983,-0.050663765835554986,-0.029793335562774113,0.03485786753160649,7.190499335611854,0.00976859845471805,0.057948677401904264,0.018627684931637103,0.03591740683089878,-0.00784934736396644,-4.258190692997503,-0.00314100175519958,-0.012332746422255823,-0.034174892311826965,-0.01588753320192763,0.034706088166106215,3.908009636434766,0.0035808267831732524,0.019474403677265325
2024-12-31,-0.11678634072649444,0.011764335304777693,-0.09402523745318503,0.30827175851229205,0.0030105136983621323,-0.004756633501316164,-0.004288011002411004,0.0022535047949590026,-0.011468532972820949,-1.9456314768797491,0.0071064192922154846,-9.284100343001216e-06,-0.05083917752517203,-0.030132626033936395,0.03609311259040231,7.200865422426425,0.00982551558711468,0.05778585780062393,0.018269310926985232,0.03531484966139994,-0.005093032158090454,-4.241551157424558,-0.0030557648724749233,-0.012547890643572672,-0.034761838200231744,-0.01671060916716086,0.03676857229895898,3.9390166272682445,0.003746548127686674,0.019033241183417534
2025-03-31,-0.11741147750356502,0.010544344607373855,-0.09728485951325787,0.33389088219694496,0.003185290329707349,-0.005352371572836701,-0.004863305358628187,0.0011334033186454543,-0.013932405073344688,-1.9204555915487216,0.007274093407707637,-0.000580169211470636,-0.0501859054490697,-0.028858395404412433,0.03958418894386004,7.17437703487015,0.009644244270774151,0.05840360607623946,0.0182555141089876,0.035290141376110265,-0.005208616625348585,-4.241180280692698,-0.0030531476362214574,-0.012556444918012858,-0.03515963607441099,-0.017231594463219455,0.03730479199897221,3.9558172059500096,0.0038465807734850924,0.018732371119514864
2025-06-30,-0.1167263156542922,0.011852207470843628,-0.09612152659804475,0.3018377429219293,0.003002459893813883,-0.004729576100051796,-0.005053292625114088,0.000770391304393365,-0.01419678957801406,-1.9112182677560388,0.0073269231035015675,-0.0007608523350776704,-0.05090191950665273,-0.030223732394295495,0.038336996288597845,7.207651220548825,0.009833864457444413,0.05775821999972302,0.017834949667671955,0.03456080821182048,-0.006455619938602218,-4.226166803419697,-0.002977080059374098,-0.012801785075887605,-0.035225620775300094,-0.017316050015081214,0.0373902986304374,3.9584285012070866,0.003862080203282069,0.018682565229627062
2025-09-30,-0.11618530097980719,0.012846325753756969,-0.09357899271968201,0.2682027346348994,0.0028700709295173517,-0.0043000798720008206,-0.004764745104834292,0.0013082171985548707,-0.012970222922415947,-1.9296350211727158,0.007252052218498407,-0.0005172160014719193,-0.05079635108023544,-0.03003027917442681,0.03883981835279514,7.2011164478475935,0.009808285226824991,0.05784113883724531,0.017493716439725353,0.03400446240625036,-0.008642950657284338,-4.207755023375115,-0.00292247718071605,-0.012966605608797114,-0.03558419889893626,-0.017788940660222102,0.03740246824388739,3.974699736564333,0.003945879425865329,0.018414834596281796
2025-12-31,-0.11623526731469812,0.012757443553155147,-0.09339888460059165,0.2714767383409663,0.002881270377119734,-0.0043380973350626816,-0.004691692706421801,0.0014398884696209227,-0.013231642021302102,-1.934533970695456,0.007234670891249097,-0.0004582501610517083,-0.050515727983316785,-0.029532345096575225,0.03782755102186147,7.182796262143612,0.009746015837130558,0.05805247177017298,0.017024564535213303,0.03325896522897469,-0.00695316689015736,-4.180298241344813,-0.002854871877672504,-0.013186715755371477,-0.03613939498270815,-0.018540946694299208,0.03894455707010345,4.00344010639287,0.004072110500966378,0.018005897225428554
2026-03-31,-0.1170619050252793,0.011330388724514738,-0.08607262912698396,0.322105546823279,0.0030361902052108997,-0.004951963284633807,-0.004160976361891959,0.00235924289018647,-0.017814260181575788,-1.9674131244708843,0.007128823646125208,-4.19584355266067e-05,-0.04957383945671444,-0.027908207246704432,0.029448741968954535,7.125226112234126,0.009571385254877563,0.058745199958879675,0.01707035715802477,0.03333150555197478,-0.007400577226617461,-4.182876605228802,-0.002859954091736406,-0.013165408333069832,-0.03557905080347594,-0.01779489526160881,0.035629776367468446,3.974751680807117,0.003957271300416355,0.01841553086584892
2026-06-30,-0.11711573647892297,0.011504281766208426,-0.003549506452941726,0.33262156718488817,0.00300545224122902,-0.005021307352997735,-0.004157801385774658,0.002347304395286212,-0.022452398991077357,-1.9679322115564222,0.007131096277835201,-3.9202778894564204e-05,-0.04955532116849659,-0.027967323015901043,0.0006517688220315569,7.121500317173266,0.009581709692392772,0.05877016260478252,0.01709995763955346,0.033237989189494103,-0.07913492085707007,-4.194311327096154,-0.002848640337243169,-0.013079038245978346,-0.03580078923144679,-0.018049947600934934,0.021863105294862874,3.9766952096421666,0.004011552954310119,0.018240542684582643
