,Static - Unconstrained,Static - Unconstrained,Static - Unconstrained,Static - Unconstrained,Static - Unconstrained,Static - Beta-neutral,Static - Beta-neutral,Static - Beta-neutral,Static - Beta-neutral,Kalman - Unconstrained,Kalman - Unconstrained,Kalman - Unconstrained,Kalman - Unconstrained,Kalman - Unconstrained,Kalman - Beta-neutral,Kalman - Beta-neutral,Kalman - Beta-neutral,Kalman - Beta-neutral,LASSO - Unconstrained,LASSO - Unconstrained,LASSO - Unconstrained,LASSO - Unconstrained,LASSO - Unconstrained,Benchmark (EW) - Unconstrained,Benchmark (EW) - Unconstrained,Benchmark (EW) - Unconstrained,Benchmark (EW) - Unconstrained,Benchmark (EW) - Unconstrained,LASSO - Beta-neutral,LASSO - Beta-neutral,LASSO - Beta-neutral,LASSO - Beta-neutral,Benchmark (EW) - Beta-neutral,Benchmark (EW) - Beta-neutral,Benchmark (EW) - Beta-neutral,Benchmark (EW) - Beta-neutral
,MKT_RF,SMB,HML,RMW,CMA,SMB,HML,RMW,CMA,MKT_RF,SMB,HML,RMW,CMA,SMB,HML,RMW,CMA,MKT_RF,SMB,HML,RMW,CMA,MKT_RF,SMB,HML,RMW,CMA,SMB,HML,RMW,CMA,SMB,HML,RMW,CMA
2000-03-31,0.7946966737376213,-0.35295891359754644,-0.4795687622624707,0.9879770608130554,1.6664166388240649,-0.36432632172845836,-0.15152201024610043,1.0682017185749217,0.47072416456835564,0.8892313027101195,-0.08262117183867465,-1.0228044599918098,0.19607701568627342,2.4618771373853416,0.10144134222512967,-1.1667546662808013,-0.2850498870171726,1.832742862067236,0.8619818287095716,-0.23939681711300603,-0.8452360924827269,0.4623191466588168,1.3980970586880674,0.2,0.2,0.2,0.2,0.2,-0.19792784245493467,-0.7796574039448271,0.2382448226996079,-0.1504195167593918,0.25,0.25,0.25,0.25
2000-06-30,0.4980495650835488,-0.5200031401589956,0.14639723374392902,0.7844685516813754,0.050540451585142164,-0.5084439669248945,0.44382854846059183,0.6981002005046508,-0.926415115499159,0.3835561039005465,-0.44152076425580894,0.7341198985740556,-0.7723029496348981,-0.8918762118870306,-0.41419241394312567,0.9910315076590299,-0.971636549852383,-1.6749063000456186,0.9499621391491484,-0.3001989498092718,-0.3992648707505926,-0.20178857146976192,1.7544745498758916,0.2,0.2,0.2,0.2,0.2,-0.3058932807095176,0.08457194401772712,-1.0971478136966173,0.29154219560470346,0.25,0.25,0.25,0.25
2000-09-30,0.7595451603296295,-0.5645379245316372,0.1872950110413354,0.3962538853746487,0.2478438377196727,-0.6680335314673006,0.8283931762940455,0.17539618065618479,-1.5945973993877223,0.6098273413249388,-0.3219716296270904,0.5674604402684761,0.33430685260407045,-0.45941211991146963,-0.2941594705814524,1.076578063561916,0.13938232105424478,-1.8950183698553216,0.8154703146082409,-0.06915813069516837,-1.2699637695207147,0.4806292954652361,2.1564029374709275,0.2,0.2,0.2,0.2,0.2,0.08699731681539398,-1.3672627147149914,0.3110616993751656,1.1361343189273956,0.25,0.25,0.25,0.25
2000-12-31,-0.27676127841339665,-0.4005852604387854,1.094388706504137,-0.3621584964909392,-2.3991464106319116,-0.45792675811549693,0.9822797731504989,-0.281712879052861,-1.9993271598545057,-0.1774016996798164,-0.2812683758626415,1.3900058135925766,-0.23744835563644007,-2.2384423756453464,-0.3119670821522799,1.314681920533037,-0.18201105646447568,-1.9646127298643439,1.0343406134599877,-0.1347176801589999,-0.6191444335617425,0.44409236706709915,1.8709794048671797,0.2,0.2,0.2,0.2,0.2,0.09021284892233364,-1.1812908387694752,0.8327213395133162,1.92318724544094,0.25,0.25,0.25,0.25
2001-03-31,0.04937306192040796,-0.4924705439251171,1.075350085825625,-0.3835329808251972,-1.77486516283857,-0.48393396734352456,1.10278508909103,-0.3940395650737083,-1.8568915479888661,0.8239330745168597,7.04019304419965e-05,-0.9234090258519508,0.24796035248434084,2.431987843954887,0.252076618504932,-0.8082512285753698,0.13312955554126404,1.8246445289395596,1.0112273743321492,-0.13694587002053593,-0.38910868172663116,0.22275356405338373,1.6557182874097685,0.2,0.2,0.2,0.2,0.2,0.09784827666396696,0.2252076369618739,0.2053817423988855,0.5693669725130084,0.25,0.25,0.25,0.25
2001-06-30,0.39856141526005434,-0.7112347165908923,0.7649936877776661,-0.21631724928499274,-0.8044812098293397,-0.7493647378643938,1.0541998589740025,-0.33638038199579035,-1.603578307562881,0.7534142944752545,0.11990247341805092,-0.8882618286562247,0.1838380520946417,2.4231893231242827,0.27203544880133873,-0.8161818775085921,0.02003652505847914,1.862718634720248,0.9108974716710301,0.010385833870285003,-0.35694066878686337,0.34460781625998865,1.5874277324105506,0.2,0.2,0.2,0.2,0.2,0.00110065768811821,-0.06346255764399283,0.431016617211341,0.7425741260336461,0.25,0.25,0.25,0.25
2001-09-30,0.5029488085870003,-0.715336473971409,0.5518417034146449,-0.08352196803948203,-0.4807241707367666,-0.7971897399958496,0.9317556354856732,-0.23026639059269816,-1.525111043228354,0.7480149246489983,0.28794190892311966,-1.1102182933117344,0.29676289859570343,2.504440311806765,0.5132120318701723,-1.1405681266704866,0.19524838753243023,1.957492955048434,0.9477661208994238,0.05485122000174752,-0.37182162698349,0.18420201427361524,1.7551520883786653,0.2,0.2,0.2,0.2,0.2,0.13734991952297995,0.03157670387825248,0.030126470533091906,0.97576707514995,0.25,0.25,0.25,0.25
2001-12-31,0.6068260210844328,-0.6710907854898689,0.47594260873493155,-0.20510518866671495,-0.014379462555141427,-0.8009333712231828,0.9685856990169702,-0.42497106348752567,-1.2648505730837882,0.8148124469301862,0.11053997092089025,-0.9908236955383465,0.3637576030379382,2.3254284576599713,0.27960500926762677,-1.0483439998393707,0.32724811738942283,1.7469223977481492,0.6811621184880888,0.055871240756078695,-0.3087994779423453,0.15216047858548254,1.7970761627938265,0.2,0.2,0.2,0.2,0.2,0.06535972798137939,-0.030720239493272593,0.028344832882347328,1.0004738632270638,0.25,0.25,0.25,0.25
2002-03-31,0.78537237620648,-0.5843124263481755,0.19012710055786208,0.02712434916849771,0.5037396114171863,-0.8700918279599825,0.9053477132032606,-0.22547022553511606,-1.2322233340457165,0.7140810464376343,0.2749843408641338,-1.2864911971797652,0.32585448530297445,2.405691776018016,0.44630367021196554,-1.347257132483298,0.246942834928739,1.7787814209350346,0.11094997363953381,-0.09158740024509675,1.2215595248163058,-0.28133376092052753,-0.82569791396959,0.2,0.2,0.2,0.2,0.2,-0.09384475451398946,1.276536795985517,-0.30567419618849095,-1.004187692989384,0.25,0.25,0.25,0.25
2002-06-30,0.7294101972340553,-0.571637822464836,0.442205025663344,-0.11954510800818675,0.2001547738038157,-0.7319919828048771,1.0868982199489758,-0.35090617981531463,-1.322209356793832,0.8313633239731513,0.14372811225129709,-0.8114128213920121,0.36478070054969775,2.0135772568817845,0.45116165839422295,-0.9244794683908274,0.4428945954560802,1.4750240938584365,0.6594003982862872,0.043669620373609615,0.4209763911584465,0.3150261943557441,0.39246771100194316,0.2,0.2,0.2,0.2,0.2,0.10833119365725805,0.8873561023997631,0.28705902773931635,-0.7317925449396937,0.25,0.25,0.25,0.25
2002-09-30,0.8636851858721284,-0.2907460042575207,0.12635579007198358,-0.2220130624742951,1.026295613287807,-0.41854088706842035,0.9881878415253825,-0.7514534698218697,-0.5843510398697623,0.8522084508753006,0.0814070005566756,-0.8111879711794447,0.3118588802856726,2.0321203930917866,0.3305893082820318,-0.9114533056097608,0.3363077197630725,1.4589789296215487,0.4333400690659698,0.2128532964964931,-0.37431275648257645,0.7846696451317491,0.7542377721772173,0.2,0.2,0.2,0.2,0.2,0.24764870282751408,-0.22683975133266837,0.7906142052879929,0.13205916583126676,0.25,0.25,0.25,0.25
2002-12-31,0.7524486583793755,-0.23633724746544063,0.10521989726361672,-0.05913348179839098,0.9199693127687797,-0.21030611616789743,0.7218965585820326,-0.7308311805979841,0.16254083614754755,0.6377301511604593,-0.09515645146465807,-0.5697273176771054,0.7935398314393663,0.9446635357127462,0.04917246764050668,-0.6370045030918574,0.9223831177414687,0.3488912197349405,-0.09676316393767055,0.29781942664978506,0.2984452839206946,0.030357168627166656,0.38891461192811744,0.2,0.2,0.2,0.2,0.2,0.2879906116839748,0.27835367714208764,0.07282669656126142,0.48146972828061635,0.25,0.25,0.25,0.25
2003-03-31,0.7484707026042842,-0.03262144936199375,-0.12889105153964422,0.4278614379585777,0.994464697405823,0.2778322038582218,0.06126898887660566,0.37546568612955084,0.5273012385956034,0.6511150126232441,-0.0714966961658255,-0.8766821182983766,0.49589430457052647,1.5285075102771175,0.09304529677825032,-1.2165292733708086,0.4238551374485701,1.3975560761322794,-0.04988940901411628,0.186096424522558,-0.1977391750497125,0.007971719037948818,1.06289541483226,0.2,0.2,0.2,0.2,0.2,0.1810941709627263,-0.20715861002672886,0.03190991093851498,1.1054837203949621,0.25,0.25,0.25,0.25
2003-06-30,0.6968551725799882,0.045114119987343645,-0.28827002697482784,0.5444504888697809,1.1060321330831893,0.33804592413706125,-0.23525355276097104,0.5318307071792533,0.6999517273651064,0.5384368834487238,0.031737926426608054,-0.9431177085109907,0.8042510123777155,1.1199672855435598,0.17944282885514867,-1.080650266334133,0.7961802994036448,0.7311249950565308,0.09570104191518694,0.21810277044814189,-0.7699416122967423,0.8956130124960756,0.6690232237722711,0.2,0.2,0.2,0.2,0.2,0.23071257343038326,-0.7600263178621525,0.8588342443962503,0.5953081980987968,0.25,0.25,0.25,0.25
2003-09-30,0.537132052475665,0.12130402081359581,-0.4513666504164392,0.8139126770210763,0.9608191900718196,0.3284186438492199,-0.4296783464602744,0.7569898597223543,0.574472660886046,0.6680022199614479,0.17758424662009226,0.17067963938372513,0.19373408250545196,0.6529476286119013,0.5893174259169729,0.5904110395042972,-0.20383762534898703,-0.014161377683806818,0.4076557127690673,0.18559747660753032,-0.5514719068761659,0.4322038280112553,1.3361648145245721,0.2,0.2,0.2,0.2,0.2,0.29215425177526094,-0.5369007985274525,0.21433996079977602,1.230121612369197,0.25,0.25,0.25,0.25
2003-12-31,0.5375170090948886,0.07277327858734922,-0.371677318049104,0.8554904622145767,0.8157752763268857,0.26211625479237205,-0.3210348917284191,0.8067323929725089,0.37792237457815897,0.6605919774232342,0.20994836365286135,-0.5828822651229539,0.4189813272849877,1.4053242626022575,0.6180273254359241,-0.7203353399289931,0.19352574582325296,1.2810753916541906,0.3918439119005583,0.23648233148055683,-0.8343183376686577,0.624951615146338,1.3412543864849629,0.2,0.2,0.2,0.2,0.2,0.34325428609213343,-0.857412663925416,0.44635973575169124,1.223809709611322,0.25,0.25,0.25,0.25
2004-03-31,0.49509906338004217,0.09630470742747187,-0.3128614467418546,0.8753340513338295,0.7040336297792297,0.27250212165341314,-0.22958577558678311,0.8060205738747289,0.2783349802951967,0.6903878325052492,0.047022996362821555,-0.17155183184721612,0.42061700060326396,1.0577099608178657,0.4168784795822681,0.02568827262136339,0.16484701314902145,0.7513000263738483,0.5641744549922073,0.08109554613245927,-0.38952487679171094,0.39608780626408097,1.19237969332696,0.2,0.2,0.2,0.2,0.2,0.25691548924147334,-0.32833357820044523,0.025625207329789082,1.1981145705372596,0.25,0.25,0.25,0.25
2004-06-30,0.48344135425603857,0.18890760456373037,-0.48786838862846377,0.8087596021720258,1.0311863582438798,0.37813362401939116,-0.4512276680281183,0.7162063497789788,0.6990079712891029,0.7130894103108165,0.033499832875024026,-0.07630613244845635,0.5238656069996981,0.8268731702502805,0.4294070024377652,0.2344693594009164,0.37734728433204284,0.28068107991921765,0.6284054650235754,0.06579212670842961,-0.39147660566436987,0.474848908464861,1.0901886981807742,0.2,0.2,0.2,0.2,0.2,0.29820243541438063,-0.38064514147726075,0.1049784726209385,1.1727394405434564,0.25,0.25,0.25,0.25
2004-09-30,0.44747354501462777,0.277844953205616,-0.6167944431301196,0.6479153179730628,1.342482211793762,0.45946473026868795,-0.5989667772892431,0.5115553091457079,1.0925751363282277,0.6911814384779728,0.033741476016699135,-0.3818559761509465,0.8291222297120002,0.6944279725498749,0.37417600598974415,-0.3827063122859015,0.9262243950298298,0.056956878847069875,0.6376328092541351,0.1148777027003369,-0.4587748842140779,0.593310395022826,1.0121807963708855,0.2,0.2,0.2,0.2,0.2,0.39583253220531117,-0.5100053507096738,0.30884229203594527,1.0705647028090126,0.25,0.25,0.25,0.25
2004-12-31,0.45064484115904296,0.2777580597235779,-0.5951433174768143,0.5241675076404083,1.3939512364277689,0.4707810403089965,-0.6179698852807338,0.35898363329434574,1.2223602795383388,0.4403133390438616,-0.0835768716324083,0.7444691082369619,0.474435024466382,-0.7676755045650667,0.03205725243439426,0.983496338934054,0.3022458027698225,-1.3573229332750547,0.603714538615783,0.12186057414644752,-0.17365231854175112,0.5149525834647225,0.7896027887334591,0.2,0.2,0.2,0.2,0.2,0.36318832118034466,-0.05281440696247788,0.15947164443654066,0.7559502743661343,0.25,0.25,0.25,0.25
2005-03-31,0.3826085238666866,0.3366661039255944,-0.6482822812912735,0.5521331519686116,1.391706435697726,0.49400098341859566,-0.6542518219242912,0.4051292900295314,1.2124982980552224,0.5247691374735869,0.024679957673307388,0.7044517158344002,0.42485191369375036,-0.4875269270814861,0.21030740375600784,1.052171221363525,0.2065889958373765,-1.2194678980111344,0.6286355609140806,0.12303292157508013,-0.11204596100252417,0.47641071938394963,0.7363683717365432,0.2,0.2,0.2,0.2,0.2,0.41004378199565555,0.06042653911178042,0.06934683938584481,0.6950474741903943,0.25,0.25,0.25,0.25
2005-06-30,0.4501656117904597,0.2909432955513019,-0.6194978151067668,0.5799990869843679,1.3676448226157631,0.49387889361291765,-0.6558209336683175,0.42023032453450115,1.2020857252546397,0.5276755147800135,-0.08836871057609111,0.7495322089400831,0.41289121723115274,-0.48711926353747415,0.06977617389175943,1.0955211894404313,0.18849100312082592,-1.201521802281001,0.6192139913959158,0.12386745033072637,-0.0414000918209173,0.4777648335373959,0.6562126537933358,0.2,0.2,0.2,0.2,0.2,0.42840252386556765,0.12514018946303893,0.09115670627853918,0.5992955741989204,0.25,0.25,0.25,0.25
2005-09-30,0.4303723314039198,0.3218140931992055,-0.6512840738717666,0.5763676574795618,1.3831619670172979,0.5131775465022794,-0.6880821149122734,0.4197729218904545,1.2208201703054473,0.536636504930707,-0.03177024120634826,0.7348286479080846,0.41990999824444525,-0.4537619241398735,0.14767895233442138,1.0796645373207303,0.19412516109830377,-1.1669680510995801,0.607740925594842,0.1432482228701168,-0.01659573174114925,0.46823383370630606,0.6375207336502061,0.2,0.2,0.2,0.2,0.2,0.4383270396482753,0.13064429731596608,0.0868056967509556,0.5934032711170387,0.25,0.25,0.25,0.25
2005-12-31,0.4750921053841551,0.27243916007899827,-0.6154775460178958,0.7381021078271851,1.2243600148291889,0.4888911239052685,-0.6693837689037343,0.6108645366546074,1.0383671235766307,0.5542047318558087,-0.006439271768575105,0.7754753388054332,0.3248200932932102,-0.40771662005819637,0.19180531708735007,1.153306077085171,0.06285198523560959,-1.1404856722578116,0.601218512733406,0.14563102059256916,0.0475662812452586,0.4238551189363078,0.6058446422585416,0.2,0.2,0.2,0.2,0.2,0.4262671452100478,0.2145315351400568,0.02935074028039361,0.549716532546596,0.25,0.25,0.25,0.25
2006-03-31,0.5245153664953776,0.2363396892388615,-0.5427172382094178,0.7838042337170888,1.1155902675071594,0.48986296506476706,-0.6084392130372328,0.6746880099003236,0.9141404151684392,0.6137628761460718,-0.05341610994779333,0.6666329003828323,0.4055919184192634,-0.25826587181291694,0.16967228992951555,1.114665209730662,0.14881443064221778,-1.0920968453556439,0.5925624193772566,0.17997886420441342,0.12206427828914636,0.42253957075712706,0.49076277718351036,0.2,0.2,0.2,0.2,0.2,0.49068216904208484,0.33621830435482475,0.04570115282092264,0.3420509702917658,0.25,0.25,0.25,0.25
2006-06-30,0.5826262432454201,0.10780470729714822,-0.4265281478838953,0.8730226746162515,0.9160983607080869,0.3687282501855291,-0.4838825688967588,0.8132050922262541,0.6455944849158467,0.63600444353211,0.14883444030147766,0.47889061010765605,0.3968027492563965,0.11821476384702857,0.49273202892985263,0.8714060138358625,0.12398645051081476,-0.5797930565539858,0.5708711196919332,0.22456909114096327,0.1371182396705373,0.3865866031549816,0.4945975641408426,0.2,0.2,0.2,0.2,0.2,0.5199168615717505,0.3388202674948525,0.004145857378349451,0.3480931612384952,0.25,0.25,0.25,0.25
2006-09-30,0.6309480100647505,0.11626493458397433,-0.36806122569600197,0.8565868438120571,0.8585936045095032,0.43953417228190317,-0.4375389431693291,0.8212584111831792,0.567762837269112,0.6409685765754575,-0.054387770194827496,0.5992707408910606,0.38319265817633885,0.03506546391758661,0.1896268968358753,1.0488673762500975,0.09999842942179636,-0.7037292766383928,0.5566465224908684,0.14962304505835275,0.2837907653450259,0.29416551970340693,0.4390844671333579,0.2,0.2,0.2,0.2,0.2,0.38801193879005236,0.5454843464116529,-0.12993469884481212,0.27535092054264754,0.25,0.25,0.25,0.25
2006-12-31,0.647798340271712,0.14749125307014604,-0.18480364328331386,0.8511418642146995,0.6245487026932276,0.49792694248897734,-0.17270339694413317,0.8218220595797481,0.2185289414646537,0.7339023547506955,-0.07890930068069281,0.052127122404375344,0.4417214202746494,0.841534980470833,0.23419049660370492,0.27510549402623585,0.15083639276699035,0.5921448487193102,0.5536057026969299,0.12534243608205814,0.2251808206803939,0.24924107653601288,0.569059380970616,0.2,0.2,0.2,0.2,0.2,0.33836939558204165,0.44378552246880415,-0.19983828455893685,0.4942659016591676,0.25,0.25,0.25,0.25
2007-03-31,0.6665125973752245,0.050613931216903225,-0.07871026951977153,0.86913714307877,0.4643883161434672,0.3680956943510349,-0.0002368567563017073,0.8606864393185696,-0.05606489998987378,0.711518283391434,-0.008466793430062618,0.1944801409772163,0.3615866220200914,0.7265144900049664,0.3315792864190553,0.5099974350567682,0.005578547581199206,0.3548761093572918,0.5522945903141422,0.15610851267034603,0.2125935703242703,0.24904128824203137,0.581217233632568,0.2,0.2,0.2,0.2,0.2,0.40737129437397396,0.38048412573276613,-0.17877683639109596,0.5174594525051691,0.25,0.25,0.25,0.25
2007-06-30,0.7000225627137,-0.004286516873251811,0.025780852071747434,0.8035091431897824,0.42819212229014175,0.31633554387750007,0.1952041452251104,0.786599195089062,-0.16730041349816008,0.7541862543700498,0.043589096619138366,-0.01789160678959919,0.5483861012977557,0.7840679256130355,0.5200174164330346,0.15947742528395395,0.35738447698659076,0.4703351722998353,0.5278685132955492,0.19170527288669423,-0.05003988796732862,0.27977427505311525,0.8372577693466007,0.2,0.2,0.2,0.2,0.2,0.43279242695515496,-0.0075799903114386015,-0.10640218235648778,0.871711376163416,0.25,0.25,0.25,0.25
2007-09-30,0.6985393225335195,-0.007902908968732775,0.2024359388473596,0.707964645070937,0.3299999433464965,0.30423586114701223,0.47840181735252807,0.6242372986251654,-0.3229134111442666,0.7608422892089056,0.036775796957455684,-0.16281156055966267,0.6763880712072059,0.8226394412497231,0.5163092394402055,-0.17798857788877015,0.6504235844319074,0.5653266210134673,-0.008692516202385212,-0.016596632254284528,0.5547655989243739,-0.9510672756974963,0.6262244787833793,0.2,0.2,0.2,0.2,0.2,-0.01839064283671359,0.5539297809066825,-0.9447493502154315,0.6291073674923633,0.25,0.25,0.25,0.25
2007-12-31,0.7218798822597812,-0.004986891487762123,0.2177205855584403,0.6350988937110413,0.3698200542711198,0.360373883384747,0.5583691109458685,0.5090518764828481,-0.29620502378606284,0.8042632247719959,-0.09289851796232838,-0.21598254329968827,0.7003697878624705,0.7627519612539537,0.3705814316941989,-0.3442871382975012,0.853578020393949,0.4880395291182661,0.5752956284841716,0.14709819469122684,-0.1337798838703008,0.4397182519452782,0.7883373504799877,0.2,0.2,0.2,0.2,0.2,0.38998118721547975,-0.11007408902938454,0.02030780092186809,0.8980101867331909,0.25,0.25,0.25,0.25
2008-03-31,0.7988541142905614,-0.17444729885042243,0.29772455895816313,0.47996238242548217,0.23032941141337662,0.1401614226532424,1.0995523665478715,0.19982324882360034,-0.9773869109563963,0.7618659741627186,-0.12370687340818892,-0.03977220440728847,0.49120363395566163,0.9028619606919589,0.1986628694656514,0.14074891033785672,0.2243136643546479,0.726418808934046,0.5545286255413047,0.24539881913189476,-0.3206652140935501,0.56314754645754,0.8187451170475584,0.2,0.2,0.2,0.2,0.2,0.5404670939239856,-0.37041337241646843,0.21701783486963813,0.9001895582234293,0.25,0.25,0.25,0.25
2008-06-30,0.8120953631432626,-0.2725275005365195,0.29156134431575964,0.37812456087084145,0.1621441017162786,-0.13153705961598883,1.344400196020486,-0.14330370637436912,-1.465379120061835,0.6949043433912225,-0.10759077064385136,0.02449664909798564,0.3869191566753447,0.9637681415195385,0.16117862308191355,0.1943559217777832,0.047777387033650025,0.7966332615343514,0.2770411016190988,0.5005343691057411,0.3244779213048503,0.7549236268586454,-1.007765843260757,0.2,0.2,0.2,0.2,0.2,0.6168465041501189,0.359976344802392,0.5829726334424403,-1.1361172182711594,0.25,0.25,0.25,0.25
2008-09-30,0.7798079818798986,-0.35623776421288417,0.42012485974799263,0.18026043448623022,0.052024201807373834,-0.34107356648498155,1.3081542029852133,-0.5894094330535385,-1.268399620768551,0.692772992260562,0.015033442449919032,-0.45155895532233775,0.661248717423911,1.228822340884594,0.35732247137119993,-0.6052014123108452,0.49451805309177427,1.2427642183341157,0.18289296621484727,0.4353424187520876,-1.1751552733402044,0.5858514580170332,1.2262977121117835,0.2,0.2,0.2,0.2,0.2,0.5020023771726153,-1.20057522428798,0.46340435214971926,1.2198797162838055,0.25,0.25,0.25,0.25
2008-12-31,0.8201896351010157,-0.3147487199593843,0.1267577339747967,0.26373932927344396,0.3221508720376566,-0.49938700031472194,0.7873198598249949,-0.7605116882124452,-1.0059626850844097,0.6574810524078045,0.026404669856886616,0.14108599676030176,0.4451338035375586,0.7901752897461326,0.3079149856001128,0.283614119519281,0.16261039106474434,0.5728755691488593,0.18231417367393785,0.5670766162505397,-0.17842973759250205,0.8926959567234937,-0.8750256531299592,0.2,0.2,0.2,0.2,0.2,0.6112150938395438,-0.21241492484348495,0.7843566533269836,-0.9011866115519451,0.25,0.25,0.25,0.25
2009-03-31,0.6768510101754771,-0.4879131032085797,0.25642889213763165,0.29019283815575875,-0.21060255668576133,-0.586590238114379,0.762226932476533,-0.22481978814209214,-1.4101376330022402,0.5685310877500913,0.015233637346451931,-0.42754614003971064,0.44800951965654506,1.4313436889543947,0.2245705289154162,-0.4198890904873241,0.14451777781188513,1.368826680527577,0.10901457554619189,0.7901937879703494,-0.3567291960015748,0.4655016093851223,0.583111237133491,0.2,0.2,0.2,0.2,0.2,0.8234881152547484,-0.3284043992235546,0.36865474048238733,0.5618107874071793,0.25,0.25,0.25,0.25
2009-06-30,0.589271114638028,-0.47566473009744353,0.4530838253229143,0.4298970497023273,-0.48956695421216045,-0.48569174976326607,0.9653736159506574,0.09350579368158426,-1.5061331073924513,0.5882709438341674,0.11205312137595827,-0.6480330124382917,0.6936712142106992,1.3766896272487328,0.39433094752666864,-0.6847133637782643,0.4889186000091444,1.2907720191586034,0.12127628508244781,0.8283820718862029,-0.5682917221662582,0.651782618794146,0.7185102722291078,0.2,0.2,0.2,0.2,0.2,0.86435695458423,-0.5265381236643981,0.5402422389826256,0.6915338686645768,0.25,0.25,0.25,0.25
2009-09-30,0.6777800366848703,-0.31695979228357785,0.14596353731645603,0.658023140048141,-0.1236024785151474,-0.25116315357258895,0.7606220443579048,0.4577236131085178,-1.4704530948726848,0.6156969340905565,0.1447219670823172,-0.18207542271863691,0.6876033112835539,0.8778053293837937,0.5108237923617982,0.055878225550269306,0.4831594410949465,0.5066079041595628,0.10682217455789776,1.0248466641203031,-0.5281009281920581,0.6648343979305936,0.5151796806858067,0.2,0.2,0.2,0.2,0.2,1.061783278603394,-0.4844397112561552,0.5664540665405686,0.478734279564826,0.25,0.25,0.25,0.25
2009-12-31,0.624940848542001,-0.01062953789799542,-0.4966600202436627,0.9741017621102055,0.3236620664130502,0.2859937641472411,-0.39860857933720284,0.934167911602976,-0.4279871754702105,0.5926406261665912,0.06724509202925316,-0.31131443798221387,0.564692841672063,1.1709656714469387,0.36896612078170415,-0.0986239952700992,0.2546747294724473,0.9704227291783024,0.14428210196497163,1.038040852298502,-0.17325833423604067,0.7080685293610162,-0.01752081542073941,0.2,0.2,0.2,0.2,0.2,1.0935276197889847,-0.10670634144172693,0.5684285276143313,-0.06346327294338183,0.25,0.25,0.25,0.25
2010-03-31,0.629909504581504,-0.03051457746196297,0.08096617908654369,0.8134249095209406,-0.08183972837956319,0.25970999803281747,0.5710120598034275,0.6995122075610625,-1.1461783781101345,0.5999662727721136,0.10835976501173944,-0.723833791827313,0.8264524506886884,1.2459803873778863,0.4457606831470535,-0.7744377582033712,0.6941269951237906,1.1031179504445183,0.6120515857509976,0.4353105087558186,-0.49912079333069914,1.071304878324933,-0.11877554427813818,0.2,0.2,0.2,0.2,0.2,0.9604450311461623,-0.36251915560714154,0.8174687146228522,-0.5230429674877479,0.25,0.25,0.25,0.25
2010-06-30,0.5309328847066831,0.165503356822332,-0.20328447635758012,1.035380650622291,0.07078930701251442,0.43709832396864295,0.011339877254878615,0.9427566957239458,-0.571525241075004,0.6246553714838835,0.10762891730355412,-0.4265510900075595,0.6906774238920335,1.1560455800271643,0.4854558913457014,-0.29962170906403324,0.47425289224148937,0.9824431746515652,0.694738035438885,0.42144946959092183,-0.5059397112684789,1.2344471664318892,-0.09003013428044193,0.2,0.2,0.2,0.2,0.2,1.0696185471577158,-0.40063747933737553,0.8704670441278943,-0.38429029416677146,0.25,0.25,0.25,0.25
2010-09-30,0.5821150273040528,0.03644020031467063,0.2197873984014829,0.7661848686002168,-0.08765799657060892,0.29668165241709493,0.734452622272443,0.5774205447615873,-0.9884369880272282,0.5640318861839605,0.21145579646814433,-0.7836094959459218,0.8210273936008826,1.3072571566308313,0.5367258906886779,-0.7909580975590099,0.6537332130309308,1.1399321417316697,0.1622572209311364,1.1290657341166026,-0.6473876871046382,0.8425430694250505,0.07286001515281039,0.2,0.2,0.2,0.2,0.2,1.178752245946197,-0.5820240819437863,0.6694811088057794,0.04689716075352057,0.25,0.25,0.25,0.25
2010-12-31,0.29712873635938475,0.03271552359652294,0.7702795662698609,0.5376866022101805,-0.7944363345524549,0.12528707479513365,0.9637143733026274,0.3699759197430953,-1.1544572141915148,0.5863508833812434,0.18000169198334304,-0.6820719597705753,0.8013577219364117,1.225059042540748,0.5448959656636054,-0.7221727615200642,0.6540738231205732,1.1112554314492116,0.35951409119622635,0.9914722598680987,-0.6784017003149495,1.0478977588838556,0.22751912695513798,0.2,0.2,0.2,0.2,0.2,1.1836332432598895,-0.6069854565552797,0.714876000428208,0.2303781960710006,0.25,0.25,0.25,0.25
2011-03-31,0.11370917573540014,0.09705180602785966,0.8505565870304913,0.5241868916200002,-1.0567652632060671,0.1330369892424237,0.9011889914867212,0.4525153872868443,-1.1647956561052608,0.568668172292672,0.19497869803995305,-0.6099572102721095,0.7112159142771275,1.2595835181833908,0.5650694431190121,-0.6295131026362737,0.5024070806281348,1.2110072655119135,0.6533608818832561,0.45173719273807394,-0.3419812223355041,1.2650641702466732,0.12972246261655943,0.2,0.2,0.2,0.2,0.2,1.0808362712011188,-0.3163394898862159,0.7886043150351465,0.2112006839599637,0.25,0.25,0.25,0.25
2011-06-30,0.01798854398283721,0.18335310887331077,0.8694724634197413,0.4796414114965981,-1.0607930425916459,0.1888888671842452,0.8760109558767559,0.46755648659211646,-1.075932040715811,0.5774016846501162,0.17512594051377586,-0.6399888526979358,0.7552492782523098,1.243898522523746,0.5486163451840262,-0.6847192130027918,0.5673148757666222,1.1999108982414781,0.4671298957368286,0.7861209183141521,-0.35929217261754326,1.231268725279255,0.16860412498320385,0.2,0.2,0.2,0.2,0.2,1.158774864409875,-0.24194480501245766,0.8188494686328255,0.18561874726616984,0.25,0.25,0.25,0.25
2011-09-30,-0.024418777998252168,0.1681320786298102,1.042095415785603,0.1487237387575946,-0.9371473914021404,0.1607736570895125,1.0340924250890846,0.16542139770823677,-0.9175183155483893,0.5853667906969469,0.18292516043743715,-0.6066657244878864,0.9433157467338232,0.9369500679563645,0.571153630525354,-0.6352431932313028,0.8616464575887534,0.7190868475900443,0.519617616233215,0.7854294536579529,-0.46657809434470005,1.2496127649678026,0.15849747478596252,0.2,0.2,0.2,0.2,0.2,1.267003446631309,-0.3840327203290883,0.8434027589346892,0.15563408236182338,0.25,0.25,0.25,0.25
2011-12-31,0.2114323931179121,-0.00752020530259373,1.0023447899537163,0.05190247963030216,-0.6636395554233544,0.064803282674103,1.125766575719927,-0.10281001417427374,-0.8712324449075476,0.5760637281456753,0.09794508892827256,-0.5146928284633471,1.0308945411411503,0.736380620220461,0.44835584590533645,-0.47093505559984494,0.9667444895517543,0.415385519533755,0.4582032888098144,0.7064709133723954,-0.5536447672275743,1.3463026205143873,0.2949827026797609,0.2,0.2,0.2,0.2,0.2,1.0820874298192265,-0.4860569939949504,0.9753420751969244,0.3009368626572194,0.25,0.25,0.25,0.25
2012-03-31,0.08621833121332177,0.05631516997181629,1.0839856984252865,0.10242603775917583,-0.9315327959474105,0.08638102721314218,1.1217378747795668,0.04113351480488626,-1.0055712791900575,0.5903273063129424,0.14923351210605246,-0.37505788193162354,0.8786503499779198,0.845120517821273,0.5767805544476651,-0.27648821681076186,0.7508839869685004,0.6317433999712664,0.355623366776651,0.8405205438449865,-0.2681176311150955,1.2770544317335226,0.10266827504033606,0.2,0.2,0.2,0.2,0.2,1.1102115777914743,-0.17406562375095114,0.9567061532000294,0.09128181961414028,0.25,0.25,0.25,0.25
2012-06-30,-0.06815034522646464,0.25743020869234395,0.9736030042348768,0.2216761363629233,-0.8620699925799571,0.2356919057734764,0.9528058325571925,0.27255340031011205,-0.8112579534682433,0.617593923828899,0.10913163822020887,-0.34796569974150227,0.8550312502663386,0.8322869380452798,0.5662030100979788,-0.22124280496653648,0.7265597746961302,0.6124370070147778,0.5236815071768354,0.7353916097647182,-0.41022105958145183,1.4954448463803331,0.3035038699974141,0.2,0.2,0.2,0.2,0.2,1.2123284381540615,-0.29609655271699664,1.0211684177846336,0.22264481796844018,0.25,0.25,0.25,0.25
2012-09-30,-0.03097494017413904,0.23346342479093724,1.0141923375598678,0.20738292232372735,-0.9425613978638285,0.22334569542609817,1.003635760263561,0.23020782628624578,-0.9184963669520076,0.5786709036391214,0.1397393109622551,-0.6033055376753619,0.8490569598175621,1.1449963130690886,0.5251272008347527,-0.6161976838630677,0.6736491746469628,1.075516266161959,0.41681113166766526,0.6352491191234229,-1.0483376105462419,1.3854924254601935,1.1301952103007458,0.2,0.2,0.2,0.2,0.2,0.9312940893587252,-1.0645536516825322,0.9819698696799958,1.2399345235554808,0.25,0.25,0.25,0.25
2012-12-31,0.10515419518017825,0.24046444143015294,0.7637246039356963,0.5915856257095538,-0.766348409836751,0.27776138966533265,0.8109984357497849,0.5194069552006385,-0.8595777952549545,0.6218428347402822,0.06855912640280944,-0.2926659539097795,0.8095831417283814,0.8721835277192931,0.4865895315069007,-0.1075591257569505,0.62841379489356,0.6612477300365595,0.6770225481345634,0.534282252299656,-0.6173644246338893,1.4309787684246964,0.7976868636030734,0.2,0.2,0.2,0.2,0.2,1.3611474570105533,-0.6113215603602591,1.0323484253049553,1.0597336169561389,0.25,0.25,0.25,0.25
2013-03-31,0.16379180521011794,0.36773987311001644,0.40353698441612934,0.8662782217130491,-0.4760543144602009,0.432252456147303,0.4748411818894513,0.7659981925809042,-0.6236071202831754,0.5995674209301842,0.09463472105483572,-0.37060874982178077,0.7415663855967068,1.0685021571221156,0.4834337206836402,-0.24937693371197941,0.5073731050385006,0.9618697678071818,0.6579812362778608,0.4372879063008606,-0.49111124049950355,1.510506618907008,0.9027972249651858,0.2,0.2,0.2,0.2,0.2,1.2123204310157272,-0.43076272830807616,1.2411141515228727,1.1667910743388064,0.25,0.25,0.25,0.25
2013-06-30,0.09387473958436916,0.370249078562855,0.3832931694188653,0.8857195776096641,-0.5608526486834413,0.40445694411073374,0.419866293683235,0.8227343392188863,-0.638899191170243,0.5930477251085201,0.10888573044621301,-0.5369668957888126,0.7363493949757483,1.2225170801744782,0.4974244525304474,-0.5330049911259548,0.48552700773454,1.2416403425634635,0.6613572342057207,0.4736543430997903,-0.46035476727557456,1.4565724043486232,0.7953867680918827,0.2,0.2,0.2,0.2,0.2,1.2925281241359168,-0.4219840711783136,1.1406947861621966,1.0995406007131538,0.25,0.25,0.25,0.25
2013-09-30,0.15263720484971027,0.41698903255810477,0.11416683979024791,1.0031237853931085,-0.19287138119977024,0.47757756198146784,0.170463733661695,0.909798006086287,-0.3166351645837376,0.6205514514571986,0.11547103580318974,-0.3563616133674384,0.8089066181813109,0.9388635945073421,0.5664023143075583,-0.2498269422328108,0.6215197081653994,0.8143724542008288,0.5912042566912185,0.4969972710371185,-0.19834598511133408,1.7485803735868273,0.5766934627736479,0.2,0.2,0.2,0.2,0.2,1.0846359397702545,-0.01631805992083883,1.4892313011807103,0.6485688507154822,0.25,0.25,0.25,0.25
2013-12-31,0.13037246515109238,0.36946227155640116,0.25652995109532734,0.9222864224926048,-0.20675363744140307,0.4190968434749256,0.3061416597151651,0.8389924020051261,-0.311588890136279,0.6213143081669489,0.2053208053500142,-0.46329206874560486,0.9160741650334835,0.8368007471623974,0.7196680179137102,-0.4341676991683144,0.8024914173893734,0.6275240086365594,0.6346712384538998,0.39313772495821675,-0.19391438343370437,1.8191994108146368,0.4491494473963526,0.2,0.2,0.2,0.2,0.2,1.1316850151056734,-0.07357726534525116,1.526969664127682,0.5730931951592384,0.25,0.25,0.25,0.25
2014-03-31,-0.028909613400210525,0.5000124401256254,0.29676700493397956,0.7838101212296965,-0.24170580186741009,0.4908855242981829,0.2869117149489755,0.805544000062884,-0.21953994349702044,0.6299185346020619,0.12504906077078543,-0.3856514390736975,0.9005795580536395,0.8230095037231283,0.6052973513612139,-0.3033872452198715,0.8025934250960891,0.6138837415081712,0.6200913399971425,0.42818703804485764,-0.6326003303184877,1.5962482570546743,0.8031261278736355,0.2,0.2,0.2,0.2,0.2,1.152993256470868,-0.7827366172124199,1.2456372700045726,1.108281629903603,0.25,0.25,0.25,0.25
2014-06-30,0.1611597763132811,0.4431243415334935,0.04821728140653737,0.9717610787023976,0.08728481768418966,0.5084800965551458,0.10531130632896905,0.8751705219235211,-0.036566155736003,0.643529062606458,0.10327538633648377,-0.2334826373546301,0.8490674505010675,0.6961786984782676,0.6054646734959975,-0.028924066008837786,0.7302546591063004,0.39083341067464145,0.706603224720411,0.16580355902228058,-0.24906035022323444,1.5459913328394066,0.36765804325991763,0.2,0.2,0.2,0.2,0.2,1.2051313648800859,-0.20727597584089305,1.469628194870886,0.5779202172848784,0.25,0.25,0.25,0.25
2014-09-30,0.167617976857753,0.49246943323178133,-0.00402979881750991,0.9169310547974271,0.28117575644768084,0.5615079609742555,0.054840893245124506,0.8156190884229783,0.1558796916349611,0.6511024844464833,0.07145651220811561,-0.23876209886633337,0.9272882524721727,0.574858845141808,0.555366381439366,-0.02979709351189248,0.885219344867504,0.14226123395768078,0.7159649649851341,0.15445495624658487,-0.24242341559969618,1.5126460945962825,0.35146874306011866,0.2,0.2,0.2,0.2,0.2,1.202261017806628,-0.16577940731302376,1.431116003241902,0.5607644451883469,0.25,0.25,0.25,0.25
2014-12-31,0.18730674649278137,0.49501690217930977,0.15196885766283158,0.8133189298420153,0.21585318348165325,0.5736859862414146,0.22307407332731496,0.6989413018525611,0.07367436121558564,0.6699870251406205,-0.013780984741933622,-0.3531954498416375,0.9362314169007574,0.7092424352442734,0.42767296604653493,-0.2573082405225541,0.9407898738093339,0.4021068464493894,0.7232824051686279,0.020583483786902983,-0.3272146009561671,1.4664668507412804,0.6133267676481117,0.2,0.2,0.2,0.2,0.2,0.8451018168843577,-0.3674662841565062,1.3651327730760285,1.2581493937653048,0.25,0.25,0.25,0.25
2015-03-31,0.25195392268445765,0.3444357314927563,0.3714716468736801,0.788315297377661,-0.0197540555873852,0.45315743480902854,0.48287857871886014,0.6415825621506002,-0.2244206353634115,0.6482141390842358,0.12357844145392355,-0.4619351417321086,0.8996013521973072,0.8944573663377383,0.6342351103960667,-0.45779908893245813,0.8063566919501669,0.7494081813594269,0.5807466591482663,0.19998163696463384,-0.8775176055411404,1.2210573991199822,1.1670778411117997,0.2,0.2,0.2,0.2,0.2,0.6553224151452068,-1.0914192446397184,0.6911441901252616,1.5894044763404902,0.25,0.25,0.25,0.25
2015-06-30,0.5096361322986024,-0.02468083966292938,0.35056654039840235,0.7603607682681652,0.1292801526243871,0.19023706468462614,0.6983293446928767,0.5203599514263361,-0.34293584011153677,0.6522628268659509,0.13826917301026814,-0.2835570064439173,0.9740121784625879,0.5047829413286984,0.6636552206106116,-0.11767524931905689,0.9417260818933293,0.019618675158257066,0.5674626778458622,0.3757328550189552,-0.9517229629556478,1.1025455715434522,0.7774933098172239,0.2,0.2,0.2,0.2,0.2,0.8776594211385188,-1.1706387623345869,0.5284988862654215,0.9935494729397037,0.25,0.25,0.25,0.25
2015-09-30,0.6161558782235265,-0.09012297078826302,0.08266158667162316,0.8182199529280223,0.4332395287301783,0.18949328173404065,0.47261000190174807,0.621880417407766,-0.03228893466496648,0.6417188557551465,0.09754112338426638,-0.01619486235047183,0.9281131615622592,0.19447535939393426,0.5600211273628851,0.3491367863895813,0.839908786389561,-0.5004764739749111,0.6350145353487434,-0.16211825603641294,0.3677310873820723,1.505990348204956,-0.03482618236975339,0.2,0.2,0.2,0.2,0.2,0.1690436455726654,0.9086697154426608,1.2194599460820592,-0.16667616228849078,0.25,0.25,0.25,0.25
2015-12-31,0.5905865556491431,0.03617944736501742,0.10045012050472298,0.7274248106490363,0.5173906340001816,0.38141140281340397,0.44947352988589123,0.4677926643972126,0.14708525463084057,0.651234279702633,-0.0015514973407234984,-0.19770604619961407,1.0204554604904228,0.32633863452714196,0.42811308025134687,0.017869529347670964,1.029582027255807,-0.26263490130059897,0.6536440807730685,0.15139901779528706,-0.08144413945545582,1.4094260431059438,-0.80427417616951,0.2,0.2,0.2,0.2,0.2,0.8331104946232388,0.1304043053146688,1.0109304624443,-1.6174686150373179,0.25,0.25,0.25,0.25
2016-03-31,0.6263905762237185,-0.05434052315656345,0.1268850490794753,0.763107874882988,0.41049963172402987,0.281264207595256,0.5517213236102091,0.5261182978903403,-0.059921483587506576,0.6807537330929951,0.009780550220366422,-0.3112728662266156,0.944848529611894,0.6315476406743179,0.5240893299767617,-0.20786232193314533,0.9523008730044954,0.3116402858537318,0.6111374623241265,0.18420843237571274,-0.6795442635518651,1.5792265534108225,0.793532139959653,0.2,0.2,0.2,0.2,0.2,0.7271186949840008,-0.8645130706013319,1.1956281722591116,1.1356647910059596,0.25,0.25,0.25,0.25
2016-06-30,0.7014277093512771,-0.13044502883714532,0.0767228916416674,0.6702977887396523,0.41668123671904134,0.27159750698181234,0.6854630815079823,0.40209550095175944,-0.15957160058375344,0.6422576220784343,0.0016713658011629372,-0.37181305917339585,0.8599129856179253,0.9324680887499983,0.4054533737280994,-0.3209393087695123,0.7204540333073671,0.8801524854139945,0.6060659076787289,-0.14430949213680533,-0.4164326351164644,1.6062428860684388,0.7242624942709496,0.2,0.2,0.2,0.2,0.2,0.2614164760259238,-0.4678370861674094,1.369347879849741,1.1726631596657073,0.25,0.25,0.25,0.25
2016-09-30,0.6872147342102054,-0.0792398829363046,-0.0033767116825256767,0.8152951257570455,0.4187989796790053,0.3448160673471841,0.4378850757192966,0.700149623965647,-0.12092799848990346,0.6480270133580762,0.046639697855612866,-0.48323912824417514,0.7976736760259099,1.0858188820049,0.49507980949175834,-0.5229400943851489,0.6101863464640396,1.1583308270445192,0.5289560902241258,-0.48130137549562435,0.6615058546604637,1.490143018340651,-0.4261608727623269,0.2,0.2,0.2,0.2,0.2,-0.29998387056938774,1.078631913002125,1.1773045083273328,-0.6008664017022647,0.25,0.25,0.25,0.25
2016-12-31,0.6029141072167615,0.04200949571090836,-0.06954399681062874,0.908773394855337,0.5568847501444788,0.392303249577178,0.1731137859012166,0.7596686136424858,0.2280277496115395,0.6555466619194652,0.14994130086809218,-0.36726058447284443,0.8848912507558351,0.8018277101498856,0.6929781758725013,-0.31920708113451907,0.7771329384245803,0.6540230090959541,0.5459185486991512,0.4173951290258894,-0.7709603303930928,1.3559956719205737,0.7455272287602243,0.2,0.2,0.2,0.2,0.2,0.9705942865544499,-0.9219404818133441,1.0284426801826576,1.0574880657630183,0.25,0.25,0.25,0.25
2017-03-31,0.535197268942689,0.11863442208701498,-0.9162627970290874,0.8903363906586118,1.2264925601613021,0.41378845870780073,-1.039454617440675,0.7001510664429988,1.1804520556101665,0.5924221908070696,0.009351302391086825,0.23404437392031593,0.673168214257063,0.360728210403541,0.3247731959103951,0.6254406910470949,0.3873462167431482,-0.0665274443174717,0.5856841527135254,0.3139354546685516,-0.344125015093939,1.6207523588194501,0.41440189453965026,0.2,0.2,0.2,0.2,0.2,0.9294976155251395,-0.349362593113655,1.4528139532021458,0.6494987603566282,0.25,0.25,0.25,0.25
2017-06-30,0.5191122322677845,0.22221120945160852,-0.6070336094254694,0.9155113775339021,1.1650201617230156,0.5305193470959898,-0.6097626548754735,0.731386243915728,1.0789653785564186,0.674582271638297,0.06580828644087844,-0.48272240639727815,0.9414541307543288,0.8390923877524844,0.5753166251476127,-0.5637424322032009,0.9087755135118167,0.737064623569577,0.6042295631634205,0.26743696987075677,-0.3544788199051199,1.6198093153636455,0.3004082380337201,0.2,0.2,0.2,0.2,0.2,0.91734277351168,-0.39638967669769465,1.4832822345742405,0.43491302624336475,0.25,0.25,0.25,0.25
2017-09-30,0.5463429565213281,0.14483654784728406,-0.39552045561021015,0.8485426546005814,1.0905496899629479,0.4573485686582024,-0.329897731184836,0.6410729945077964,0.9937449264390894,0.6818464165772529,0.08288756345796895,-0.29123697316985186,0.9888059646424786,0.5121861060617824,0.62451731696068,-0.18813758455251248,1.0087671539752445,0.09051291807726333,0.6636496641218905,0.23623194254848515,-0.6718801790997497,0.9359710343669799,0.7532535770799879,0.2,0.2,0.2,0.2,0.2,1.097180871251444,-1.0640106907043743,0.2378390543387097,1.3772685680040375,0.25,0.25,0.25,0.25
2017-12-31,0.5585775924300879,0.10842967376158563,-0.5236421177234994,0.9104495573643073,1.1372533237472893,0.4197993247380058,-0.5121693916177233,0.7280316961673514,1.0659865225579113,0.6879113002140593,0.06661087854563273,-0.10106025605507431,0.9189628650344069,0.3857405532745482,0.6044395783678767,0.19489561522929508,0.8742931011865541,-0.16953576869300252,0.5884420545793265,0.4513695658615622,-0.3760235629189908,1.6451126843788477,0.43295557926070355,0.2,0.2,0.2,0.2,0.2,1.1324946066941484,-0.4016878095411102,1.4382452144440006,0.5962984330628565,0.25,0.25,0.25,0.25
2018-03-31,0.4388431230708638,0.2579580351502149,-0.554512466785326,0.6707350963878675,1.4163717901529405,0.48383882553846475,-0.5113589038032638,0.4394890418574408,1.3317644262685404,0.6803075041248962,0.025484856694910445,-0.14471157373129606,0.9804323879203173,0.3706911995490195,0.48921391141310916,0.10845768712173035,0.9944739911971009,-0.21020418750594408,0.6112718515348379,0.38873782345030117,-0.3327939678147801,1.5526805944106057,0.39290305484418614,0.2,0.2,0.2,0.2,0.2,1.0986645954940897,-0.30125669184374976,1.4988597920153348,0.4788279788772445,0.25,0.25,0.25,0.25
2018-06-30,0.4071999084588383,0.2650134223328047,-0.3685106204600848,0.6254530842134889,1.2897858518556324,0.4655499603366402,-0.2916017358978604,0.3995091517631417,1.1773461709791697,0.6733227010169699,0.08799634152933976,-0.12631349023486071,0.9918187272407974,0.23966611138946192,0.5892427330893241,0.13216017568182048,0.9963726756106103,-0.4248454338660266,0.6091521437054237,0.4914553797884306,-0.36857358746870283,1.5216922151478005,0.23037902549483746,0.2,0.2,0.2,0.2,0.2,1.1935248434784451,-0.31562839969415196,1.487000692680197,0.26083044131919864,0.25,0.25,0.25,0.25
2018-09-30,0.3829413116499429,0.18113915413761777,-0.004063160701608197,0.7480294146151315,0.7982273967655226,0.3478242079487719,0.1258080766202119,0.5508551906933468,0.6068714152663346,0.680410567349346,0.18600904252703793,-0.3719887221798288,0.9324114682918451,0.6882903448149226,0.7853150880149063,-0.32695656063054973,0.8922606703345354,0.4158585482241065,0.6195220130174663,0.2837580067248671,-0.6386060759686474,0.20843004211681893,0.668547420390969,0.2,0.2,0.2,0.2,0.2,0.7568524064278439,-0.7390015702372711,-0.813845352104688,1.0444696680225791,0.25,0.25,0.25,0.25
2018-12-31,0.2071342641554915,0.2536635617074224,0.38807084751103016,0.504891283121636,0.4012107332620871,0.330101676154541,0.4630184821903758,0.3752313960742262,0.26804623006755746,0.6920473016565114,0.07913729840971034,-0.4171357945051718,0.9592657680298062,0.7339927690410742,0.6056618599063613,-0.4504906713915225,0.9865322639741213,0.5274709354736637,0.7146529105138814,-0.3293383697390528,-0.8430400327142472,-0.06579097462650813,0.7704458620608781,0.2,0.2,0.2,0.2,0.2,0.07767597591686469,-0.9886842018809313,-1.2212978451674328,1.2239230656115005,0.25,0.25,0.25,0.25
2019-03-31,0.4520008171356783,0.25327547579080495,0.19983116550339391,0.6922180694531389,0.47137449604098713,0.5083650632506288,0.40491906002893124,0.47821828135471917,0.17559850824398723,0.6738202176263258,-0.05362414381281776,-0.4344717122418945,0.8116495441914466,1.0496569675197813,0.3680221929559,-0.4687220718317576,0.7092812873851996,1.098541446938714,0.7788835961117043,-0.3171149454679357,-0.5747606758793118,0.6744403978482116,0.5932902359476047,0.2,0.2,0.2,0.2,0.2,1.0333859628722755,-0.8672416116754905,1.4186570111833767,1.2595815175273708,0.25,0.25,0.25,0.25
2019-06-30,0.4832782388754309,0.006402926299434426,0.41607842044215576,0.578670572532784,0.29002020951799556,0.2328028163099489,0.6991500918217958,0.3317037470362046,-0.08244417357803108,0.6757777508730827,0.06826284344830996,-0.43481511052377914,0.935972973612632,0.7780251621548759,0.6309931595512352,-0.499987817613128,0.9838513270178632,0.5653255443926413,0.8132669119621506,-0.7167980669395404,-0.26405633967403347,0.5580191103124131,0.4652153905267732,0.2,0.2,0.2,0.2,0.2,0.010633141479356952,-0.6846287760854468,1.3246181755194157,1.4050739996277835,0.25,0.25,0.25,0.25
2019-09-30,0.377602283084607,0.14725983171156187,0.4465705929415024,0.4666939604022277,0.3580341881714994,0.3243240915378747,0.6283827613749473,0.2489650042455076,0.09121049562997031,0.6852978754909625,0.0171946818581493,-0.2981136309939007,0.950264937265682,0.6259522001980258,0.5496024845682642,-0.2269564453191505,1.0330241484667297,0.25080560786432077,0.8090477194692142,-0.7264559961531712,-0.2927466426783849,0.5677335895088482,0.5100983017496593,0.2,0.2,0.2,0.2,0.2,-0.3580054986113746,-0.7926656768310809,0.9509912772979354,1.5943267034850082,0.25,0.25,0.25,0.25
2019-12-31,0.5038600866986883,0.18722956496656887,0.2686863864599096,0.5482064303776127,0.49076350665124246,0.4792540256402529,0.5306670708437244,0.2815194286352887,0.15789632354271724,0.6892657834051985,-0.04888012069466711,-0.3450250965011096,0.8561871754321457,0.8950061663403371,0.4125855630146861,-0.32411628837959067,0.8369937014132913,0.811243211235988,0.8069778623321325,-0.4177104470929699,-0.2413252107488182,0.8631661808575721,0.21441930944401744,0.2,0.2,0.2,0.2,0.2,0.4488629147385318,-0.7539140254002605,1.5588022874194716,0.3587132358699597,0.25,0.25,0.25,0.25
2020-03-31,0.41441515127535833,0.21354023588108373,0.3315744098603461,0.5892625848754083,0.4242968397148439,0.4267658513816734,0.5227569641816724,0.3707685152534704,0.14140838817925971,0.6883113996346616,0.041967941435477454,-0.4244193545569786,0.8919521807115514,0.8886655507160724,0.5973352828740646,-0.48800072797238897,0.899857873288862,0.7902789729869171,0.8371309800922865,-0.4298688705573863,-0.2252948674573067,0.8501207520861268,0.16597144397361885,0.2,0.2,0.2,0.2,0.2,0.5167229439922639,-0.8876168014856943,1.4903485740549625,0.2757896401101668,0.25,0.25,0.25,0.25
2020-06-30,0.30884818875382175,-0.11085339160365694,0.856590808526575,0.2632764584702315,-0.5046737287543956,0.01924402301478176,1.0705434580706088,0.07010934163437178,-0.8377846760828805,0.5916709165669434,-0.021357025827881102,-0.9502067745468609,0.8290118911554695,1.2359780448063573,0.3519226008087977,-1.1163913445913585,0.7008765797383912,1.1476220711491945,0.7518109342368096,-0.7982838587075943,-0.680263127294655,0.21931771020273913,0.6584177639890476,0.2,0.2,0.2,0.2,0.2,-0.11587536382058088,-1.0885187654239543,0.24209717839774117,0.9768349435140484,0.25,0.25,0.25,0.25
2020-09-30,0.39963135462523064,-0.4770451327814822,0.8648774333700749,0.16354594007388512,-0.583045106191212,-0.33503120819733934,1.1844468434873998,-0.08169685466229924,-1.09055254979657,0.6339888853345085,-0.011246087653881335,-0.5024222221532143,0.8994375518158991,0.8520129231455822,0.5657983214671602,-0.5500858583530998,1.010767092640593,0.6037794353624817,0.8181591780212354,-1.0945700428709861,-0.42247950700282055,0.11217634102158369,0.4121020204110757,0.2,0.2,0.2,0.2,0.2,0.1279327669843613,-1.0035878598380905,0.8922874404667376,0.5647966833410528,0.25,0.25,0.25,0.25
2020-12-31,0.13753265843674423,-0.2525267995701189,1.0901533114941806,-0.10933757569283518,-0.7218105221714513,-0.1902609858630895,1.1540507286828243,-0.19052988273156077,-0.8528405587657398,0.6109771279446652,-0.01639761799333247,-0.5782756565498913,0.9432581684529778,0.795014589367414,0.48733218546376983,-0.6801858513034131,1.0587461572888512,0.4944161584869272,0.7911581963193443,-1.0256351761759768,-0.4856792714660729,0.10629241566715032,0.6565873526171403,0.2,0.2,0.2,0.2,0.2,0.09344125253570733,-1.0416278759148614,0.9018724344366795,0.9018696506828924,0.25,0.25,0.25,0.25
2021-03-31,0.15183325378596146,-0.41407034138835463,0.9829350690783006,0.20426309327273998,-0.6334556624928218,-0.34893811656646845,1.0535186292332652,0.1208241272884696,-0.7781287707473955,0.6246649231777428,0.11592861376895168,-0.33528295907101513,0.8329298688861667,0.7284640079539986,0.7649204734008371,-0.25181745828678076,0.8849157267531701,0.3708578839812416,0.6474007537488904,-0.6860401300476423,-0.6190094586972585,0.23731476966557713,0.3394507891619145,0.2,0.2,0.2,0.2,0.2,0.062323280484692996,-0.8353031628789045,0.7420880388866417,0.038111869938896904,0.25,0.25,0.25,0.25
2021-06-30,0.250470692584629,-0.36169351907477576,-0.13906311958450368,0.8602221633987078,0.686228640623393,-0.2575287600099872,-0.0639964833893434,0.7627106858728483,0.5044175533598761,0.6049142875587766,0.019831888807183166,-0.2042650380806395,0.7173890569648192,0.877739882367883,0.5254969864062611,-0.023921255196693362,0.6407494895252175,0.6287398999380704,0.7626353551106189,-0.5335404679603695,-0.3545195079850249,0.3555101789501774,0.5389673888968037,0.2,0.2,0.2,0.2,0.2,0.6726406236493537,-0.7821383560819528,1.438174243612533,0.25026051358894474,0.25,0.25,0.25,0.25
2021-09-30,-0.3107596761754659,0.14182439974848807,0.5319972944898411,0.07828003969050551,0.06628762967653146,-0.005096392837451723,0.47899890716356014,0.277735888670133,0.3620783284875513,0.6187614516809301,0.03042023559985527,-0.5980357334647638,0.8311184557026019,1.0950379728625053,0.5783974378349716,-0.7283977701146866,0.8700213015306801,1.0270294305776957,0.7808045386844749,-0.596988743967069,-0.3471987169688258,0.16961500258153692,0.6797820069609344,0.2,0.2,0.2,0.2,0.2,0.6833380403501406,-0.8766048926742176,1.457099219296745,0.4560966246921226,0.25,0.25,0.25,0.25
2021-12-31,-0.2135324055484068,0.4472040058656337,-0.0068068993161937985,-0.012130643764480864,0.9446164987908444,0.3613213167684355,-0.07607150584737522,0.1122241313120699,1.1735832907454045,0.649340405246442,-0.05365932582524972,-0.39909062351784247,0.8681123089553998,0.8293922917323527,0.5105335991830035,-0.3993402966082369,1.016363890471886,0.5678741907190746,-0.5707957473954863,0.9184944317854772,-0.03747359569784913,1.626320769452323,-1.6146074141489353,0.2,0.2,0.2,0.2,0.2,0.3958937708548057,-0.05275493867760543,1.4093918317095433,-1.505874575577235,0.25,0.25,0.25,0.25
2022-03-31,-0.390723781783288,0.2946214334698003,0.1866555757957578,-0.9654557300806021,0.37558736237677925,0.13271679149569404,0.0914206615814327,-0.92191717662666,0.8191779822430028,0.5913158384344833,-0.01326784369779329,-0.5218849802761989,0.7987537817140015,1.0507399144633056,0.4486979184750748,-0.6078755074393909,0.8805232628919696,0.9761100411426289,-0.5500821610840358,0.9059676778371292,-0.1058968154591176,1.8042985468824373,-1.0541010888979496,0.2,0.2,0.2,0.2,0.2,0.41559049156826744,-0.16471386421568962,1.593650137992563,-0.6983192700527184,0.25,0.25,0.25,0.25
2022-06-30,-0.19610715485042135,0.8005045033623109,-0.7908508725605505,-0.1433380186545905,0.4048218173289978,0.7355622828080001,-0.8777909381486259,-0.051781125314495156,0.585526838347819,0.5469279746358381,-0.058192295696800025,-0.5715318319343088,0.4694002628747698,1.50267534886033,0.2972517848966264,-0.6288118637111418,0.3137885184937949,1.5905286457030674,-0.977275070591282,1.1218251645682373,-0.25514107659463264,1.1597813919871487,-0.07497274210366463,0.2,0.2,0.2,0.2,0.2,0.4422489542730252,-0.883424032473913,1.0913037313506162,1.6024513596257686,0.25,0.25,0.25,0.25
2022-09-30,0.11448485828656214,0.7390253164811074,-0.8162683948576104,-0.16089028557221852,0.9853337083030417,0.8022588137108456,-0.7956686417888625,-0.22082841393231453,0.9029857433185507,0.5400014754315173,0.035170229738443075,-0.6118011491687333,0.642174992178597,1.395982673851195,0.4306968665586453,-0.7047185487085824,0.562330511714059,1.438820268216514,-0.6225806384291692,0.6171248281150223,-0.31756083773098426,1.2177623184405761,0.15497620861316147,0.2,0.2,0.2,0.2,0.2,0.004794985635631493,-0.40351067069859253,1.2811977800814243,0.7660091896734533,0.25,0.25,0.25,0.25
2022-12-31,0.43027744038185234,0.49216631260388166,-0.7529115319077663,0.3459065132344721,1.3676499252275338,0.8701718391597795,-0.8149795718058497,0.1776175763678082,1.3103483453436502,0.5901355083511345,0.07476804295216664,-0.4327141284410055,0.8340899696174722,0.763799829545707,0.6271062905057156,-0.5197181166575119,0.9917809555899577,0.5715868179177931,-0.794799886181439,0.9009359377932704,-0.2205822294965172,0.8733880002866958,-0.1862445771897871,0.2,0.2,0.2,0.2,0.2,0.34598063787393346,-0.30830989070958076,1.4572275056874724,0.3465855364869111,0.25,0.25,0.25,0.25
2023-03-31,0.32811121398772014,0.2444368589873648,-0.8681831511956262,-0.07432485755518894,0.7346920272722184,0.45294971425480435,-0.9073662836110611,-0.25053010555549426,0.5964654744883834,0.5093711756272881,0.02588154379705718,-0.5037053696814208,0.5930561319755863,1.2306808003371628,0.38989182601164996,-0.5833208897951079,0.5312727490948934,1.3227986338743487,-0.7616136691574094,0.875641856470356,-0.3415409357427409,1.0311215194317682,-0.00485418988305276,0.2,0.2,0.2,0.2,0.2,0.16673134643735804,-0.4838441817107675,1.231930780480374,0.5272282334472183,0.25,0.25,0.25,0.25
2023-06-30,0.49712452989341155,-0.0299601285573936,-0.37838001781027597,-0.3620968792899146,0.6297807298681903,0.2913883989607685,-0.3962683604700025,-0.8248559922440603,0.44248193383352336,0.5332728485799123,0.10834837727602614,-0.6578476871759993,0.8016410321808979,0.9651730462038448,0.5548332120916672,-0.8480125979621406,0.8664429487905115,0.959588913302836,-0.5339528918782552,0.6239394381903826,-0.0022673088002590257,1.5797175281139433,-0.6332879271706129,0.2,0.2,0.2,0.2,0.2,0.07172067651196187,0.13579479906816289,1.407589606278102,-0.5679606943311,0.25,0.25,0.25,0.25
2023-09-30,0.4675301038891081,-0.19349969390914584,-0.1216068444027466,-0.580880652509466,0.7425766040418579,0.03765366650835911,-0.04066978453760561,-1.050112634573753,0.5873806659192677,0.5581015642001553,0.06658669147361106,-0.3859940470146924,0.9092666964015234,0.4928634495990837,0.5426977336905029,-0.45413245461582824,1.0895848314976915,0.21457729519583466,0.5826709207648167,-0.27940736242244996,-0.48962012055852383,0.2727510369605854,0.8301703352698628,0.2,0.2,0.2,0.2,0.2,0.47724772333366905,-0.8504104204580903,1.1391364802068091,0.8610563995415637,0.25,0.25,0.25,0.25
2023-12-31,0.4744062972091952,-0.09299660075266009,-0.6818905267255803,-0.25859435378638523,1.2653741187793466,0.18450897125290291,-0.8103542057711313,-0.6336636960657875,1.3160361344129825,0.5607783693148516,-0.05299169976024338,0.010626028072742206,0.8733300488952882,0.09606344749171096,0.3601555578936582,0.17836567716020002,1.031174609944504,-0.4107938496964994,-0.6813669817538889,0.8830326025110609,-0.4148509442092737,1.3934394486240749,-0.1389264342540821,0.2,0.2,0.2,0.2,0.2,0.21218356646967254,-0.37151037071088305,1.3923574849306621,0.016288547948141684,0.25,0.25,0.25,0.25
2024-03-31,0.3427648970923176,0.17390671762642634,-1.037441583094147,0.1055770927778407,1.5845936717368425,0.3875997309078858,-1.113967777816373,-0.055535879264003225,1.5665283550354248,0.5833340168829161,-0.02179688643410891,0.015461120693616971,0.8045038264428679,0.18975897372017506,0.45853664585064646,0.21723904311638823,0.9590607764757717,-0.30972029691598035,0.6838002584555457,-0.656309870981209,0.032263659583644466,0.2024388640080635,0.09735856225766958,0.2,0.2,0.2,0.2,0.2,0.15359404386248737,-0.1996164701642351,1.361181922627209,-0.2204277508666248,0.25,0.25,0.25,0.25
2024-06-30,0.3546290627990175,0.17015349485389705,-1.0762639903775433,0.1910379657632757,1.5124905390463674,0.3843491440420363,-1.1647548688219296,0.0330068487270682,1.485711330474612,0.6099357944538357,-0.0969373154563191,-0.195127069818712,0.8157349265122015,0.45809571988058956,0.36144378766157537,-0.15140017643888437,1.0649125001612343,0.13156782908009151,0.5556692985462315,-0.9139183039739586,0.3725176356492474,0.2301074524413065,-0.35308283732938733,0.2,0.2,0.2,0.2,0.2,-0.5590365794387032,0.4325064386486255,0.904490455833717,-0.8394984255043819,0.25,0.25,0.25,0.25
2024-09-30,0.3442133928444559,0.1809437394863055,-0.9648211753390723,0.036427874671464126,1.6548067698428648,0.3857095067606798,-1.0266455954485503,-0.13747622094191164,1.637568016260302,0.5827046933291885,-0.06631695637574246,-0.1909695792065546,0.9069011265244703,0.2550762027759687,0.3483375449494988,-0.1347502591411782,1.128959573751581,-0.2171616428044453,0.6074299434820133,-0.9365715157807073,0.17030350863016283,0.08631658889067109,-0.043540661749490304,0.2,0.2,0.2,0.2,0.2,-0.5700822022165172,0.12704762382590087,0.8397832680465501,-0.4424979954995688,0.25,0.25,0.25,0.25
2024-12-31,0.3698209497869535,0.11326660881232825,-1.0155475618455623,0.11332123791486544,1.6226131892453286,0.32946364010249385,-1.1041787721739849,-0.06418923976340958,1.618680334616868,0.5942194751738533,0.0015301149070763725,-0.21422046438057166,0.8470783668679437,0.47660916176077234,0.49491436866809324,-0.17787656874278196,1.0511549170321335,0.16507364366911356,0.6877766798281876,-0.8120859643516072,0.11292105286435768,0.00978873200458072,0.08476105635060156,0.2,0.2,0.2,0.2,0.2,-0.2978052576942166,0.0062786260605356345,1.1108889036021468,-0.37435441476636283,0.25,0.25,0.25,0.25
2025-03-31,0.44999651164323284,0.029547159408905205,-0.9880022631369296,0.29160719412538155,1.5125632777506606,0.3024777402114227,-1.160708323617626,0.11354229154356897,1.5749877379605757,0.6097074803478005,-0.027413620384860348,-0.2568251973537597,0.8278830682644623,0.5244688632917617,0.48303390610159713,-0.2663436916115124,1.0647782174976486,0.25154864888423323,0.42283288691706183,-0.3659855530201461,0.025806415125601105,0.7998235646780398,-0.23882064090322658,0.2,0.2,0.2,0.2,0.2,0.06660939070958234,-0.05564823149107199,1.316044203755226,-0.4641579581803022,0.25,0.25,0.25,0.25
2025-06-30,0.4188396036656954,0.08046326035198059,-1.0001061464261969,0.3391073999698056,1.4183563868318618,0.34935554122524504,-1.154937697228619,0.19092813502333958,1.4394517037264931,0.6055402898999975,-0.22562320711179065,0.1037431608329311,0.7556870675317082,0.16542056268100946,0.12650671644566375,0.3762469859872724,0.9263692552172982,-0.38132337243773506,0.558234471811119,-0.7629925101169744,0.38793619134165674,0.3522643451274664,-0.404461035923416,0.2,0.2,0.2,0.2,0.2,-0.27035682513702,0.4036107149601312,1.0870841609667286,-0.8701348884783249,0.25,0.25,0.25,0.25
2025-09-30,0.4746231728234677,0.11195155930533393,-0.8699388987622811,0.6324979194605908,1.194519095947111,0.4540918091716495,-1.081742087866335,0.557838133289323,1.2381437208302457,0.6027330476264466,-0.08046161001404123,-0.45454305533684947,0.7413955790674454,0.8559399411415414,0.38935686671023173,-0.7022211068463662,0.8762193722557696,0.9601825236426091,0.6451050628683936,-0.8483014757777355,0.17443904323063097,0.13705751461739135,0.0012913247249056934,0.2,0.2,0.2,0.2,0.2,-0.38538877433857965,0.00567160335394152,1.0127601599840492,-0.28194648652792437,0.25,0.25,0.25,0.25
2025-12-31,0.42336228836571477,0.1196349783200431,-0.9026519608998608,0.6974876408880748,1.2025810728471116,0.3993163372957944,-1.0497653614097961,0.6257003310641004,1.1916452803808375,0.6278340758649619,-0.1024802090032143,-0.11628773657895315,0.7816048197851408,0.40489304223260963,0.41317264386217334,-0.06617677812751177,1.0370244498647683,0.09403317343638806,0.6864145176219286,-0.8170538493741812,0.3062091443662104,0.023597910774199538,-0.11328483303204236,0.2,0.2,0.2,0.2,0.2,-0.3664716806395074,0.3622257305955296,0.998099963655981,-0.7439458829746204,0.25,0.25,0.25,0.25
2026-03-31,0.41473071980604315,0.097396873698277,-0.8907429163451919,0.7114585693550232,1.1583358617420503,0.36532181696990534,-1.0319992395622581,0.6452856530418095,1.1395320580273929,0.6299826431586948,-0.16358788639123895,0.048608282519463475,0.7567856502605987,0.1615463715996724,0.2967567872988855,0.2622970888041972,1.0017813421710682,-0.39570481572303023,0.6998701135362341,-0.7893058091480862,0.2537745791989591,0.006908231202968472,-0.07070798912608978,0.2,0.2,0.2,0.2,0.2,-0.2823863411711242,0.26727148485522684,1.0763766877437608,-0.732725175666133,0.25,0.25,0.25,0.25
2026-06-30,0.4534009550795109,0.0229753876368644,-0.8844088519532918,0.6880411802685042,0.999024635098246,0.30896197872761416,-1.0761226548491065,0.6289029677465885,0.9603717238384549,0.607725355240466,-0.09604193314742669,-0.1394529868392349,0.6724900000366967,0.6973483198111091,0.36677985150764536,-0.13211716246040153,0.7625965170457405,0.6709913843787022,0.020758506394853597,-0.3208593914122354,0.7260085568233056,0.4956436534347595,-1.4615132418312604,0.2,0.2,0.2,0.2,0.2,-0.3014861266175478,0.721620469262159,0.5085052171084218,-1.4694482995949347,0.25,0.25,0.25,0.25
