,q (MLE),q (MLE),q (MLE),q (MLE),q (MLE),q/10,q/10,q/10,q/10,q/10,q/100,q/100,q/100,q/100,q/100
,MKT_RF,SMB,HML,RMW,CMA,MKT_RF,SMB,HML,RMW,CMA,MKT_RF,SMB,HML,RMW,CMA
1990-03-31,-6.938893903907228e-18,3.469446951953614e-18,-3.469446951953614e-18,1.734723475976807e-18,-4.336808689942018e-19,-6.938893903907228e-18,3.469446951953614e-18,-3.469446951953614e-18,1.734723475976807e-18,-4.336808689942018e-19,-6.938893903907228e-18,3.469446951953614e-18,-3.469446951953614e-18,1.734723475976807e-18,-4.336808689942018e-19
1990-06-30,0.0,-4.336808689942018e-18,-1.3877787807814457e-17,0.0,-6.938893903907228e-18,0.0,-4.336808689942018e-18,-1.3877787807814457e-17,0.0,-6.938893903907228e-18,0.0,-4.336808689942018e-18,-1.3877787807814457e-17,0.0,-6.938893903907228e-18
1990-09-30,-2.7755575615628914e-17,-1.3877787807814457e-17,2.7755575615628914e-17,-2.7755575615628914e-17,4.163336342344337e-17,-2.7755575615628914e-17,-1.3877787807814457e-17,2.7755575615628914e-17,-2.7755575615628914e-17,4.163336342344337e-17,-2.7755575615628914e-17,-1.3877787807814457e-17,2.7755575615628914e-17,-2.7755575615628914e-17,4.163336342344337e-17
1990-12-31,4.440892098500626e-16,-8.326672684688674e-17,5.551115123125783e-17,-4.163336342344337e-17,-1.6653345369377348e-16,4.440892098500626e-16,-8.326672684688674e-17,5.551115123125783e-17,-4.163336342344337e-17,-1.6653345369377348e-16,4.440892098500626e-16,-8.326672684688674e-17,5.551115123125783e-17,-4.163336342344337e-17,-1.6653345369377348e-16
1991-03-31,-6.661338147750939e-16,1.1934897514720433e-15,6.938893903907228e-16,-1.1102230246251565e-16,2.0816681711721685e-16,-6.661338147750939e-16,1.1934897514720433e-15,6.938893903907228e-16,-1.1102230246251565e-16,2.0816681711721685e-16,-6.661338147750939e-16,1.1934897514720433e-15,6.938893903907228e-16,-1.1102230246251565e-16,2.0816681711721685e-16
1991-06-30,1.1018963519404679e-14,-4.704570066849101e-15,1.915134717478395e-15,-2.1094237467877974e-15,2.7755575615628914e-17,1.1018963519404679e-14,-4.704570066849101e-15,1.915134717478395e-15,-2.1094237467877974e-15,2.7755575615628914e-17,1.1018963519404679e-14,-4.704570066849101e-15,1.915134717478395e-15,-2.1094237467877974e-15,2.7755575615628914e-17
1991-09-30,0.018686501299639086,0.010641920650734556,-0.010279168831445029,-0.0014092635269407627,-0.0072741724632121585,0.01970328135194263,0.010984540371074332,-0.01088496494872132,-0.0027256528126805013,-0.007283968611195624,0.0198110780445184,0.011020019637331242,-0.010949495094301709,-0.003006488072620661,-0.007284949660390394
1991-12-31,0.008326342397832392,0.003334557638762961,-0.0031492073828911227,0.0013151076776048432,-0.005425316022357463,0.008498221394670408,0.003362426774188368,-0.003195554058180644,0.0022685109797925262,-0.00542894378537212,0.00851550116525071,0.0033651505877808213,-0.003199967015355215,0.0024588101733300782,-0.005429306808785006
1992-03-31,0.003262139621924287,0.021481179653652052,0.0245686362178619,-0.0020505684617978526,0.012694471040241753,0.004056642721391002,0.0229807162231941,0.02702495628006027,-0.006202205812318118,0.01272445239930238,0.004148036936905297,0.023141942229628412,0.02730090231219187,-0.007682895038476245,0.012727459176905945
1992-06-30,0.004387926299810288,-0.013118336650087534,-0.0071250936680211235,0.0005813111671464366,-0.0030417681557726936,0.005125005793795226,-0.013453004629809015,-0.007721308944695096,0.0002723744406231965,-0.0030468643512246638,0.005208619316163746,-0.013486859649761804,-0.0077848997516403035,-2.5981656251256036e-05,-0.0030473743522042226
1992-09-30,0.007454635531388587,0.0048252522794628855,-0.025537905500741656,0.0024235845657149258,-0.017512294506184592,0.009505875059704683,0.004829441169259693,-0.031782102701120446,0.007936084015956274,-0.017606358894308574,0.009760460474229071,0.004827873795788459,-0.032562067782397536,0.010511341950802305,-0.01761581772560568
1992-12-31,0.009319580788041404,0.013914996654145986,-0.021908667427955678,-0.0019887041754308166,-0.005456541137422846,0.010165315286437937,0.014843922651471511,-0.02460476880474012,-0.005303565706315461,-0.005471642735286622,0.010255620328803228,0.01494327193373847,-0.024908536861140987,-0.006356512979995899,-0.00547315627689289
1993-03-31,0.012246524083717542,-0.003861742170253424,0.01259560589681756,-0.0016875948286864395,0.015697616708636217,0.013784090572105417,-0.003995363946488528,0.01798643554964284,-0.008447473076661854,0.015835499989455867,0.013958152868802226,-0.004008536552356612,0.018766065289874886,-0.013419612669702513,0.01584941744692235
1993-06-30,0.014508294626528417,0.017716506878479026,-0.005304936771385271,-0.004987304158186184,-0.006463561330780437,0.018138493859837845,0.019613402777902238,-0.006117377927531031,-0.01785771971122871,-0.00647750952893425,0.018593570921615565,0.019828225370993373,-0.006181236314544647,-0.024960675822899736,-0.006478888804920785
1993-09-30,0.030824119744937595,0.03361805633669712,-0.012381592674183983,-0.0009807624935085357,-0.02077423250200007,0.03904985683565776,0.03888232120638657,-0.013997282682933265,-0.007163603473625213,-0.020872630358754876,0.04014664720268313,0.039511389853219225,-0.014147195796748446,-0.013435853458076352,-0.020882513839432973
1993-12-31,0.019024155447623203,0.021349386648588348,-0.026911104217160448,0.004205499426567116,-0.02942215012679472,0.027589086744470193,0.027307806339760515,-0.033694284042620454,0.01605966146064916,-0.02965695947050928,0.02888391089953718,0.028084905302352664,-0.03458988310678454,0.021837279166238233,-0.029680667461234767
1994-03-31,-0.009091563688620352,0.0026099169581699916,-0.014374480046362326,0.0017370850015973605,-0.019750726583977737,-0.010460611490500982,0.006264283223070891,-0.021348181507351238,0.012195154215048215,-0.02009561668720143,-0.010479581023758955,0.006890297100984835,-0.022618611330554705,0.025903157981631397,-0.020130850449657275
1994-06-30,-0.015331877819194345,-0.02171884813654823,0.0023243007978342445,0.0018486335616661465,0.0001987573490965372,-0.024963862648797713,-0.0277742389790383,3.8898037886647696e-05,0.013607647447823668,6.941350443219474e-05,-0.02656597217660553,-0.028557340889333815,-0.0005342740359438602,0.03167044884900272,5.606786743757308e-05
1994-09-30,-0.005271730886075493,0.0003331741746523398,-0.007639686366334386,1.2087875325778041e-05,0.005821635312592763,-0.014495614708871313,-0.005044140260146712,-0.017237892359449725,0.003268310907655808,0.006027464779869415,-0.016981899940671924,-0.006215183917685441,-0.019505802576988307,0.01311023793214064,0.00604904460646731
1994-12-31,-0.028478361802243973,-0.0304280594627217,-0.00720224531624486,-7.467429993351926e-05,0.01013372039763645,-0.04204369577599734,-0.038579407616586237,-0.010592689123783139,0.0004114203806297734,0.010285556705414381,-0.04446156254978886,-0.039791116953089734,-0.011388042082911831,0.0037686212394353324,0.010301133395344733
1995-03-31,0.0013552380391280705,-0.03276775516432181,0.01200846075095488,-0.0004911068455511758,0.012454019785497164,-0.0013538087001719878,-0.04221358967576724,0.01838174805732276,-0.002495574216789115,0.012625347081038421,-0.0017944077050721097,-0.04344273223728936,0.019452807712798476,-0.004996145415191444,0.012642702148684085
1995-06-30,0.04562417152797832,0.008219522356030955,0.016866427732507572,0.0001215121429271604,-0.01482834908789877,0.07007824130671597,0.0007335130028733802,0.03214854853274629,0.00042546696624692903,-0.01478806868673644,0.07451864128924773,-0.0010075114875108884,0.03551879449634909,-0.0016754543961561563,-0.014783223354890691
1995-09-30,0.05442139909132093,0.026620317520704165,0.017578274787142828,-0.0002221687692066654,-0.016066226822679247,0.09917826511520222,0.02954974002024653,0.039384705947501236,-0.0006741068438273212,-0.016306712477246493,0.11117261111324694,0.029520765413327002,0.045974072157814266,-0.0028864217108826307,-0.01633143128478734
1995-12-31,0.03143252319032014,0.0025119012879256664,0.014012929700612603,-0.00035762102660638617,0.009618720437483713,0.06748523407015511,0.0028228204055837924,0.03371598671891404,-0.0017833677317247998,0.00978243109186186,0.07869911071874708,0.002668675918972796,0.04021206675986019,-0.0052205787943779,0.009799322196076293
1996-03-31,0.024806051405910634,0.01708821117793293,0.010087137572218713,0.0005680474955712111,-0.0052929457592174045,0.04680825299001823,0.020867173801593107,0.022246849598398094,0.0032700143465910214,-0.005209040736047832,0.05428234559396938,0.02134359683166378,0.02658326565017613,0.004833786084607883,-0.005200175597933343
1996-06-30,0.013479063069731123,0.030042720068693997,-0.004833957108609191,0.0011786766530420545,-0.021786161268633558,0.024886116916611245,0.04423785253894336,-0.008094678533820357,0.007761392263925082,-0.02222792950746358,0.03000791927606261,0.046796320298242884,-0.007537686437924476,0.017919318629599945,-0.022273697727038494
1996-09-30,0.005772077697043909,0.004830163728806871,0.0022429529366308765,0.001543770618829765,-0.03669578615848193,0.008906943730792483,0.014052993542061406,0.0028428930147300358,0.011403396987504921,-0.03793097382433511,0.010536307494104391,0.016381321248003757,0.002928219657544723,0.031983086005530736,-0.03806018704330763
1996-12-31,0.0014975757328045125,-0.007060018614383368,0.020111932565753277,0.000661340987129555,-0.0029633798004017053,0.007553952858955104,-0.00088232241406987,0.045367814048987265,0.006142929890961546,-0.0043112124247254024,0.011860621263540372,0.002057563881067769,0.05547394727552968,0.027820524790988344,-0.004460741618419334
1997-03-31,-0.0053054782058633565,-0.007523849690733053,0.016206419932606908,0.000529285129680257,0.011057939737305372,-0.017287010347890264,-0.012508452464360692,0.0502160312143794,0.004368747111218985,0.010857035864521886,-0.020588707439651688,-0.01243416750168752,0.06876461508891835,0.02179309634718718,0.010827553889173308
1997-06-30,0.026518417452421117,0.003338922020712176,-0.00537584666388552,0.0006687471110389809,-0.028734373051826245,0.048542209419333515,-0.000649928987131676,0.0063419008087733375,0.005509551477404451,-0.030678232441139763,0.05386380130465929,-0.001595390448011269,0.018303124644724555,0.02393502892324678,-0.0309013882513568
1997-09-30,0.005824177638495742,0.022831403797176228,0.001949569906671278,-0.0009601132277627933,-0.030628478832167863,0.028111056495417452,0.040474417879903746,0.011659570230066918,-0.005238436773761457,-0.03389391694228945,0.03798513382376112,0.0458076002293852,0.02171235118779402,-0.006221183261552354,-0.03427699314777673
1997-12-31,-0.015450411192299063,-0.01050149154193289,0.012493523887910363,0.0006243484388552267,0.016220219084133236,-0.01901641194650694,-0.005486570742837066,0.03308624478512201,0.003167442534806275,0.015027618974051749,-0.01589296564019449,-0.0024070166202540683,0.04575895687483722,0.006211837372781692,0.01487171298435458
1998-03-31,0.012441990324705499,-0.0015532325247396561,-0.005105916960987833,-0.00011037170657896,-0.018199190532011522,0.01630344390209415,-0.0033452258016597597,-0.0041801782236433604,-0.00046741532043131917,-0.019700779658906986,0.018404433970885536,-0.0023424748610813423,0.0005659518603183811,-0.0018841701190386306,-0.01988471817923737
1998-06-30,-0.0089149497465415,-0.014208922224610843,0.0025865188309941445,-0.00015475213608895366,-0.01544497068243919,-0.021299956124984698,-0.030426814799306257,0.000730176021321638,-0.001186149068036324,-0.01726982238581351,-0.02679870321549238,-0.03463754369313171,-0.0007886098957057275,-0.0063792461101884745,-0.017484590920951865
1998-09-30,-0.04276821348083337,-0.025260491675130003,-0.005942191199159008,0.00045411151870189403,0.012490012644059217,-0.10882671928650656,-0.05869587412582716,-0.017113287300448865,0.002979779935000426,0.012204297516115598,-0.1381062523635348,-0.07012371778819881,-0.024093902296318193,0.004992825546536628,0.012159502289723595
1998-12-31,0.014676025238324342,-0.004761600459326831,-0.020677124549501158,-0.0006606124700108684,-0.005238810591461862,0.00036321352348334113,-0.02541529002563997,-0.05656112677348085,-0.004828485156070483,-0.005388792524086139,-0.016874984286854633,-0.03511533806758571,-0.07312892091661988,-0.016509306786396116,-0.005413596232034579
1999-03-31,0.005380512791009373,-0.01461773283434653,-0.00996072036306811,-0.0010213022308493969,-0.02278534299724108,-0.00023627253215230404,-0.049223600718445726,-0.05026355834385937,-0.008482027931286662,-0.02471374030404358,-0.017761800429896946,-0.0673894833758158,-0.08258260976792059,-0.036913807622371175,-0.024934319112301234
1999-06-30,-0.0009874037410912972,0.03192886757537344,-0.006429022581145999,-0.0005345676237381025,-0.021204634321707633,-0.009942851359948435,0.06067158949113033,-0.040017473973579826,-0.005225351115552779,-0.02422272453306243,-0.023769794466617533,0.06416930625954848,-0.072960610781896,-0.03183994065979845,-0.024592592293623677
1999-09-30,-0.026352257850093652,0.016338439328057897,-0.0134853787514701,-0.00040030296043108704,0.0008518492691259316,-0.06979754724424114,0.06392893984308834,-0.0481544058322953,-0.0033512508472438585,-0.0007584549831155807,-0.1021188680636087,0.08899402830607966,-0.08546140407544128,-0.020075316977009094,-0.0009872372183653833
1999-12-31,0.006589735396021812,0.0026789389054654444,-0.018539251443384752,-0.002212591836907113,-0.0187595326107948,0.011433694382572135,0.04090534981923488,-0.05107885783757771,-0.016110300555819718,-0.02077686640158352,0.006987377536850303,0.07163628887542445,-0.07971902133923237,-0.05298283970007542,-0.021050212687988373
2000-03-31,-0.00632304705015474,0.01243455556139228,-0.0028660125499697653,-0.002236912179007483,0.011557582359428657,-0.007587742885508675,0.045634899574850896,-0.01807887909558592,-0.01854926777791803,0.011610846855612582,-0.007823217360192425,0.07173095198001933,-0.03522838654914451,-0.07311574244260702,0.01159509596225277
2000-06-30,-0.016628023699773564,0.006830583159142534,0.005234196416352803,0.000962944252911796,0.018711314642985484,-0.0563373586385052,0.034095334271139865,0.003420200041908676,0.005414533167474228,0.020222172332129758,-0.07854764555378901,0.062096021813818014,-0.011453015752373015,-0.004931670298315399,0.020375998040276573
2000-09-30,-0.014770766171909644,4.703471797462555e-05,0.03107664208253519,0.0009152098411204235,0.08784842288059913,-0.06001010158072617,0.01736702483999708,0.09412735138285283,0.008133454474615442,0.09785337961032958,-0.09214603588439352,0.04083486160413774,0.12038536798592586,0.028138420628861405,0.09905546588606562
2000-12-31,-0.025914614232656286,0.006222795215974131,0.04616304696328988,0.0030837085258499375,0.1636348302035301,-0.11583109240430844,0.02681361488356726,0.17062713657148332,0.02532191042128923,0.1926592814825604,-0.1972645809914848,0.05712696377268944,0.2574384821644624,0.1056404620924764,0.19642916501107133
2001-03-31,-0.029663370494275476,0.041502699197091875,0.028040056175869243,0.0007434554207337296,0.16686617824139444,-0.15945750515784263,0.11998435645572703,0.1426349425652066,0.00720846223047239,0.2200294218414564,-0.3191373926236476,0.18877149486947103,0.2730395284485586,0.05282911497924975,0.22776281695869355
2001-06-30,0.005059672511473323,0.03716304288817503,-0.0010697364256986863,-0.0003270648262321263,0.08999599763174226,-0.06173139823690077,0.13931758153524276,0.048695508181905545,-0.0025462345258543406,0.15283135872707565,-0.22794433881160225,0.24749929529151948,0.1719352978595638,0.0045197829989349625,0.16334043807361287
2001-09-30,-0.027640965465462686,-0.005252867025798469,0.005945935424329751,0.0019265423791513525,0.11499664521212216,-0.12580354109818848,0.043773041465629936,0.03595677601630343,0.014820755494417526,0.1904455255196199,-0.3240304609452106,0.14921899397740482,0.1440761914521521,0.058026678082758076,0.20468321918904853
2001-12-31,0.01573543934423649,0.023938033853279528,-0.014234251725139424,-0.0008618475331609865,0.007918900006108398,-0.007314237173155491,0.08402420386317902,-0.037606247764455814,-0.006535967520211905,0.07034798436190304,-0.1647955298079976,0.19429676850478142,0.01833797759712269,-0.014292852863396543,0.08409517125399146
2002-03-31,-0.0019735426737063078,0.018917105389371698,0.00047855526879125865,0.0009757930016042193,0.057577943538911935,-0.01698380218096507,0.09157794689035095,-0.009282030420081688,0.007311781979362997,0.1195619009380085,-0.14788507649662852,0.21114280727623838,0.026682590354029423,0.02420597869934704,0.13425372129457874
2002-06-30,-0.01956927581851242,0.011235116330281264,0.0003768132410960634,0.0010709704570166512,0.0680959209885067,-0.07263360404998198,0.05845581690810628,-0.0032305554824029192,0.009830261748123736,0.12063889807951467,-0.18929097949189289,0.15423586697997824,0.01934276800820245,0.05410864520266401,0.13347009911394492
2002-09-30,-0.029050938178878938,-0.012575288756073402,-0.006788581840943886,0.0006989320152001044,-0.019455683049003802,-0.11948115966941286,-0.01391837305294992,-0.02739095213699083,0.006306286010184792,0.011214792643787774,-0.24689158772912434,0.041883362886130635,-0.030788726032218383,0.04213208470773955,0.019921684978067233
2002-12-31,0.014638946981590295,-0.008144535801612923,-0.010056364247485239,-0.0009877128520205947,-0.027776721198227272,0.001975711458830909,-0.036535076789879856,-0.05187427409990353,-0.008429376209225126,-0.019318781281103203,-0.0683812395012241,-0.0249747898184752,-0.09249561966158037,-0.027137758868768236,-0.015430972422199152
2003-03-31,0.00018039699119754005,-0.002662761319865023,-0.013146542537004646,-0.00010433622857386471,-0.04945082198589523,-0.0048502803445140685,-0.028299405023161958,-0.06823841021973298,-0.002024253317603919,-0.0561324511392024,-0.04146056010636423,-0.03785081835505809,-0.13441104006600135,-0.020360285514429366,-0.05560450572777509
2003-06-30,0.02565177356346371,0.010095240968877484,-0.0037388031582374914,-0.001230901941183693,-0.04278381131485476,0.08456426652610138,0.002925521018478927,-0.040557500161260585,-0.011067395011781889,-0.06372907808768502,0.12292517317027973,-0.019715550145636473,-0.11190156450287558,-0.05880859609051248,-0.06689569756056624
2003-09-30,0.00938042060573474,0.015269293542278267,-0.004985513290873711,-0.0007849171764195972,-0.021020969475749718,0.05651973686658385,0.03517086867470423,-0.0401482329857864,-0.007984424891773534,-0.04108061366396787,0.11543329275525849,0.02766033357801337,-0.11215223539333763,-0.05852147641495231,-0.04457514470125479
2003-12-31,0.014936762627335454,0.004805838578178068,0.0008779689212490283,-0.00025468931242655923,-0.001388377554155773,0.07525390917181596,0.024822611625586688,-0.013485079831153435,-0.0028466454063639235,-0.017419686331593964,0.16050770001468162,0.02657130682778458,-0.07032539977101937,-0.03284602274678483,-0.020689474724892576
2004-03-31,0.005284910207273064,0.0020840439244964593,0.0002125484226331853,-1.2343136098547092e-05,-0.019503380267430814,0.04923631546196161,0.009609064733273054,-0.002238407249608221,-0.0003051522159760456,-0.042119752424434,0.1528520538422481,0.0007583581998246158,-0.041928990163030866,-0.010445104367908353,-0.047427683803915266
2004-06-30,0.00380011552292292,-0.0041237263120094125,-0.0064015153825504045,0.0002483635049599364,-0.061321844048158325,0.032405693065712726,-0.017782864330526116,-0.0241238351193257,0.0019747513569590147,-0.09826763836472219,0.1404010479907002,-0.047032621898879357,-0.0651440928705288,0.006529584774974673,-0.1068704058818607
2004-09-30,-0.004426762227240699,-0.0063150763603894156,0.0003714569317136984,0.00030849869417903797,-0.08236735967089703,-0.0012931916903824447,-0.02749394719716247,-0.0032211134451753942,0.0029256763169600575,-0.13003909454874696,0.08036791855500636,-0.06535235724989108,-0.030828649812143727,0.017471320116601352,-0.14086533383178146
2004-12-31,0.010102048561412724,0.001902940719583468,-0.00017551496314793802,-0.00018152773773938424,-0.06387676931808617,0.039198043361795554,-0.012704439079526508,-0.001312198406654419,-0.0015274004165306554,-0.12250373412501325,0.13116679077306137,-0.059020538659238786,-0.02065731005908078,-0.0019708575931327577,-0.1366248921528288
2005-03-31,-0.002092987825207504,-0.005197060985489554,0.0030114260198301768,0.0001629847899288217,-0.05633056574140005,0.0005997641736869008,-0.02529477489635068,0.008148734690265114,0.00113277380841581,-0.11453093718456586,0.0664628197753393,-0.07064398332702215,-0.0013435836629021036,0.0029988872923962795,-0.1292904070382025
2005-06-30,0.0022082494635132788,-0.0009234687781877748,0.001976862762764431,2.159896153386409e-05,-0.05306822326684013,0.0073657657482671945,-0.020604446066715798,0.00893789026151437,3.7640509266689826e-05,-0.1195530548056708,0.06364943121901889,-0.07646868313111116,0.008841439329859146,0.00018689018271622615,-0.13777494037728732
2005-09-30,0.0046493465394334965,0.0014324980468062298,0.0008862242815202981,-0.00033185950391656505,-0.04898658999417049,0.01414644598302739,-0.008861923199596111,-9.354052699184212e-05,-0.003336404539906024,-0.11337594675376417,0.06009647946743546,-0.05416474197351828,-0.005108044253515964,-0.021183560695972492,-0.13221809157610565
2005-12-31,0.0019271578631561148,-0.0022960660309840897,0.0007999253826157515,-0.00016587754801167254,-0.04124591259645305,0.006729167903556599,-0.015740458981738092,-0.0019980136291283257,-0.0018850032221091606,-0.10091693465113982,0.0360867150196702,-0.05527238128877637,-0.012411832924377975,-0.017123171387884883,-0.11943911901701565
2006-03-31,0.005266588803162886,0.01202676416973053,0.0010292569727640144,-0.00028872060792817233,-0.025362130428599694,0.014926939817335505,0.03354424073323248,-0.006168582000038891,-0.003104412695076997,-0.06736542624457431,0.03497965718949425,0.032610707367454195,-0.02563440692825958,-0.026393501415112874,-0.08104123806147168
2006-06-30,-0.00022630053435990227,-0.004168496837004154,0.0047896620107236165,8.162363783270621e-05,-0.0133381226705368,-0.006792059205096956,-0.009292082020835923,0.009747842778561,0.0001767103730831998,-0.03951324215833052,-0.006456511237107998,-0.01107835514620431,-0.0008661586791262055,-0.009234219410301558,-0.04842728100351967
2006-09-30,0.0033916603244783516,-0.007091702227724761,0.0020216341718023445,-8.241550250953633e-05,0.01378415091859475,0.005589601601747152,-0.030421281562398983,0.004619149936176847,-0.0009873887088899247,0.006196734879084342,-0.00037995081215580484,-0.041624206114741824,-0.003458744036450745,-0.009635670534599461,0.0026333261386488616
2006-12-31,0.0068181569738610115,0.002005634018644231,0.0026550190981355914,-0.0002644826414841539,0.009966407596485816,0.019111088468563686,-0.0028516472219771716,0.0008733014593824695,-0.0028888702488468754,0.02049788022693022,0.015192425971992662,0.002789326186181218,-0.011708839765783852,-0.02334553089197655,0.023319557356437315
2007-03-31,0.003228922922288824,0.002538721832450519,-0.0010964038673509924,-0.00018339450473925378,-0.008151338714929013,0.0063226319493900895,0.0036775825496990766,-0.016318061895319036,-0.0022359459239952306,0.007940735945905386,-0.001078517096003484,0.016617467626844018,-0.04130875462307004,-0.02153181277017535,0.013921764524188474
2007-06-30,0.0067092900551546375,-0.0006763496672971825,-0.0025248693486148444,-1.9440576363272122e-05,-0.013990062250113122,0.01775887738527726,-0.004892927483717557,-0.02626443574876558,-0.0007010407170895405,0.0029023687596622105,0.01766382475075834,0.007040010297097277,-0.06482962815277049,-0.01206142105286423,0.010409772995582878
2007-09-30,0.00015960925635383205,-0.008116074909125692,-0.004382102156071932,-0.00018906803264151506,-0.02640222089664046,1.2638878208903748e-05,-0.03141582143367694,-0.03272384553426533,-0.0018599802958733092,-0.014691992714935487,-0.011285089114399405,-0.032503050236530995,-0.0857672004285408,-0.013408191620381427,-0.007394495324979711
2007-12-31,-0.00828348463672679,-0.004466910987036943,0.003411315614574084,-9.831304806251495e-06,0.021724480762949527,-0.03502252944980899,-0.01685593497166149,0.005669525804334219,0.00011630326800027291,0.04639496573866775,-0.10298452729936303,-0.00267660286012239,-0.030098255595941703,0.0007750172510522235,0.05735264905506621
2008-03-31,-0.011912584621593725,-0.0016095959482336775,0.0076388465443800735,6.083814876656213e-05,0.05242800960331362,-0.059200292883293315,-0.0020756680542828865,0.036206452675718315,0.0007959137903907898,0.09610133740378757,-0.17755402915579355,0.026010906086743668,0.045181697654643416,0.0071611891959836305,0.11208421735528118
2008-06-30,-0.005837981178655971,0.0016584905509452463,0.000977975294921496,0.00020674797834430159,0.03782109130508593,-0.034656487416176995,0.014173015078995821,0.014495944278704265,0.0022006088004271618,0.0878030630207075,-0.1547467988966713,0.056687308355023,0.033092247999098046,0.01702077146865999,0.10691922652315189
2008-09-30,-0.00584310435506219,0.0054751917626619795,0.007604114101372628,5.027264740642412e-05,0.04662366657424133,-0.03447713818438536,0.026504965673538328,0.0456588704376274,0.0006455426980463974,0.09948214091868468,-0.1469489432965736,0.07163500086896812,0.107101479196552,0.009092886227837993,0.11961688099445611
2008-12-31,-0.019977918911041614,-0.003338616459850452,0.005707620013983727,-4.1767276785398266e-05,0.08162606317570265,-0.08459851787568984,0.019074552120810773,0.02890881583773186,0.00011022806029759025,0.17282003000593749,-0.26623050273347304,0.11693697226911415,0.07441769449542146,0.002801191003665271,0.2101250814003306
2009-03-31,-0.005553226227332897,-0.0009273804256689222,-0.0012847335332571985,-0.00020524065047700102,0.021090198895637013,-0.043022340160410066,0.013152551945448288,-0.013650266717167514,-0.001962071956594147,0.12169128391249984,-0.22015578227074128,0.13122291643141348,-0.038051531740980304,-0.015012011826081362,0.1793875311187444
2009-06-30,0.010118173851977663,0.00517620445731376,0.0028633233549228976,-0.00019434437319032494,0.009735590739893052,0.04113438886247356,0.026356462999633345,0.009216730929976436,-0.0017339476159510259,0.08009404474983839,-0.028954011910887534,0.11329865078035761,0.004984817971788402,-0.011621628053405497,0.1276337569335355
2009-09-30,0.007556508446675436,0.0009593530052268151,0.004750421543702421,-0.00015320356042280991,0.04366358195800546,0.05602742437361041,0.012984310791282205,0.033143050470185065,-0.0013987346889781094,0.10379222568780466,0.08044980979863492,0.06947587962265395,0.08249969727210682,-0.008989794717041089,0.13978578453182722
2009-12-31,0.0044059883994327365,-0.0045421641771599686,-0.004430615288011253,0.00014188926389779866,0.009030360836499551,0.03415411449463235,-0.014522722932723553,-0.013708066019239573,0.0011961035361705008,0.06074644312036093,0.08437963102266155,0.016594839550386598,0.004601739848804187,0.005576740261382218,0.09351335370846814
2010-03-31,0.0034870643947999547,0.00016651184498783778,0.0010007646285408178,-0.00015776958938562569,0.01993949895727798,0.025946936143482202,-0.00454360808660681,0.0035154208138812315,-0.0014686737762470425,0.06942893000570882,0.09138065160019526,0.012508170447901645,0.023338386372703912,-0.00787323204619883,0.09986535135658758
2010-06-30,-0.008063142706822624,-0.0006889041034803811,-0.004913697215723656,-1.8226552266353835e-06,0.004069796199276721,-0.03587933003949717,-0.006025240003364574,-0.023380558283440878,-0.00010128751748161857,0.045356460970205625,-0.02627837874650829,-0.0020476021368398545,-0.032445424524899846,-0.0017379964627040057,0.07257884890666955
2010-09-30,0.006894732913748203,-0.001563137163139161,-0.0035986870330244614,-7.46162510025794e-05,0.002343802226562719,0.023697693846795098,-0.009070547973260124,-0.026994062480310443,-0.0007535160755827164,0.039720874320747335,0.05111083485942258,-0.00873540567518194,-0.06946793818698005,-0.005378922844679557,0.06809524268069911
2010-12-31,0.0074304158873164106,0.0029237583852060323,-0.0012938077178995533,-0.0001500413714273785,0.01836199693291196,0.03762958277004902,0.007539027465386927,-0.015413848157974086,-0.0015542927369419646,0.05833966084859432,0.09939608973038627,0.013320402474731097,-0.06306740162647839,-0.01145495783835726,0.08751586601821149
2011-03-31,0.0021925449731057256,-0.00092485806702991,-0.0022135656413991844,-7.360928712163428e-05,0.012124236445517855,0.020341731959594656,-0.003126049146992327,-0.013875240869767658,-0.0007644634675021411,0.0476065681466773,0.09494300853849391,-0.00904474190690474,-0.05483241397458272,-0.006631569932720849,0.07358018762010188
2011-06-30,-0.00150388695061765,-0.0037216530168868167,-0.004210961101478894,0.0001276974427752986,-0.018912293525858326,-0.0028671025430482278,-0.01798522098445038,-0.024403058229903074,0.0011754392417996362,-0.00243973123403185,0.04974894522852358,-0.04397100786711222,-0.07532031953596263,0.007101505915249939,0.01674844197201475
2011-09-30,-0.008780931964889493,-0.008802865774091728,-0.0034766136548852744,0.00019023283903107924,-0.02678504271598614,-0.05243032701572625,-0.045523127373143124,-0.026369390289519345,0.0017661097293781847,-0.02370316257587879,-0.084341260574609,-0.09929400832825186,-0.0955247195991965,0.012770964978151556,-0.007596944485656065
2011-12-31,0.006769688037595811,0.0006930144713528374,0.0006577963033388423,-6.501885224952098e-05,-0.002995994450728734,0.017534614388263314,-0.011870794230201875,-0.006481937890459366,-0.0006772219294157722,0.0017786814784748195,0.012347366040638574,-0.05461177739158396,-0.06651703729155212,-0.0029726490318797705,0.018494016268039593
2012-03-31,0.0057730696858051544,-0.0013472265498314928,0.00041471654448577144,-0.00016644501637674836,-0.0063274575850685855,0.035647755383405366,-0.010678142536577007,-0.00026186244014059223,-0.0016130960662756877,-0.009819878145489569,0.08445313195697168,-0.05619069615521283,-0.036512868651123465,-0.01098635820760352,-0.00012362831805423635
2012-06-30,-0.002204633666001987,-0.0010025648441009394,-0.000870624479169968,7.089988050212881e-06,0.011304410710836765,-0.005197813602978663,-0.00842194424262005,-0.005769433582499928,-2.495060085272449e-05,0.012671717070883104,0.0253358743920995,-0.051248285674800276,-0.035014494633966886,-0.0020330294333463783,0.020381798299667353
2012-09-30,0.004867155078487562,-0.0018176537055969444,0.001992717380507436,-0.00014693234830231994,0.00288251497459846,0.018316806258290574,-0.011501578271838231,0.004922169739647764,-0.0015310406749353689,0.012588315022970309,0.048881302866040865,-0.03883828035659226,-0.018835843753039594,-0.01198675589217979,0.025945992167654475
2012-12-31,-0.0006126634573888623,0.00011224016510102963,0.002248672971327359,-0.0001345316910643657,0.01734460205025068,-0.003367876442532003,-0.004145554680687558,0.013458991157161648,-0.001401354543412614,0.03053773992073683,0.021876894599455188,-0.03371738630139687,0.020669701625804837,-0.011687659865561528,0.04172323556015012
2013-03-31,0.005954342970879045,0.0003103480353667809,0.00034896173277720877,-0.00013936637934341967,0.019798784657380386,0.025952972304218447,-0.0010782628351659884,0.0025965254209863176,-0.0014674827696199433,0.04216537621152616,0.07157510098809827,-0.018633387617950414,0.007335977559115303,-0.012546123328139314,0.057193588353677605
2013-06-30,0.001357486766032423,0.00015964161050080472,0.0005710507164838896,-0.00010207467647582735,-0.00021677963776400855,0.008707520307537076,-0.0008019100674371282,0.003466048204972094,-0.0010853596289589484,0.016346716617074653,0.05271675513193519,-0.01598586758367515,0.01344600770672344,-0.009747462035606835,0.029369090693456612
2013-09-30,0.0027932495180573724,0.0024226975901594505,-0.002483468486195184,-7.639879800158678e-05,-0.022392914537264663,0.014187052032140546,0.009948930867725747,-0.01361547246781769,-0.0008078701994695958,-0.02112304848059876,0.06177068194185309,0.007456925549600424,-0.02363971241886298,-0.0072955269457972705,-0.013268776988529685
2013-12-31,0.0037103490339642775,-0.001702135404982763,-0.0007375970508671781,4.382623321841361e-05,-0.012230326646715417,0.023193121855862975,-0.005854327419331229,-0.005674819011020071,0.0003859113574841144,-0.01974555036478476,0.0888409822417251,-0.01753199331759303,-0.014899732855074843,0.0017001653808962347,-0.01749063771646342
2014-03-31,0.0010811860344996926,-0.0015727371784463595,0.00010722610118474307,-0.00010634033412104671,-0.015826884418760456,0.007635194921383537,-0.009792247475106819,-0.0009764712687490018,-0.0010503138640676202,-0.026938934619355925,0.052483177579977,-0.02219029006269163,-0.010097838087632205,-0.00730638566880093,-0.02652280877123625
2014-06-30,0.0014156245549239443,-0.0036319096068662127,-0.001009213331641945,1.0413266574582636e-05,-0.025383931455647213,0.007116008067714397,-0.020994636825357293,-0.005373132196391239,4.0838530538045426e-05,-0.047933467777090843,0.04553745039906154,-0.050699228113267436,-0.016167329703670408,-0.0008617403058510664,-0.053869822704585735
2014-09-30,-0.0007376234785387847,-0.007127003619077199,-0.002104764881461385,1.3348774871912994e-05,-0.02349986238456203,-0.005366555251226313,-0.041051473454651266,-0.012791794835106174,9.569477296900164e-05,-0.054905817760662834,0.013297378458619669,-0.10360378713493529,-0.0348097619143255,0.0005487694316494984,-0.06778742468449639
2014-12-31,0.002697012049858616,0.0016107519969831285,-0.001945310572469161,-4.7239635456608475e-05,-0.013941255403550512,0.009737183316071096,-0.004805347990084141,-0.015404855677271012,-0.0005077034857505769,-0.04118670694049764,0.025091601765755867,-0.04514003670999911,-0.0545499818947075,-0.0038907703858830356,-0.053816076493913734
2015-03-31,0.0029387032173877614,0.0009783847486010688,-0.0019091645822106873,-5.363620110221401e-05,-0.033711576222839046,0.011386472278886117,0.0036777790601145166,-0.018326676907544526,-0.0006227791384840753,-0.06047224359373504,0.011924086540936463,0.007551834174966576,-0.08318112999411675,-0.005987963421781761,-0.066620796482743
2015-06-30,0.0009661794897992682,-0.00026650053254451134,-7.594068118499386e-05,-9.074349944970805e-05,-0.03404405937085664,0.0022921504513979674,0.00010226077164299241,-0.006328079478685522,-0.0009478496901539346,-0.06560940971212981,-0.0046586616159620675,0.015131638223760402,-0.05665105776347512,-0.007744061875074371,-0.07300403628231478
2015-09-30,-0.005442939319840079,-0.006265242220651834,-0.0019402897637852412,5.6147212603940844e-05,-0.034189876325731894,-0.03257663150254353,-0.03152654919608677,-0.01161803309001197,0.0004989560822199479,-0.0796784956864437,-0.0686603369200307,-0.06151686292984937,-0.05164920505459847,0.002579282861562282,-0.09802900895429623
2015-12-31,0.0027697341480668047,-0.00320724043379772,-0.00131301592029065,-7.905763016047285e-05,-0.020035340493462117,0.006270527745366294,-0.021569991036369307,-0.011699350161997413,-0.0007994953421164297,-0.055389456512209945,-0.01715389791240929,-0.04179182863300418,-0.05614841418529004,-0.005872636520963814,-0.0695053551758058
2016-03-31,0.000323571011855206,-0.0024241985616024753,0.0017030207853691026,0.00015044644561545972,0.014196619512146458,0.0021224273761992762,-0.015309220008359159,0.005502670959744216,0.0013630649970628461,0.0014384736135796272,-0.01447934732111289,-0.028436277054244286,-0.017354563201085305,0.007793679631053596,-0.005678300041918161
2016-06-30,0.000773101191774872,0.0003211773915896554,1.1591364779017788e-05,-0.00012195083158461628,0.009531640011350095,0.00216558976393344,-0.003495293690638057,4.2525504041157625e-05,-0.0011688772664386615,0.0044484859763802564,-0.004242356106623157,-0.015086698692893252,-0.0135294146687569,-0.006784290829830342,-0.001669354669073586
2016-09-30,0.0010982152824805524,0.004354627413143797,-0.0004385583120402048,-0.00010184843648985975,-0.008468812359077704,0.002948021962931646,0.01688508865819588,-0.0030865395069940016,-0.0010334388644939185,-0.02622625488905994,0.011112856025916606,0.00956138805156076,-0.012554185346771995,-0.008008360663674274,-0.041126235475202444
2016-12-31,0.0019081697930132258,0.002565387811680142,0.007641012018039017,-1.646956728329485e-06,0.013564608531344446,0.010033739371333006,0.017645872943858165,0.04213837401758136,-8.359196435758776e-05,0.009783284963236327,0.028398518662050565,0.035209375414108346,0.09257681186117184,-0.002044773552859702,-0.0006800557709262245
2017-03-31,0.001631995335140246,-0.002692612377478698,-0.0033484648764463554,-1.3329570680342684e-05,-0.01562297738314189,0.010966827422929093,-0.008222808097128498,-0.0116455733982741,-0.00013154973258555636,-0.03295949503036011,0.0420251228758568,-0.010700203205881942,0.005134175718885858,-0.0010326010457617496,-0.05038788280872197
2017-06-30,0.0010143393128774214,-0.0007463524192775628,-0.002193118387817883,-3.139209405000898e-05,-0.027083985133408928,0.00615421948035455,-0.00511461686289838,-0.015977522807162803,-0.00034520090693757055,-0.05324338889965363,0.03402318238376156,-0.007448152807012387,-0.027519461992062233,-0.0027136961665750192,-0.073425988837299
2017-09-30,0.001982755855360452,0.0006144613827639978,0.0001226641481134605,-0.00010376501992181986,-0.021804212959241842,0.008084037323295101,0.001766147469945245,-0.003934302176083926,-0.0010785824296246638,-0.0495880991740999,0.036493563670759066,0.008391889928845153,-0.015750168431949096,-0.008338007077305587,-0.07001747770873856
2017-12-31,0.002271771199698014,-0.0025428577617643833,-0.0003110088191132787,9.46427974750641e-05,-0.022797324478821324,0.009953865699960707,-0.013150876191019845,-0.004336568690344378,0.0008126975256490532,-0.060732169964710536,0.04634092917975763,-0.02614111159807231,-0.015728300683450658,0.004387004494839752,-0.08926430057242651
2018-03-31,-0.0010695664713513686,0.00026059877627560013,-0.0013753006224443975,-4.518129944419691e-05,-0.03117841278166733,-0.008826421985383304,-0.004062622210358413,-0.010922790923198145,-0.00046967327442715145,-0.08543379045347888,0.007331267359607319,-0.025063532161457458,-0.03214318237728375,-0.002677022563048359,-0.12757044684297014
2018-06-30,0.0006475886604144776,0.004303177423791105,-0.0015785422313717712,-0.00012998247348527947,-0.015157040270575628,0.0006371087702579104,0.019441751487470127,-0.014051370964194398,-0.0012766446794238995,-0.07077337343286083,0.015296781446994867,0.022073554270153617,-0.04877227276339735,-0.009415652975690136,-0.12231554568814651
2018-09-30,0.002140005433889147,-0.0023602041637881266,-0.0019029075679900531,1.3005643127117494e-05,-0.013149585142619546,0.009692689972052193,-0.007143906960817015,-0.01639789829293481,5.304063539024462e-05,-0.06731637520532963,0.03622976351724594,-0.01545758386959406,-0.06175813494990934,-0.0010020293083143894,-0.12663596231025842
2018-12-31,-0.00714436329849244,-0.0055525286763922765,0.00040465288718782855,-2.1089049670131033e-05,0.010220437206449384,-0.04663380146080076,-0.030153069717057446,-0.0021776876296045744,-0.0002765518430767333,-0.024651820919273093,-0.09544977818401756,-0.06795529707775971,-0.03079891129034318,-0.002373991133508113,-0.08110483779655264
2019-03-31,0.004757423011639839,0.0003009395765206091,-0.0020667676805953272,-5.556004397355707e-05,-0.01601645978774291,0.016052843896619207,-0.0032163860190261295,-0.01562323745002081,-0.0006414453483398752,-0.03502592522046499,0.00944830490673687,-0.01075110155212583,-0.05903330614899416,-0.005788771803462378,-0.0696475174456811
2019-06-30,0.0013616026012384097,-0.001079171538854229,-0.0006158206533303234,1.1076533341425332e-05,-0.015797347781390747,0.0033154404322521813,-0.008788742137162464,-0.008781139692008444,7.300084179595601e-06,-0.0437862044490257,0.00794769977978449,-0.03078797979789777,-0.04445848086796944,-0.0008533217798174508,-0.08523181841237559
2019-09-30,-8.912907933211756e-05,-0.002776159313697679,0.0010141445328639698,1.1175785632921986e-05,0.004434771549766348,-0.007175504215990447,-0.01608729347876381,0.0023194710509790717,-9.585408953682872e-06,-0.007738421935796991,-0.011489644074344163,-0.042182565956718765,-0.012831205889260566,-0.0006643773084191729,-0.037591108212009505
2019-12-31,0.0033209325940211087,0.0016069195369061706,-0.000688738995891891,-6.374461757174821e-05,-0.0052184611014118865,0.010691799508849353,0.002841063936050492,-0.005924268312856251,-0.0007145154448287006,-0.015477171847080085,0.027174369851927782,-0.01228907936575302,-0.020438395910083618,-0.0055273140659721776,-0.04120733199676341
2020-03-31,-0.009579348988242753,-0.007892995091127536,-0.00925942402970642,-0.00013438618683303538,-0.02066514888132509,-0.06111135212120855,-0.0396067808843652,-0.06048443404140641,-0.0013708087448129902,-0.04037066576834669,-0.13674372624836284,-0.09191672318501104,-0.15948077883344142,-0.0108295655217312,-0.06750475211941376
2020-06-30,0.00412502065815934,0.0015717346796172704,-0.0006996971004144537,-2.158316001832361e-05,-0.013326902313354205,0.025544384336756654,0.009776348130271006,-0.015025975178851236,-0.00025302331255794286,-0.011497199824473614,0.04619880841232593,0.03681333551424093,-0.09798603083424279,-0.0034198008665831114,-0.0014848036040816526
2020-09-30,0.004820564178837916,-0.0013488006856073598,-0.0029182032477120395,5.663629837315831e-05,-0.023041736902168597,0.026028763758870976,-0.008408409873118389,-0.025190238751551977,0.00047531940238298986,-0.04161054357682814,0.06789659289146766,-0.015747148202868294,-0.1105253538359628,0.002997337530521005,-0.049042460060969906
2020-12-31,0.005802893622201655,0.011050022076216859,0.0016696491542623135,-0.00015133989539628523,-0.010347512113626611,0.03341325398090289,0.052179742989868216,0.004094090708281421,-0.0015231318029897967,-0.02820580432344677,0.10917431858315663,0.10041847267798937,-0.036191073633162714,-0.010705923985861121,-0.03638307236937566
2021-03-31,0.0025447770339712683,0.007559972538404236,0.006286618943066563,4.11748665654077e-05,0.021055408830410127,0.015520796371458534,0.049011892937771306,0.03778036607267296,0.0003122647375386478,0.016913394627868228,0.08380378222100004,0.12702257986947785,0.07591736647533895,0.0008917347794994424,0.006148254232746786
2021-06-30,0.002966786832022006,-0.0008860511493234968,-0.0012878526052829686,4.2002787459471946e-05,0.0004162393852723545,0.016118732965891613,0.004086834716328758,-0.003370465930729094,0.0003974335370482418,-0.01055439549793391,0.07738739894106628,0.047610074737181374,0.014098784035263878,0.0032660585592398927,-0.03430699107182289
2021-09-30,-0.00038218836297865266,-0.002654087431738672,0.0003513361619089661,5.060008323720666e-05,-0.006586531966213061,-0.004349695964731115,-0.014689879898703795,0.0009438751026979997,0.0004594477819157561,-0.02123689529041617,0.022597753926982378,-0.008906851824374062,0.015246802921462299,0.0038891920731969343,-0.04985233480463869
2021-12-31,0.0024051260869648594,-0.003469466677159194,0.00022740054578809787,0.00026384015629754565,0.012140580750352625,0.009226350303110475,-0.02272486351696057,0.002107283455994119,0.00249395128635288,0.01214369591988751,0.039710884135025104,-0.04371682936844534,0.0189358568530498,0.019032745596950784,-0.0079677395305634
2022-03-31,-0.002587977099305583,-0.0023726842228043443,0.003975944895121597,-7.622526060968582e-05,0.06326725658841559,-0.018841624485807618,-0.01915910532478482,0.02662690319697153,-0.0007362501268377564,0.10740030886992691,-0.030098375411991007,-0.05453453123751062,0.0850393838191677,-0.0031351027312067625,0.10878550473261028
2022-06-30,-0.005754158554375444,0.000968549686255149,0.0012516962036409618,0.00010207463247402515,0.03542763049937003,-0.045581358820783624,-0.004738717259919034,0.010202460841200911,0.0009833601125479596,0.08328890363011177,-0.14285352414432184,-0.05446153297249112,0.05741591388614842,0.007362263251346146,0.08334091743803984
2022-09-30,-0.0020233894043255596,0.0012076984849830885,-0.002091197840208059,-0.00011364449229223084,-0.020567309499585407,-0.025555905463635398,0.003591183615270055,-0.011491659778359642,-0.001113731888380709,0.0015512150396382873,-0.125154209354716,-0.02663273260791127,-0.0017827098426861365,-0.007698109465881231,0.002413772266089742
2022-12-31,0.00015051606439620002,-0.000710449210212738,0.0029492192823308283,0.00016705506570890982,0.050175874939399345,-0.009635233111293218,-0.001337162235777234,0.02075927200900929,0.0014884194827509134,0.11856148684737267,-0.07361731364063973,-0.008168545765565416,0.07912121787887538,0.010021050858725955,0.15568949473676763
2023-03-31,0.001498049412067104,-0.0006769677269901075,-0.004672385903053078,-7.790686615161135e-06,-0.018315241250881353,-0.00023507646833964557,-0.0038289908979894927,-0.02641096234158513,-0.00016644749878591547,0.029561206402029194,-0.03186192153457634,-0.0074939080308709105,-0.029234735437455805,-0.0004923322925580731,0.07758802250331698
2023-06-30,0.002139773388925459,-0.00012664520297434034,-0.0028894941360574355,3.2405522761180805e-05,-0.03933104565934864,0.004886565932966658,-0.002147520213533094,-0.02385090268021839,0.00018808418965066132,-0.024751327639143672,-0.00035075224342673295,-0.004100865897131933,-0.05845820649493938,0.0008897341198099706,0.021533545155495215
2023-09-30,-0.0019129101203350096,-0.00043694556239359805,0.0013798744165359755,6.278288469374615e-05,-0.03153605136062443,-0.0202920254398693,-0.00343897599860038,0.004030924564931815,0.0004756801508256636,-0.036939501023514065,-0.050079665781102456,-0.0056995203901034075,-0.0011066113225991492,0.003152264187166409,0.0050605138698346375
2023-12-31,0.003872261675048172,0.0025632143619610526,0.0016849723790662852,-9.964874678658475e-05,-0.024214522195173394,0.01336675218587402,0.010386973685517387,0.008668907562343287,-0.0010324470236580119,-0.050811866345883305,0.014416815737851252,0.012095069862878838,0.020870877630030926,-0.007825704981760051,-0.027588762993063676
2024-03-31,0.001981503398228668,-0.0032207201073605474,-0.0002781855619137241,-3.1620516153463285e-05,-0.019073572147613516,0.006763411748201165,-0.014853148892204932,0.000826370120985298,-0.00045363654780139484,-0.039900677563482145,0.028925534620555915,-0.021528988306583424,0.02067686219915099,-0.004862042689654622,-0.012852260801288984
2024-06-30,0.0008782553420370043,-0.00263269831026125,-0.0018776695397501042,7.255507277115214e-05,-0.035289358872163334,-0.0007578392186142757,-0.01922533464489995,-0.014047300395388596,0.0006037320330707363,-0.0761193800550285,0.010778307820013211,-0.05030535385521995,-0.024423998785631063,0.0036596970242499527,-0.06599926977441728
2024-09-30,0.001118843939973413,0.00270932400536969,0.0003439582747375436,-2.909760172808973e-07,-0.013798457757653537,-0.00039098434626394507,0.009193155150641064,-0.0006300528357503499,-9.450052741422077e-05,-0.04919667995509258,0.009501206932144513,0.001619221614256261,-0.0015966100624742463,-0.0006505436894874705,-0.044156750514194765
2024-12-31,-4.380423545580214e-05,0.0008993507894118069,-0.0004241878765299245,-6.188954134711544e-05,-0.01490499360476949,-0.007922106984646682,0.006876378090046625,-0.002416429697941258,-0.0007110412963680091,-0.04225892249300689,-0.008390043958593996,0.016548868172249626,0.001677517489931002,-0.005873056821290579,-0.03673994852906648
2025-03-31,-0.0026248744781613986,-0.003681170382094756,0.0025668376077809807,-4.09824660474456e-06,-0.012389679596314207,-0.023914450973374635,-0.01878777845863583,0.016624408235273114,-0.00011928620023482495,-0.03806349325672176,-0.06164348444084444,-0.033855991816036934,0.052051683491503686,-0.0018484111446219753,-0.03717966790480165
2025-06-30,0.0026628694784402995,-0.0011455723645570903,-0.0025979705721551616,-0.00011082827940622764,-0.0022176076741984296,0.007363575079859519,-0.011159555733799592,-0.014057518046467155,-0.0011420291437873598,-0.018751598308826778,0.0002587887749849749,-0.03235104814018788,-0.013323344196657927,-0.009160178851732592,-0.01795132963467483
2025-09-30,0.0019811700995546744,0.0016684167888668805,0.0003600593395415297,-8.051269669584471e-05,-0.01311714931294905,0.008883931593311356,0.005666492154870514,-9.807735622036073e-05,-0.000859669920963313,-0.031540047258108106,0.021652445135789566,-0.00041576909414493823,0.004243659012585277,-0.007824286078180531,-0.03407554324435247
2025-12-31,-0.00015876676965831393,0.00036726594760251585,0.000830302381593484,-9.545908877561793e-05,-0.01986765406323876,-0.004442466928117561,0.0031784955438889234,0.00589502673375214,-0.0010022602992023621,-0.04170373187984244,-0.0005433170818891497,0.006855895143690935,0.02436970529943877,-0.00874923590972343,-0.046689332526927085
2026-03-31,-0.002658322868798635,0.0026749791653250254,0.0028239037256505006,9.595105217918842e-06,0.019985499670602813,-0.02248481646476641,0.015598873474955421,0.020792680554688248,1.7003463835374433e-05,0.024448366346513706,-0.05373846793543091,0.04197439481836257,0.07419191100504857,-0.001020501626542547,0.02896611235539781
2026-06-30,0.004143534419692951,-0.00038930494331523846,-0.0013363931639369109,-0.00019307356893283334,-0.02126413579605735,0.02233313780427837,-0.0019643157950698237,-0.009763924858827433,-0.0018815123025068825,-0.05455894231617442,0.04090388284730606,-0.006833041676690896,-0.0100781851646074,-0.01524517065865072,-0.07612834860635342
